47981,2014-05-18T00:00:00.000+05:30,1243
47987,2014-05-18T00:00:00.000+05:30,2621
47988,2014-05-18T00:00:00.000+05:30,6208
47993,2014-05-18T00:00:00.000+05:30,2315
47994,2014-05-18T00:00:00.000+05:30,1172
47998,2014-05-18T00:00:00.000+05:30,4297
48000,2014-05-18T00:00:00.000+05:30,9352
48002,2014-05-18T00:00:00.000+05:30,12063
48007,2014-05-18T00:00:00.000+05:30,6651
48009,2014-05-18T00:00:00.000+05:30,9734
48010,2014-05-18T00:00:00.000+05:30,555
48011,2014-05-18T00:00:00.000+05:30,7411
48015,2014-05-18T00:00:00.000+05:30,11689
48017,2014-05-18T00:00:00.000+05:30,4561
48021,2014-05-18T00:00:00.000+05:30,1033
48026,2014-05-18T00:00:00.000+05:30,12143
48032,2014-05-18T00:00:00.000+05:30,730
48035,2014-05-18T00:00:00.000+05:30,940
48037,2014-05-18T00:00:00.000+05:30,12187
48038,2014-05-18T00:00:00.000+05:30,727
48046,2014-05-18T00:00:00.000+05:30,4202
48048,2014-05-18T00:00:00.000+05:30,953
48049,2014-05-18T00:00:00.000+05:30,9337
48063,2014-05-18T00:00:00.000+05:30,1280
48068,2014-05-18T00:00:00.000+05:30,10967
48073,2014-05-18T00:00:00.000+05:30,11694
48075,2014-05-18T00:00:00.000+05:30,5272
48078,2014-05-18T00:00:00.000+05:30,11713
48082,2014-05-18T00:00:00.000+05:30,2994
48084,2014-05-18T00:00:00.000+05:30,9069
48086,2014-05-18T00:00:00.000+05:30,621
48087,2014-05-18T00:00:00.000+05:30,9280
48089,2014-05-18T00:00:00.000+05:30,2334
48090,2014-05-18T00:00:00.000+05:30,7634
48093,2014-05-18T00:00:00.000+05:30,2258
48094,2014-05-18T00:00:00.000+05:30,12393
48108,2014-05-19T00:00:00.000+05:30,10503
48111,2014-05-19T00:00:00.000+05:30,3703
48112,2014-05-19T00:00:00.000+05:30,9549
48116,2014-05-19T00:00:00.000+05:30,41
48120,2014-05-19T00:00:00.000+05:30,8183
48122,2014-05-19T00:00:00.000+05:30,1651
48124,2014-05-19T00:00:00.000+05:30,6167
48131,2014-05-19T00:00:00.000+05:30,4857
48133,2014-05-19T00:00:00.000+05:30,152
48136,2014-05-19T00:00:00.000+05:30,6419
48139,2014-05-19T00:00:00.000+05:30,4288
48141,2014-05-19T00:00:00.000+05:30,6477
48149,2014-05-19T00:00:00.000+05:30,8337
48150,2014-05-19T00:00:00.000+05:30,5564
48151,2014-05-19T00:00:00.000+05:30,11389
48155,2014-05-19T00:00:00.000+05:30,6936
48157,2014-05-19T00:00:00.000+05:30,2243
48159,2014-05-19T00:00:00.000+05:30,1771
48167,2014-05-20T00:00:00.000+05:30,3985
48168,2014-05-20T00:00:00.000+05:30,9216
48171,2014-05-20T00:00:00.000+05:30,8595
48172,2014-05-20T00:00:00.000+05:30,2907
48178,2014-05-20T00:00:00.000+05:30,483
48188,2014-05-20T00:00:00.000+05:30,6478
48190,2014-05-20T00:00:00.000+05:30,3960
48192,2014-05-20T00:00:00.000+05:30,1883
48194,2014-05-20T00:00:00.000+05:30,1988
48195,2014-05-20T00:00:00.000+05:30,10448
48204,2014-05-20T00:00:00.000+05:30,3982
48205,2014-05-20T00:00:00.000+05:30,1268
48206,2014-05-20T00:00:00.000+05:30,11767
48211,2014-05-20T00:00:00.000+05:30,9257
48214,2014-05-20T00:00:00.000+05:30,9338
48215,2014-05-20T00:00:00.000+05:30,85
48223,2014-05-20T00:00:00.000+05:30,12094
48225,2014-05-20T00:00:00.000+05:30,10263
48226,2014-05-20T00:00:00.000+05:30,952
48228,2014-05-20T00:00:00.000+05:30,5819
48231,2014-05-20T00:00:00.000+05:30,9150
48232,2014-05-20T00:00:00.000+05:30,2893
48238,2014-05-20T00:00:00.000+05:30,4179
48239,2014-05-20T00:00:00.000+05:30,11250
48241,2014-05-20T00:00:00.000+05:30,681
48242,2014-05-20T00:00:00.000+05:30,6378
48243,2014-05-20T00:00:00.000+05:30,6248
48245,2014-05-20T00:00:00.000+05:30,7400
48248,2014-05-20T00:00:00.000+05:30,8929
48249,2014-05-20T00:00:00.000+05:30,11919
48252,2014-05-20T00:00:00.000+05:30,4772
48254,2014-05-20T00:00:00.000+05:30,2504
48261,2014-05-20T00:00:00.000+05:30,2402
48265,2014-05-20T00:00:00.000+05:30,12242
48266,2014-05-20T00:00:00.000+05:30,9833
48272,2014-05-20T00:00:00.000+05:30,9625
48274,2014-05-20T00:00:00.000+05:30,1977
48276,2014-05-20T00:00:00.000+05:30,9674
48277,2014-05-20T00:00:00.000+05:30,3272
48283,2014-05-20T00:00:00.000+05:30,10180
48284,2014-05-20T00:00:00.000+05:30,4462
48287,2014-05-20T00:00:00.000+05:30,10225
48290,2014-05-20T00:00:00.000+05:30,8033
48299,2014-05-20T00:00:00.000+05:30,11554
48301,2014-05-20T00:00:00.000+05:30,5856
48304,2014-05-20T00:00:00.000+05:30,238
48305,2014-05-20T00:00:00.000+05:30,126
48308,2014-05-20T00:00:00.000+05:30,8584
48309,2014-05-20T00:00:00.000+05:30,9781
48314,2014-05-20T00:00:00.000+05:30,12425
48316,2014-05-20T00:00:00.000+05:30,5443
48317,2014-05-20T00:00:00.000+05:30,10454
48320,2014-05-20T00:00:00.000+05:30,6834
48321,2014-05-20T00:00:00.000+05:30,1223
48322,2014-05-20T00:00:00.000+05:30,6234
48324,2014-05-20T00:00:00.000+05:30,9371
48325,2014-05-20T00:00:00.000+05:30,8608
48330,2014-05-20T00:00:00.000+05:30,9337
48335,2014-05-20T00:00:00.000+05:30,11436
48336,2014-05-20T00:00:00.000+05:30,9994
48338,2014-05-20T00:00:00.000+05:30,11985
48340,2014-05-20T00:00:00.000+05:30,7747
48341,2014-05-20T00:00:00.000+05:30,9833
48342,2014-05-20T00:00:00.000+05:30,9029
48345,2014-05-20T00:00:00.000+05:30,5615
48351,2014-05-21T00:00:00.000+05:30,7017
48354,2014-05-21T00:00:00.000+05:30,9325
48356,2014-05-21T00:00:00.000+05:30,1408
48357,2014-05-21T00:00:00.000+05:30,9107
48359,2014-05-21T00:00:00.000+05:30,7625
48360,2014-05-21T00:00:00.000+05:30,11269
48362,2014-05-21T00:00:00.000+05:30,4662
48363,2014-05-21T00:00:00.000+05:30,8242
48367,2014-05-21T00:00:00.000+05:30,8302
48368,2014-05-21T00:00:00.000+05:30,7538
48369,2014-05-21T00:00:00.000+05:30,4603
48376,2014-05-21T00:00:00.000+05:30,15
48379,2014-05-21T00:00:00.000+05:30,10720
48381,2014-05-21T00:00:00.000+05:30,2060
48384,2014-05-21T00:00:00.000+05:30,5792
48385,2014-05-21T00:00:00.000+05:30,146
48394,2014-05-21T00:00:00.000+05:30,5283
48395,2014-05-21T00:00:00.000+05:30,2722
48397,2014-05-21T00:00:00.000+05:30,8472
48406,2014-05-21T00:00:00.000+05:30,10089
48413,2014-05-21T00:00:00.000+05:30,3754
48414,2014-05-21T00:00:00.000+05:30,6049
48416,2014-05-21T00:00:00.000+05:30,257
48421,2014-05-21T00:00:00.000+05:30,4255
48424,2014-05-21T00:00:00.000+05:30,11650
48429,2014-05-21T00:00:00.000+05:30,6140
48430,2014-05-21T00:00:00.000+05:30,6776
48433,2014-05-21T00:00:00.000+05:30,6622
48437,2014-05-21T00:00:00.000+05:30,8057
48441,2014-05-21T00:00:00.000+05:30,6807
48442,2014-05-21T00:00:00.000+05:30,11450
48443,2014-05-21T00:00:00.000+05:30,10256
48445,2014-05-21T00:00:00.000+05:30,12374
48449,2014-05-21T00:00:00.000+05:30,10236
48450,2014-05-21T00:00:00.000+05:30,10799
48470,2014-05-21T00:00:00.000+05:30,1903
48478,2014-05-21T00:00:00.000+05:30,8555
48479,2014-05-21T00:00:00.000+05:30,497
48481,2014-05-21T00:00:00.000+05:30,6758
48483,2014-05-21T00:00:00.000+05:30,1175
48490,2014-05-21T00:00:00.000+05:30,3128
48491,2014-05-21T00:00:00.000+05:30,9599
48494,2014-05-21T00:00:00.000+05:30,1917
48495,2014-05-21T00:00:00.000+05:30,607
48496,2014-05-21T00:00:00.000+05:30,11846
48497,2014-05-21T00:00:00.000+05:30,6920
48508,2014-05-21T00:00:00.000+05:30,1413
48509,2014-05-21T00:00:00.000+05:30,2633
48514,2014-05-21T00:00:00.000+05:30,10606
48517,2014-05-21T00:00:00.000+05:30,8138
48518,2014-05-21T00:00:00.000+05:30,5937
48526,2014-05-21T00:00:00.000+05:30,7435
48532,2014-05-21T00:00:00.000+05:30,5102
48533,2014-05-21T00:00:00.000+05:30,11160
48535,2014-05-21T00:00:00.000+05:30,9337
48539,2014-05-22T00:00:00.000+05:30,10407
48545,2014-05-22T00:00:00.000+05:30,2443
48546,2014-05-22T00:00:00.000+05:30,8142
48548,2014-05-22T00:00:00.000+05:30,7696
48549,2014-05-22T00:00:00.000+05:30,472
48551,2014-05-22T00:00:00.000+05:30,2780
48554,2014-05-22T00:00:00.000+05:30,1716
48559,2014-05-22T00:00:00.000+05:30,9670
48564,2014-05-22T00:00:00.000+05:30,4531
48565,2014-05-22T00:00:00.000+05:30,3441
48566,2014-05-22T00:00:00.000+05:30,7636
48567,2014-05-22T00:00:00.000+05:30,10272
48568,2014-05-22T00:00:00.000+05:30,8661
48571,2014-05-22T00:00:00.000+05:30,4272
48573,2014-05-22T00:00:00.000+05:30,11163
48575,2014-05-22T00:00:00.000+05:30,1480
48577,2014-05-22T00:00:00.000+05:30,3637
48580,2014-05-22T00:00:00.000+05:30,5583
48581,2014-05-22T00:00:00.000+05:30,12058
48592,2014-05-22T00:00:00.000+05:30,8597
48593,2014-05-22T00:00:00.000+05:30,11659
48598,2014-05-22T00:00:00.000+05:30,6429
48600,2014-05-22T00:00:00.000+05:30,11514
48601,2014-05-22T00:00:00.000+05:30,9231
48602,2014-05-23T00:00:00.000+05:30,1082
48603,2014-05-23T00:00:00.000+05:30,8718
48605,2014-05-23T00:00:00.000+05:30,8777
48608,2014-05-23T00:00:00.000+05:30,4398
48611,2014-05-23T00:00:00.000+05:30,1353
48615,2014-05-23T00:00:00.000+05:30,3368
48618,2014-05-23T00:00:00.000+05:30,11190
48619,2014-05-23T00:00:00.000+05:30,9080
48621,2014-05-23T00:00:00.000+05:30,10190
48624,2014-05-23T00:00:00.000+05:30,12318
48627,2014-05-23T00:00:00.000+05:30,8391
48635,2014-05-23T00:00:00.000+05:30,6958
48636,2014-05-23T00:00:00.000+05:30,12419
48637,2014-05-23T00:00:00.000+05:30,12176
48642,2014-05-23T00:00:00.000+05:30,4125
48643,2014-05-23T00:00:00.000+05:30,7270
48646,2014-05-23T00:00:00.000+05:30,1946
48647,2014-05-23T00:00:00.000+05:30,6440
48654,2014-05-23T00:00:00.000+05:30,10051
48655,2014-05-23T00:00:00.000+05:30,1128
48660,2014-05-23T00:00:00.000+05:30,5238
48663,2014-05-23T00:00:00.000+05:30,11899
48664,2014-05-23T00:00:00.000+05:30,3714
48670,2014-05-23T00:00:00.000+05:30,10303
48672,2014-05-23T00:00:00.000+05:30,5657
48673,2014-05-23T00:00:00.000+05:30,10905
48675,2014-05-23T00:00:00.000+05:30,5260
48686,2014-05-23T00:00:00.000+05:30,3595
48687,2014-05-23T00:00:00.000+05:30,2756
48689,2014-05-23T00:00:00.000+05:30,1327
48691,2014-05-23T00:00:00.000+05:30,9095
48693,2014-05-23T00:00:00.000+05:30,168
48705,2014-05-23T00:00:00.000+05:30,8166
48706,2014-05-23T00:00:00.000+05:30,6494
48707,2014-05-23T00:00:00.000+05:30,11224
48712,2014-05-24T00:00:00.000+05:30,4955
48713,2014-05-24T00:00:00.000+05:30,5384
48714,2014-05-24T00:00:00.000+05:30,10215
48717,2014-05-24T00:00:00.000+05:30,2174
48721,2014-05-24T00:00:00.000+05:30,27
48723,2014-05-24T00:00:00.000+05:30,1323
48726,2014-05-24T00:00:00.000+05:30,11048
48730,2014-05-24T00:00:00.000+05:30,5043
48731,2014-05-24T00:00:00.000+05:30,8492
48734,2014-05-24T00:00:00.000+05:30,4630
48737,2014-05-24T00:00:00.000+05:30,82
48738,2014-05-24T00:00:00.000+05:30,3534
48740,2014-05-24T00:00:00.000+05:30,10518
48742,2014-05-24T00:00:00.000+05:30,7612
48745,2014-05-24T00:00:00.000+05:30,9182
48746,2014-05-24T00:00:00.000+05:30,6455
48754,2014-05-24T00:00:00.000+05:30,1836
48759,2014-05-24T00:00:00.000+05:30,2641
48761,2014-05-24T00:00:00.000+05:30,6843
48762,2014-05-24T00:00:00.000+05:30,816
48766,2014-05-24T00:00:00.000+05:30,6386
48768,2014-05-24T00:00:00.000+05:30,6948
48771,2014-05-24T00:00:00.000+05:30,6768
48775,2014-05-24T00:00:00.000+05:30,8955
48778,2014-05-24T00:00:00.000+05:30,2247
48784,2014-05-24T00:00:00.000+05:30,6449
48788,2014-05-24T00:00:00.000+05:30,745
48790,2014-05-24T00:00:00.000+05:30,938
48792,2014-05-24T00:00:00.000+05:30,3152
48793,2014-05-24T00:00:00.000+05:30,9843
48796,2014-05-24T00:00:00.000+05:30,3702
48797,2014-05-24T00:00:00.000+05:30,974
48802,2014-05-24T00:00:00.000+05:30,9462
48803,2014-05-24T00:00:00.000+05:30,4110
48805,2014-05-24T00:00:00.000+05:30,3120
48808,2014-05-24T00:00:00.000+05:30,8336
48811,2014-05-24T00:00:00.000+05:30,3811
48820,2014-05-24T00:00:00.000+05:30,3978
48821,2014-05-24T00:00:00.000+05:30,1133
48828,2014-05-24T00:00:00.000+05:30,10368
48829,2014-05-24T00:00:00.000+05:30,4824
48832,2014-05-24T00:00:00.000+05:30,9660
48834,2014-05-24T00:00:00.000+05:30,1092
48837,2014-05-24T00:00:00.000+05:30,11636
48845,2014-05-24T00:00:00.000+05:30,10012
48846,2014-05-24T00:00:00.000+05:30,4457
48852,2014-05-24T00:00:00.000+05:30,1180
48854,2014-05-24T00:00:00.000+05:30,2412
48857,2014-05-24T00:00:00.000+05:30,1196
48858,2014-05-24T00:00:00.000+05:30,11620
48859,2014-05-24T00:00:00.000+05:30,1868
48861,2014-05-24T00:00:00.000+05:30,6576
48866,2014-05-24T00:00:00.000+05:30,2004
48867,2014-05-24T00:00:00.000+05:30,4626
48872,2014-05-24T00:00:00.000+05:30,5996
48879,2014-05-24T00:00:00.000+05:30,11866
48884,2014-05-24T00:00:00.000+05:30,6537
48885,2014-05-24T00:00:00.000+05:30,12214
48886,2014-05-25T00:00:00.000+05:30,7412
48887,2014-05-25T00:00:00.000+05:30,7284
48891,2014-05-25T00:00:00.000+05:30,840
48892,2014-05-25T00:00:00.000+05:30,2869
48897,2014-05-25T00:00:00.000+05:30,6661
48903,2014-05-25T00:00:00.000+05:30,4014
48905,2014-05-25T00:00:00.000+05:30,1845
48909,2014-05-25T00:00:00.000+05:30,3153
48911,2014-05-25T00:00:00.000+05:30,11523
48920,2014-05-25T00:00:00.000+05:30,3166
48921,2014-05-25T00:00:00.000+05:30,6229
48924,2014-05-25T00:00:00.000+05:30,616
48928,2014-05-25T00:00:00.000+05:30,364
48929,2014-05-25T00:00:00.000+05:30,10264
48930,2014-05-25T00:00:00.000+05:30,4173
48931,2014-05-25T00:00:00.000+05:30,11796
48941,2014-05-25T00:00:00.000+05:30,9337
48942,2014-05-25T00:00:00.000+05:30,9091
48945,2014-05-25T00:00:00.000+05:30,704
48950,2014-05-25T00:00:00.000+05:30,8643
48956,2014-05-25T00:00:00.000+05:30,11604
48958,2014-05-25T00:00:00.000+05:30,4435
48959,2014-05-25T00:00:00.000+05:30,2069
48960,2014-05-25T00:00:00.000+05:30,9078
48964,2014-05-25T00:00:00.000+05:30,10111
48965,2014-05-25T00:00:00.000+05:30,8899
48966,2014-05-25T00:00:00.000+05:30,6941
48968,2014-05-25T00:00:00.000+05:30,3244
48975,2014-05-25T00:00:00.000+05:30,3889
48977,2014-05-25T00:00:00.000+05:30,2143
48980,2014-05-25T00:00:00.000+05:30,3020
48981,2014-05-25T00:00:00.000+05:30,10923
48982,2014-05-25T00:00:00.000+05:30,3936
48983,2014-05-25T00:00:00.000+05:30,5259
48988,2014-05-25T00:00:00.000+05:30,8838
48990,2014-05-25T00:00:00.000+05:30,9073
48992,2014-05-25T00:00:00.000+05:30,6641
48993,2014-05-25T00:00:00.000+05:30,1772
48994,2014-05-26T00:00:00.000+05:30,8064
48998,2014-05-26T00:00:00.000+05:30,3682
48999,2014-05-26T00:00:00.000+05:30,10560
49000,2014-05-26T00:00:00.000+05:30,9566
49001,2014-05-26T00:00:00.000+05:30,7141
49009,2014-05-26T00:00:00.000+05:30,6342
49011,2014-05-26T00:00:00.000+05:30,10777
49013,2014-05-26T00:00:00.000+05:30,6413
49015,2014-05-26T00:00:00.000+05:30,8724
49017,2014-05-26T00:00:00.000+05:30,10636
49019,2014-05-26T00:00:00.000+05:30,4636
49021,2014-05-26T00:00:00.000+05:30,2770
49022,2014-05-26T00:00:00.000+05:30,2268
49023,2014-05-26T00:00:00.000+05:30,10366
49024,2014-05-26T00:00:00.000+05:30,3586
49025,2014-05-26T00:00:00.000+05:30,3706
49026,2014-05-26T00:00:00.000+05:30,4496
49029,2014-05-26T00:00:00.000+05:30,9498
49030,2014-05-26T00:00:00.000+05:30,9263
49033,2014-05-26T00:00:00.000+05:30,700
49034,2014-05-26T00:00:00.000+05:30,5121
49036,2014-05-26T00:00:00.000+05:30,5369
49044,2014-05-26T00:00:00.000+05:30,9659
49052,2014-05-26T00:00:00.000+05:30,10115
49056,2014-05-26T00:00:00.000+05:30,7001
49057,2014-05-26T00:00:00.000+05:30,9612
49058,2014-05-26T00:00:00.000+05:30,1061
49059,2014-05-26T00:00:00.000+05:30,8911
49060,2014-05-26T00:00:00.000+05:30,9313
49061,2014-05-26T00:00:00.000+05:30,4133
49070,2014-05-26T00:00:00.000+05:30,3249
49072,2014-05-26T00:00:00.000+05:30,7193
49074,2014-05-26T00:00:00.000+05:30,9341
49081,2014-05-26T00:00:00.000+05:30,2292
49086,2014-05-26T00:00:00.000+05:30,11910
49089,2014-05-26T00:00:00.000+05:30,6870
49092,2014-05-26T00:00:00.000+05:30,2215
49094,2014-05-26T00:00:00.000+05:30,2321
49095,2014-05-26T00:00:00.000+05:30,6030
49100,2014-05-26T00:00:00.000+05:30,7493
49102,2014-05-26T00:00:00.000+05:30,4596
49111,2014-05-26T00:00:00.000+05:30,1124
49117,2014-05-26T00:00:00.000+05:30,4582
49119,2014-05-26T00:00:00.000+05:30,11531
49121,2014-05-26T00:00:00.000+05:30,11951
49122,2014-05-26T00:00:00.000+05:30,3810
49125,2014-05-27T00:00:00.000+05:30,1283
49132,2014-05-27T00:00:00.000+05:30,2099
49134,2014-05-27T00:00:00.000+05:30,624
49135,2014-05-27T00:00:00.000+05:30,9258
49136,2014-05-27T00:00:00.000+05:30,12045
49140,2014-05-27T00:00:00.000+05:30,9374
49142,2014-05-27T00:00:00.000+05:30,6236
49146,2014-05-27T00:00:00.000+05:30,6951
49147,2014-05-27T00:00:00.000+05:30,12238
49148,2014-05-27T00:00:00.000+05:30,4351
49151,2014-05-27T00:00:00.000+05:30,3133
49153,2014-05-27T00:00:00.000+05:30,7907
49157,2014-05-27T00:00:00.000+05:30,3908
49161,2014-05-27T00:00:00.000+05:30,817
49164,2014-05-27T00:00:00.000+05:30,5874
49168,2014-05-27T00:00:00.000+05:30,10340
49169,2014-05-27T00:00:00.000+05:30,9389
49171,2014-05-27T00:00:00.000+05:30,6050
49177,2014-05-27T00:00:00.000+05:30,6862
49181,2014-05-27T00:00:00.000+05:30,9234
49184,2014-05-27T00:00:00.000+05:30,12289
49186,2014-05-27T00:00:00.000+05:30,8763
49188,2014-05-27T00:00:00.000+05:30,12355
49190,2014-05-27T00:00:00.000+05:30,2497
49193,2014-05-28T00:00:00.000+05:30,3570
49198,2014-05-28T00:00:00.000+05:30,4120
49201,2014-05-28T00:00:00.000+05:30,8519
49208,2014-05-28T00:00:00.000+05:30,8335
49211,2014-05-28T00:00:00.000+05:30,3368
49212,2014-05-28T00:00:00.000+05:30,623
49214,2014-05-28T00:00:00.000+05:30,2792
49219,2014-05-28T00:00:00.000+05:30,9973
49220,2014-05-28T00:00:00.000+05:30,4392
49223,2014-05-28T00:00:00.000+05:30,8826
49227,2014-05-28T00:00:00.000+05:30,743
49237,2014-05-28T00:00:00.000+05:30,5567
49238,2014-05-28T00:00:00.000+05:30,3554
49240,2014-05-28T00:00:00.000+05:30,9083
49246,2014-05-28T00:00:00.000+05:30,8038
49248,2014-05-28T00:00:00.000+05:30,6535
49250,2014-05-28T00:00:00.000+05:30,3529
49251,2014-05-28T00:00:00.000+05:30,2722
49252,2014-05-28T00:00:00.000+05:30,6222
49256,2014-05-28T00:00:00.000+05:30,382
49259,2014-05-28T00:00:00.000+05:30,2708
49260,2014-05-28T00:00:00.000+05:30,7214
49267,2014-05-28T00:00:00.000+05:30,4728
49270,2014-05-28T00:00:00.000+05:30,10776
49271,2014-05-28T00:00:00.000+05:30,8745
49272,2014-05-28T00:00:00.000+05:30,1262
49273,2014-05-28T00:00:00.000+05:30,6467
49275,2014-05-28T00:00:00.000+05:30,7860
49276,2014-05-28T00:00:00.000+05:30,888
49277,2014-05-28T00:00:00.000+05:30,9717
49279,2014-05-28T00:00:00.000+05:30,12432
49284,2014-05-28T00:00:00.000+05:30,6774
49287,2014-05-28T00:00:00.000+05:30,2619
49291,2014-05-28T00:00:00.000+05:30,7360
49292,2014-05-28T00:00:00.000+05:30,86
49296,2014-05-28T00:00:00.000+05:30,1486
49298,2014-05-28T00:00:00.000+05:30,7223
49299,2014-05-28T00:00:00.000+05:30,4825
49302,2014-05-28T00:00:00.000+05:30,8480
49304,2014-05-28T00:00:00.000+05:30,10552
49305,2014-05-28T00:00:00.000+05:30,9919
49311,2014-05-28T00:00:00.000+05:30,8806
49318,2014-05-28T00:00:00.000+05:30,10636
49320,2014-05-28T00:00:00.000+05:30,4075
49323,2014-05-28T00:00:00.000+05:30,7583
49326,2014-05-28T00:00:00.000+05:30,3059
49328,2014-05-28T00:00:00.000+05:30,6344
49329,2014-05-28T00:00:00.000+05:30,3857
49332,2014-05-28T00:00:00.000+05:30,2484
49333,2014-05-28T00:00:00.000+05:30,5485
49334,2014-05-28T00:00:00.000+05:30,12432
49335,2014-05-28T00:00:00.000+05:30,3512
49339,2014-05-28T00:00:00.000+05:30,4
49342,2014-05-28T00:00:00.000+05:30,340
49343,2014-05-28T00:00:00.000+05:30,10144
49347,2014-05-28T00:00:00.000+05:30,6222
49348,2014-05-28T00:00:00.000+05:30,335
49350,2014-05-28T00:00:00.000+05:30,2328
49353,2014-05-28T00:00:00.000+05:30,1904
49355,2014-05-28T00:00:00.000+05:30,2172
49356,2014-05-28T00:00:00.000+05:30,73
49357,2014-05-28T00:00:00.000+05:30,6848
49359,2014-05-28T00:00:00.000+05:30,3753
49362,2014-05-28T00:00:00.000+05:30,7705
49367,2014-05-28T00:00:00.000+05:30,4387
49368,2014-05-28T00:00:00.000+05:30,1736
49369,2014-05-28T00:00:00.000+05:30,8793
49370,2014-05-28T00:00:00.000+05:30,11886
49374,2014-05-28T00:00:00.000+05:30,161
49375,2014-05-28T00:00:00.000+05:30,7177
49378,2014-05-28T00:00:00.000+05:30,10828
49381,2014-05-28T00:00:00.000+05:30,5739
49382,2014-05-28T00:00:00.000+05:30,6314
49389,2014-05-28T00:00:00.000+05:30,3070
49394,2014-05-28T00:00:00.000+05:30,12323
49398,2014-05-29T00:00:00.000+05:30,11323
49402,2014-05-29T00:00:00.000+05:30,5511
49403,2014-05-29T00:00:00.000+05:30,4164
49411,2014-05-29T00:00:00.000+05:30,18
49413,2014-05-29T00:00:00.000+05:30,1788
49417,2014-05-29T00:00:00.000+05:30,2802
49420,2014-05-29T00:00:00.000+05:30,8463
49421,2014-05-29T00:00:00.000+05:30,2599
49425,2014-05-29T00:00:00.000+05:30,6337
49427,2014-05-29T00:00:00.000+05:30,12029
49428,2014-05-29T00:00:00.000+05:30,3752
49430,2014-05-29T00:00:00.000+05:30,1870
49434,2014-05-29T00:00:00.000+05:30,1026
49438,2014-05-29T00:00:00.000+05:30,10696
49441,2014-05-29T00:00:00.000+05:30,7057
49442,2014-05-29T00:00:00.000+05:30,982
49446,2014-05-29T00:00:00.000+05:30,1233
49451,2014-05-29T00:00:00.000+05:30,4170
49452,2014-05-29T00:00:00.000+05:30,1172
49453,2014-05-29T00:00:00.000+05:30,8051
49455,2014-05-29T00:00:00.000+05:30,11441
49456,2014-05-29T00:00:00.000+05:30,10338
49457,2014-05-29T00:00:00.000+05:30,1860
49459,2014-05-29T00:00:00.000+05:30,9694
49462,2014-05-29T00:00:00.000+05:30,12047
49464,2014-05-29T00:00:00.000+05:30,4682
49466,2014-05-29T00:00:00.000+05:30,8043
49468,2014-05-29T00:00:00.000+05:30,3450
49470,2014-05-29T00:00:00.000+05:30,5920
49471,2014-05-29T00:00:00.000+05:30,5074
49475,2014-05-29T00:00:00.000+05:30,5052
49476,2014-05-29T00:00:00.000+05:30,2984
49486,2014-05-29T00:00:00.000+05:30,3296
49488,2014-05-29T00:00:00.000+05:30,2757
49495,2014-05-29T00:00:00.000+05:30,2299
49498,2014-05-29T00:00:00.000+05:30,8288
49499,2014-05-29T00:00:00.000+05:30,9164
49500,2014-05-29T00:00:00.000+05:30,8983
49507,2014-05-29T00:00:00.000+05:30,11225
49509,2014-05-29T00:00:00.000+05:30,6944
49510,2014-05-29T00:00:00.000+05:30,8008
49512,2014-05-29T00:00:00.000+05:30,7223
49513,2014-05-29T00:00:00.000+05:30,1185
49515,2014-05-30T00:00:00.000+05:30,7739
49519,2014-05-30T00:00:00.000+05:30,12417
49520,2014-05-30T00:00:00.000+05:30,9677
49534,2014-05-30T00:00:00.000+05:30,3838
49539,2014-05-30T00:00:00.000+05:30,7407
49541,2014-05-30T00:00:00.000+05:30,4608
49547,2014-05-30T00:00:00.000+05:30,6962
49549,2014-05-30T00:00:00.000+05:30,5439
49551,2014-05-30T00:00:00.000+05:30,7244
49553,2014-05-30T00:00:00.000+05:30,10413
49554,2014-05-30T00:00:00.000+05:30,3583
49557,2014-05-30T00:00:00.000+05:30,972
49558,2014-05-30T00:00:00.000+05:30,8378
49559,2014-05-30T00:00:00.000+05:30,6924
49563,2014-05-30T00:00:00.000+05:30,435
49567,2014-05-30T00:00:00.000+05:30,5436
49572,2014-05-30T00:00:00.000+05:30,7316
49574,2014-05-30T00:00:00.000+05:30,7280
49598,2014-05-30T00:00:00.000+05:30,4005
49600,2014-05-30T00:00:00.000+05:30,7832
49602,2014-05-30T00:00:00.000+05:30,5752
49604,2014-05-31T00:00:00.000+05:30,4984
49611,2014-05-31T00:00:00.000+05:30,2837
49612,2014-05-31T00:00:00.000+05:30,11010
49614,2014-05-31T00:00:00.000+05:30,7733
49617,2014-05-31T00:00:00.000+05:30,9053
49618,2014-05-31T00:00:00.000+05:30,10686
49620,2014-05-31T00:00:00.000+05:30,8289
49627,2014-05-31T00:00:00.000+05:30,1592
49629,2014-05-31T00:00:00.000+05:30,3594
49631,2014-05-31T00:00:00.000+05:30,10862
49634,2014-05-31T00:00:00.000+05:30,1005
49641,2014-05-31T00:00:00.000+05:30,5793
49642,2014-05-31T00:00:00.000+05:30,10029
49643,2014-05-31T00:00:00.000+05:30,11044
49645,2014-05-31T00:00:00.000+05:30,5386
49647,2014-05-31T00:00:00.000+05:30,7893
49651,2014-05-31T00:00:00.000+05:30,3153
49664,2014-05-31T00:00:00.000+05:30,10497
49670,2014-05-31T00:00:00.000+05:30,3672
49671,2014-05-31T00:00:00.000+05:30,8126
49673,2014-05-31T00:00:00.000+05:30,2970
49674,2014-05-31T00:00:00.000+05:30,3146
49677,2014-05-31T00:00:00.000+05:30,5215
49681,2014-05-31T00:00:00.000+05:30,8557
49688,2014-05-31T00:00:00.000+05:30,4639
49689,2014-05-31T00:00:00.000+05:30,1840
49690,2014-05-31T00:00:00.000+05:30,7554
49699,2014-05-31T00:00:00.000+05:30,8569
49701,2014-05-31T00:00:00.000+05:30,6172
49702,2014-05-31T00:00:00.000+05:30,10806
49704,2014-05-31T00:00:00.000+05:30,3243
49708,2014-05-31T00:00:00.000+05:30,4807
49710,2014-05-31T00:00:00.000+05:30,10845
49711,2014-05-31T00:00:00.000+05:30,531
49712,2014-05-31T00:00:00.000+05:30,5538
49713,2014-05-31T00:00:00.000+05:30,11792
49714,2014-05-31T00:00:00.000+05:30,12388
49719,2014-05-31T00:00:00.000+05:30,2083
49721,2014-05-31T00:00:00.000+05:30,685
49723,2014-05-31T00:00:00.000+05:30,11242
49725,2014-05-31T00:00:00.000+05:30,11871
49728,2014-05-31T00:00:00.000+05:30,4447
49729,2014-05-31T00:00:00.000+05:30,367
49730,2014-05-31T00:00:00.000+05:30,6200
49734,2014-06-01T00:00:00.000+05:30,3644
49735,2014-06-01T00:00:00.000+05:30,9457
49739,2014-06-01T00:00:00.000+05:30,1604
49747,2014-06-01T00:00:00.000+05:30,3963
49750,2014-06-01T00:00:00.000+05:30,5427
49752,2014-06-01T00:00:00.000+05:30,5639
49753,2014-06-01T00:00:00.000+05:30,3363
49754,2014-06-01T00:00:00.000+05:30,12258
49755,2014-06-01T00:00:00.000+05:30,2155
49756,2014-06-01T00:00:00.000+05:30,10604
49757,2014-06-01T00:00:00.000+05:30,6976
49760,2014-06-01T00:00:00.000+05:30,8935
49769,2014-06-01T00:00:00.000+05:30,85
49770,2014-06-01T00:00:00.000+05:30,411
49771,2014-06-01T00:00:00.000+05:30,6168
49773,2014-06-01T00:00:00.000+05:30,3481
49775,2014-06-01T00:00:00.000+05:30,4199
49777,2014-06-01T00:00:00.000+05:30,9152
49782,2014-06-01T00:00:00.000+05:30,9800
49786,2014-06-01T00:00:00.000+05:30,7123
49792,2014-06-01T00:00:00.000+05:30,4159
49795,2014-06-01T00:00:00.000+05:30,9910
49797,2014-06-01T00:00:00.000+05:30,4444
49799,2014-06-01T00:00:00.000+05:30,3590
49801,2014-06-01T00:00:00.000+05:30,4713
49802,2014-06-01T00:00:00.000+05:30,7364
49805,2014-06-01T00:00:00.000+05:30,12238
49806,2014-06-01T00:00:00.000+05:30,3172
49809,2014-06-01T00:00:00.000+05:30,4387
49811,2014-06-01T00:00:00.000+05:30,8102
49813,2014-06-01T00:00:00.000+05:30,129
49817,2014-06-01T00:00:00.000+05:30,9296
49818,2014-06-01T00:00:00.000+05:30,5519
49819,2014-06-01T00:00:00.000+05:30,1210
49822,2014-06-01T00:00:00.000+05:30,5300
49823,2014-06-01T00:00:00.000+05:30,9325
49824,2014-06-01T00:00:00.000+05:30,9307
49829,2014-06-01T00:00:00.000+05:30,9885
49832,2014-06-01T00:00:00.000+05:30,5307
49833,2014-06-01T00:00:00.000+05:30,10985
49835,2014-06-01T00:00:00.000+05:30,8998
49837,2014-06-01T00:00:00.000+05:30,8885
49838,2014-06-01T00:00:00.000+05:30,7802
49840,2014-06-01T00:00:00.000+05:30,7213
49841,2014-06-01T00:00:00.000+05:30,11297
49845,2014-06-01T00:00:00.000+05:30,4014
49849,2014-06-01T00:00:00.000+05:30,7072
49851,2014-06-01T00:00:00.000+05:30,8619
49853,2014-06-01T00:00:00.000+05:30,5238
49856,2014-06-01T00:00:00.000+05:30,5410
49857,2014-06-01T00:00:00.000+05:30,3283
49859,2014-06-01T00:00:00.000+05:30,8926
49860,2014-06-01T00:00:00.000+05:30,10774
49862,2014-06-01T00:00:00.000+05:30,3467
49864,2014-06-01T00:00:00.000+05:30,3960
49866,2014-06-01T00:00:00.000+05:30,8790
49867,2014-06-01T00:00:00.000+05:30,2766
49868,2014-06-01T00:00:00.000+05:30,1749
49875,2014-06-02T00:00:00.000+05:30,971
49876,2014-06-02T00:00:00.000+05:30,4128
49879,2014-06-02T00:00:00.000+05:30,8579
49880,2014-06-02T00:00:00.000+05:30,1689
49883,2014-06-02T00:00:00.000+05:30,8319
49888,2014-06-02T00:00:00.000+05:30,6897
49889,2014-06-02T00:00:00.000+05:30,6500
49890,2014-06-02T00:00:00.000+05:30,9615
49891,2014-06-02T00:00:00.000+05:30,11329
49893,2014-06-02T00:00:00.000+05:30,6964
49895,2014-06-02T00:00:00.000+05:30,4679
49900,2014-06-02T00:00:00.000+05:30,3109
49902,2014-06-02T00:00:00.000+05:30,96
49903,2014-06-02T00:00:00.000+05:30,6670
49907,2014-06-02T00:00:00.000+05:30,10584
49909,2014-06-02T00:00:00.000+05:30,2227
49912,2014-06-02T00:00:00.000+05:30,7646
49914,2014-06-02T00:00:00.000+05:30,12251
49916,2014-06-02T00:00:00.000+05:30,10671
49917,2014-06-02T00:00:00.000+05:30,3176
49922,2014-06-02T00:00:00.000+05:30,4508
49923,2014-06-02T00:00:00.000+05:30,3130
49924,2014-06-02T00:00:00.000+05:30,1503
49926,2014-06-02T00:00:00.000+05:30,4549
49931,2014-06-02T00:00:00.000+05:30,11509
49936,2014-06-02T00:00:00.000+05:30,5767
49937,2014-06-02T00:00:00.000+05:30,9552
49939,2014-06-02T00:00:00.000+05:30,8490
49943,2014-06-02T00:00:00.000+05:30,1590
49944,2014-06-02T00:00:00.000+05:30,1511
49946,2014-06-02T00:00:00.000+05:30,7814
49950,2014-06-02T00:00:00.000+05:30,6228
49952,2014-06-02T00:00:00.000+05:30,10077
49953,2014-06-02T00:00:00.000+05:30,3435
49954,2014-06-02T00:00:00.000+05:30,1051
49957,2014-06-02T00:00:00.000+05:30,10177
49960,2014-06-02T00:00:00.000+05:30,12264
49965,2014-06-02T00:00:00.000+05:30,11472
49970,2014-06-02T00:00:00.000+05:30,4613
49973,2014-06-02T00:00:00.000+05:30,517
49976,2014-06-02T00:00:00.000+05:30,5873
49985,2014-06-02T00:00:00.000+05:30,7206
49989,2014-06-02T00:00:00.000+05:30,3946
49992,2014-06-02T00:00:00.000+05:30,6460
49993,2014-06-02T00:00:00.000+05:30,5611
49998,2014-06-02T00:00:00.000+05:30,11045
49999,2014-06-02T00:00:00.000+05:30,7061
50004,2014-06-02T00:00:00.000+05:30,7897
50006,2014-06-02T00:00:00.000+05:30,11020
50008,2014-06-02T00:00:00.000+05:30,6296
50010,2014-06-02T00:00:00.000+05:30,5061
50015,2014-06-02T00:00:00.000+05:30,1578
50017,2014-06-02T00:00:00.000+05:30,2469
50023,2014-06-02T00:00:00.000+05:30,11947
50024,2014-06-02T00:00:00.000+05:30,3344
50027,2014-06-02T00:00:00.000+05:30,611
50030,2014-06-02T00:00:00.000+05:30,11106
50033,2014-06-02T00:00:00.000+05:30,6872
50035,2014-06-02T00:00:00.000+05:30,10664
50040,2014-06-02T00:00:00.000+05:30,8177
50041,2014-06-02T00:00:00.000+05:30,2516
50042,2014-06-02T00:00:00.000+05:30,898
50046,2014-06-02T00:00:00.000+05:30,3647
50050,2014-06-02T00:00:00.000+05:30,928
50056,2014-06-02T00:00:00.000+05:30,3350
50060,2014-06-03T00:00:00.000+05:30,461
50063,2014-06-03T00:00:00.000+05:30,4941
50064,2014-06-03T00:00:00.000+05:30,6806
50072,2014-06-03T00:00:00.000+05:30,2718
50074,2014-06-03T00:00:00.000+05:30,8465
50075,2014-06-03T00:00:00.000+05:30,11765
50076,2014-06-03T00:00:00.000+05:30,9942
50079,2014-06-03T00:00:00.000+05:30,4352
50083,2014-06-03T00:00:00.000+05:30,3556
50086,2014-06-03T00:00:00.000+05:30,9
50087,2014-06-03T00:00:00.000+05:30,11375
50101,2014-06-03T00:00:00.000+05:30,9404
50105,2014-06-03T00:00:00.000+05:30,959
50107,2014-06-03T00:00:00.000+05:30,1446
50108,2014-06-03T00:00:00.000+05:30,4816
50111,2014-06-03T00:00:00.000+05:30,3361
50112,2014-06-03T00:00:00.000+05:30,2365
50114,2014-06-03T00:00:00.000+05:30,12208
50117,2014-06-03T00:00:00.000+05:30,4934
50118,2014-06-03T00:00:00.000+05:30,10008
50120,2014-06-03T00:00:00.000+05:30,10173
50123,2014-06-03T00:00:00.000+05:30,7799
50124,2014-06-03T00:00:00.000+05:30,8790
50125,2014-06-03T00:00:00.000+05:30,8559
50127,2014-06-03T00:00:00.000+05:30,3303
50132,2014-06-03T00:00:00.000+05:30,1598
50133,2014-06-03T00:00:00.000+05:30,8512
50135,2014-06-03T00:00:00.000+05:30,10440
50138,2014-06-03T00:00:00.000+05:30,10883
50139,2014-06-03T00:00:00.000+05:30,10355
50140,2014-06-03T00:00:00.000+05:30,5017
50144,2014-06-03T00:00:00.000+05:30,440
50146,2014-06-04T00:00:00.000+05:30,1272
50147,2014-06-04T00:00:00.000+05:30,888
50151,2014-06-04T00:00:00.000+05:30,7880
50152,2014-06-04T00:00:00.000+05:30,10665
50153,2014-06-04T00:00:00.000+05:30,5782
50155,2014-06-04T00:00:00.000+05:30,5640
50158,2014-06-04T00:00:00.000+05:30,7790
50159,2014-06-04T00:00:00.000+05:30,11387
50161,2014-06-04T00:00:00.000+05:30,6547
50162,2014-06-04T00:00:00.000+05:30,1828
50163,2014-06-04T00:00:00.000+05:30,7183
50166,2014-06-04T00:00:00.000+05:30,4504
50170,2014-06-04T00:00:00.000+05:30,377
50172,2014-06-04T00:00:00.000+05:30,11038
50174,2014-06-04T00:00:00.000+05:30,4818
50176,2014-06-04T00:00:00.000+05:30,5718
50181,2014-06-04T00:00:00.000+05:30,8562
50185,2014-06-04T00:00:00.000+05:30,5011
50191,2014-06-04T00:00:00.000+05:30,6397
50193,2014-06-04T00:00:00.000+05:30,5873
50195,2014-06-04T00:00:00.000+05:30,1951
50196,2014-06-04T00:00:00.000+05:30,3983
50200,2014-06-04T00:00:00.000+05:30,11127
50202,2014-06-04T00:00:00.000+05:30,7811
50206,2014-06-04T00:00:00.000+05:30,4140
50207,2014-06-04T00:00:00.000+05:30,10644
50217,2014-06-04T00:00:00.000+05:30,11746
50218,2014-06-04T00:00:00.000+05:30,9659
50221,2014-06-05T00:00:00.000+05:30,2288
50223,2014-06-05T00:00:00.000+05:30,7441
50227,2014-06-05T00:00:00.000+05:30,3806
50230,2014-06-05T00:00:00.000+05:30,7145
50235,2014-06-05T00:00:00.000+05:30,10720
50244,2014-06-05T00:00:00.000+05:30,11189
50245,2014-06-05T00:00:00.000+05:30,4571
50248,2014-06-05T00:00:00.000+05:30,1375
50252,2014-06-05T00:00:00.000+05:30,1373
50255,2014-06-05T00:00:00.000+05:30,345
50256,2014-06-05T00:00:00.000+05:30,4615
50261,2014-06-05T00:00:00.000+05:30,3284
50271,2014-06-05T00:00:00.000+05:30,3189
50282,2014-06-05T00:00:00.000+05:30,8671
50283,2014-06-05T00:00:00.000+05:30,2297
50286,2014-06-05T00:00:00.000+05:30,7417
50287,2014-06-05T00:00:00.000+05:30,3706
50292,2014-06-05T00:00:00.000+05:30,11080
50293,2014-06-05T00:00:00.000+05:30,7973
50298,2014-06-05T00:00:00.000+05:30,12071
50315,2014-06-05T00:00:00.000+05:30,11852
50319,2014-06-05T00:00:00.000+05:30,2370
50322,2014-06-05T00:00:00.000+05:30,6499
50327,2014-06-05T00:00:00.000+05:30,1920
50328,2014-06-05T00:00:00.000+05:30,2919
50333,2014-06-05T00:00:00.000+05:30,11955
50335,2014-06-06T00:00:00.000+05:30,9136
50337,2014-06-06T00:00:00.000+05:30,1158
50340,2014-06-06T00:00:00.000+05:30,9479
50346,2014-06-06T00:00:00.000+05:30,1730
50348,2014-06-06T00:00:00.000+05:30,8121
50350,2014-06-06T00:00:00.000+05:30,3345
50352,2014-06-06T00:00:00.000+05:30,2085
50354,2014-06-06T00:00:00.000+05:30,7397
50358,2014-06-06T00:00:00.000+05:30,6728
50360,2014-06-06T00:00:00.000+05:30,12071
50369,2014-06-06T00:00:00.000+05:30,8129
50376,2014-06-06T00:00:00.000+05:30,10217
50377,2014-06-06T00:00:00.000+05:30,6376
50381,2014-06-06T00:00:00.000+05:30,2495
50391,2014-06-06T00:00:00.000+05:30,4042
50396,2014-06-06T00:00:00.000+05:30,9666
50397,2014-06-06T00:00:00.000+05:30,3028
50399,2014-06-06T00:00:00.000+05:30,3211
50406,2014-06-06T00:00:00.000+05:30,5208
50407,2014-06-06T00:00:00.000+05:30,7160
50410,2014-06-06T00:00:00.000+05:30,6365
50414,2014-06-06T00:00:00.000+05:30,8976
50415,2014-06-06T00:00:00.000+05:30,7577
50417,2014-06-06T00:00:00.000+05:30,461
50423,2014-06-06T00:00:00.000+05:30,5109
50431,2014-06-06T00:00:00.000+05:30,7292
50434,2014-06-06T00:00:00.000+05:30,7599
50440,2014-06-06T00:00:00.000+05:30,907
50441,2014-06-06T00:00:00.000+05:30,1379
50443,2014-06-06T00:00:00.000+05:30,10196
50448,2014-06-06T00:00:00.000+05:30,4809
50451,2014-06-06T00:00:00.000+05:30,4169
50452,2014-06-06T00:00:00.000+05:30,1754
50453,2014-06-06T00:00:00.000+05:30,8262
50458,2014-06-06T00:00:00.000+05:30,2580
50462,2014-06-06T00:00:00.000+05:30,8714
50463,2014-06-06T00:00:00.000+05:30,4964
50466,2014-06-06T00:00:00.000+05:30,822
50469,2014-06-06T00:00:00.000+05:30,7964
50473,2014-06-06T00:00:00.000+05:30,1416
50475,2014-06-06T00:00:00.000+05:30,6341
50477,2014-06-06T00:00:00.000+05:30,6569
50479,2014-06-06T00:00:00.000+05:30,4968
50480,2014-06-06T00:00:00.000+05:30,10031
50488,2014-06-06T00:00:00.000+05:30,1682
50491,2014-06-06T00:00:00.000+05:30,6165
50492,2014-06-06T00:00:00.000+05:30,4090
50494,2014-06-06T00:00:00.000+05:30,4529
50499,2014-06-06T00:00:00.000+05:30,7447
50502,2014-06-06T00:00:00.000+05:30,2731
50504,2014-06-06T00:00:00.000+05:30,4308
50505,2014-06-06T00:00:00.000+05:30,4289
50510,2014-06-07T00:00:00.000+05:30,5250
50511,2014-06-07T00:00:00.000+05:30,6587
50512,2014-06-07T00:00:00.000+05:30,4337
50513,2014-06-07T00:00:00.000+05:30,10897
50515,2014-06-07T00:00:00.000+05:30,11248
50516,2014-06-07T00:00:00.000+05:30,7702
50522,2014-06-07T00:00:00.000+05:30,1712
50524,2014-06-07T00:00:00.000+05:30,1980
50526,2014-06-07T00:00:00.000+05:30,1317
50527,2014-06-07T00:00:00.000+05:30,5752
50533,2014-06-07T00:00:00.000+05:30,9073
50536,2014-06-07T00:00:00.000+05:30,6451
50537,2014-06-07T00:00:00.000+05:30,308
50539,2014-06-07T00:00:00.000+05:30,474
50548,2014-06-07T00:00:00.000+05:30,5168
50550,2014-06-07T00:00:00.000+05:30,9801
50557,2014-06-07T00:00:00.000+05:30,3150
50558,2014-06-07T00:00:00.000+05:30,11482
50560,2014-06-07T00:00:00.000+05:30,8754
50563,2014-06-07T00:00:00.000+05:30,5221
50564,2014-06-07T00:00:00.000+05:30,9383
50572,2014-06-07T00:00:00.000+05:30,11478
50575,2014-06-07T00:00:00.000+05:30,7708
50579,2014-06-07T00:00:00.000+05:30,4097
50584,2014-06-07T00:00:00.000+05:30,4704
50586,2014-06-07T00:00:00.000+05:30,9962
50588,2014-06-07T00:00:00.000+05:30,9172
50589,2014-06-07T00:00:00.000+05:30,5648
50591,2014-06-07T00:00:00.000+05:30,2646
50593,2014-06-07T00:00:00.000+05:30,69
50594,2014-06-07T00:00:00.000+05:30,8894
50598,2014-06-07T00:00:00.000+05:30,9258
50600,2014-06-07T00:00:00.000+05:30,11877
50606,2014-06-07T00:00:00.000+05:30,11737
50608,2014-06-07T00:00:00.000+05:30,5311
50609,2014-06-07T00:00:00.000+05:30,4038
50610,2014-06-07T00:00:00.000+05:30,3802
50612,2014-06-07T00:00:00.000+05:30,4934
50615,2014-06-07T00:00:00.000+05:30,10257
50617,2014-06-07T00:00:00.000+05:30,5480
50618,2014-06-07T00:00:00.000+05:30,6658
50621,2014-06-07T00:00:00.000+05:30,2709
50628,2014-06-07T00:00:00.000+05:30,8552
50630,2014-06-07T00:00:00.000+05:30,5280
50636,2014-06-07T00:00:00.000+05:30,9111
50640,2014-06-07T00:00:00.000+05:30,5479
50647,2014-06-07T00:00:00.000+05:30,8732
50648,2014-06-07T00:00:00.000+05:30,9423
50649,2014-06-07T00:00:00.000+05:30,2055
50650,2014-06-07T00:00:00.000+05:30,10807
50651,2014-06-07T00:00:00.000+05:30,2714
50653,2014-06-07T00:00:00.000+05:30,6930
50657,2014-06-07T00:00:00.000+05:30,11524
50661,2014-06-07T00:00:00.000+05:30,4765
50664,2014-06-08T00:00:00.000+05:30,4568
50667,2014-06-08T00:00:00.000+05:30,8854
50669,2014-06-08T00:00:00.000+05:30,6455
50670,2014-06-08T00:00:00.000+05:30,6065
50676,2014-06-08T00:00:00.000+05:30,7580
50682,2014-06-08T00:00:00.000+05:30,8078
50689,2014-06-08T00:00:00.000+05:30,10608
50695,2014-06-08T00:00:00.000+05:30,637
50698,2014-06-08T00:00:00.000+05:30,3430
50704,2014-06-08T00:00:00.000+05:30,1438
50705,2014-06-08T00:00:00.000+05:30,8612
50716,2014-06-08T00:00:00.000+05:30,9669
50725,2014-06-08T00:00:00.000+05:30,1713
50727,2014-06-08T00:00:00.000+05:30,10349
50736,2014-06-08T00:00:00.000+05:30,6514
50738,2014-06-08T00:00:00.000+05:30,9287
50739,2014-06-08T00:00:00.000+05:30,1212
50751,2014-06-08T00:00:00.000+05:30,8703
50752,2014-06-08T00:00:00.000+05:30,12147
50754,2014-06-08T00:00:00.000+05:30,5170
50756,2014-06-08T00:00:00.000+05:30,10777
50757,2014-06-08T00:00:00.000+05:30,2949
50759,2014-06-08T00:00:00.000+05:30,7030
50762,2014-06-08T00:00:00.000+05:30,4700
50770,2014-06-08T00:00:00.000+05:30,315
50772,2014-06-08T00:00:00.000+05:30,5109
50773,2014-06-08T00:00:00.000+05:30,4669
50777,2014-06-08T00:00:00.000+05:30,569
50784,2014-06-08T00:00:00.000+05:30,7025
50789,2014-06-08T00:00:00.000+05:30,6078
50791,2014-06-08T00:00:00.000+05:30,4611
50793,2014-06-08T00:00:00.000+05:30,257
50794,2014-06-08T00:00:00.000+05:30,7436
50797,2014-06-08T00:00:00.000+05:30,508
50798,2014-06-08T00:00:00.000+05:30,6798
50800,2014-06-08T00:00:00.000+05:30,2191
50802,2014-06-08T00:00:00.000+05:30,11933
50806,2014-06-08T00:00:00.000+05:30,11711
50808,2014-06-08T00:00:00.000+05:30,7520
50811,2014-06-08T00:00:00.000+05:30,8637
50813,2014-06-08T00:00:00.000+05:30,7832
50815,2014-06-08T00:00:00.000+05:30,10449
50816,2014-06-08T00:00:00.000+05:30,6627
50817,2014-06-08T00:00:00.000+05:30,5966
50819,2014-06-08T00:00:00.000+05:30,1235
50820,2014-06-08T00:00:00.000+05:30,5038
50821,2014-06-08T00:00:00.000+05:30,8835
50823,2014-06-08T00:00:00.000+05:30,698
50824,2014-06-08T00:00:00.000+05:30,6830
50826,2014-06-08T00:00:00.000+05:30,8361
50830,2014-06-08T00:00:00.000+05:30,9605
50832,2014-06-08T00:00:00.000+05:30,11228
50839,2014-06-08T00:00:00.000+05:30,11864
50850,2014-06-08T00:00:00.000+05:30,1990
50851,2014-06-08T00:00:00.000+05:30,6162
50853,2014-06-08T00:00:00.000+05:30,6931
50860,2014-06-08T00:00:00.000+05:30,6430
50861,2014-06-08T00:00:00.000+05:30,3507
50865,2014-06-09T00:00:00.000+05:30,1522
50868,2014-06-09T00:00:00.000+05:30,2526
50870,2014-06-09T00:00:00.000+05:30,497
50878,2014-06-09T00:00:00.000+05:30,5977
50879,2014-06-09T00:00:00.000+05:30,11526
50880,2014-06-09T00:00:00.000+05:30,7039
50882,2014-06-09T00:00:00.000+05:30,3148
50888,2014-06-09T00:00:00.000+05:30,8107
50889,2014-06-09T00:00:00.000+05:30,8930
50893,2014-06-09T00:00:00.000+05:30,11731
50896,2014-06-09T00:00:00.000+05:30,612
50898,2014-06-09T00:00:00.000+05:30,12400
50916,2014-06-09T00:00:00.000+05:30,6318
50921,2014-06-09T00:00:00.000+05:30,11044
50925,2014-06-09T00:00:00.000+05:30,9004
50926,2014-06-09T00:00:00.000+05:30,1246
50931,2014-06-09T00:00:00.000+05:30,1406
50933,2014-06-09T00:00:00.000+05:30,8685
50935,2014-06-09T00:00:00.000+05:30,2706
50936,2014-06-09T00:00:00.000+05:30,2611
50938,2014-06-09T00:00:00.000+05:30,10148
50941,2014-06-09T00:00:00.000+05:30,2074
50944,2014-06-09T00:00:00.000+05:30,8756
50947,2014-06-09T00:00:00.000+05:30,6674
50948,2014-06-09T00:00:00.000+05:30,12415
50949,2014-06-09T00:00:00.000+05:30,106
50951,2014-06-09T00:00:00.000+05:30,12075
50953,2014-06-09T00:00:00.000+05:30,1410
50954,2014-06-09T00:00:00.000+05:30,12406
50957,2014-06-09T00:00:00.000+05:30,1076
50958,2014-06-09T00:00:00.000+05:30,3008
50961,2014-06-09T00:00:00.000+05:30,11642
50962,2014-06-09T00:00:00.000+05:30,4959
50971,2014-06-09T00:00:00.000+05:30,5461
50973,2014-06-09T00:00:00.000+05:30,3724
50977,2014-06-09T00:00:00.000+05:30,2856
50987,2014-06-09T00:00:00.000+05:30,5679
50991,2014-06-09T00:00:00.000+05:30,5001
50998,2014-06-09T00:00:00.000+05:30,9683
51000,2014-06-09T00:00:00.000+05:30,6480
51002,2014-06-09T00:00:00.000+05:30,9523
51010,2014-06-09T00:00:00.000+05:30,6822
51011,2014-06-09T00:00:00.000+05:30,8759
51012,2014-06-09T00:00:00.000+05:30,6675
51013,2014-06-09T00:00:00.000+05:30,10933
51017,2014-06-09T00:00:00.000+05:30,1361
51018,2014-06-09T00:00:00.000+05:30,1190
51023,2014-06-09T00:00:00.000+05:30,10665
51025,2014-06-09T00:00:00.000+05:30,1899
51032,2014-06-09T00:00:00.000+05:30,10250
51033,2014-06-09T00:00:00.000+05:30,670
51039,2014-06-09T00:00:00.000+05:30,4443
51041,2014-06-09T00:00:00.000+05:30,106
51043,2014-06-09T00:00:00.000+05:30,3800
51046,2014-06-09T00:00:00.000+05:30,6355
51048,2014-06-09T00:00:00.000+05:30,5884
51051,2014-06-09T00:00:00.000+05:30,8207
51052,2014-06-09T00:00:00.000+05:30,6254
51054,2014-06-09T00:00:00.000+05:30,1468
51057,2014-06-09T00:00:00.000+05:30,749
51060,2014-06-09T00:00:00.000+05:30,247
51068,2014-06-09T00:00:00.000+05:30,5766
51069,2014-06-09T00:00:00.000+05:30,4290
51070,2014-06-09T00:00:00.000+05:30,2833
51072,2014-06-09T00:00:00.000+05:30,4289
51073,2014-06-09T00:00:00.000+05:30,9426
51074,2014-06-09T00:00:00.000+05:30,5896
51076,2014-06-09T00:00:00.000+05:30,2791
51081,2014-06-09T00:00:00.000+05:30,8412
51085,2014-06-09T00:00:00.000+05:30,2757
51088,2014-06-09T00:00:00.000+05:30,5211
51092,2014-06-09T00:00:00.000+05:30,4375
51093,2014-06-09T00:00:00.000+05:30,6975
51103,2014-06-10T00:00:00.000+05:30,4797
51108,2014-06-10T00:00:00.000+05:30,8581
51116,2014-06-10T00:00:00.000+05:30,3781
51119,2014-06-10T00:00:00.000+05:30,10379
51126,2014-06-10T00:00:00.000+05:30,3735
51127,2014-06-10T00:00:00.000+05:30,4584
51128,2014-06-10T00:00:00.000+05:30,2146
51130,2014-06-10T00:00:00.000+05:30,9689
51131,2014-06-10T00:00:00.000+05:30,916
51133,2014-06-10T00:00:00.000+05:30,11462
51139,2014-06-10T00:00:00.000+05:30,7458
51141,2014-06-10T00:00:00.000+05:30,6815
51142,2014-06-10T00:00:00.000+05:30,5251
51143,2014-06-10T00:00:00.000+05:30,3708
51147,2014-06-10T00:00:00.000+05:30,6085
51150,2014-06-10T00:00:00.000+05:30,2067
51156,2014-06-10T00:00:00.000+05:30,10893
51158,2014-06-10T00:00:00.000+05:30,4609
51159,2014-06-10T00:00:00.000+05:30,11692
51162,2014-06-10T00:00:00.000+05:30,3811
51164,2014-06-10T00:00:00.000+05:30,6448
51165,2014-06-10T00:00:00.000+05:30,12254
51166,2014-06-10T00:00:00.000+05:30,6766
51174,2014-06-10T00:00:00.000+05:30,7637
51181,2014-06-10T00:00:00.000+05:30,1361
51195,2014-06-10T00:00:00.000+05:30,2231
51196,2014-06-10T00:00:00.000+05:30,1457
51199,2014-06-10T00:00:00.000+05:30,1122
51202,2014-06-10T00:00:00.000+05:30,431
51208,2014-06-11T00:00:00.000+05:30,2691
51209,2014-06-11T00:00:00.000+05:30,7705
51212,2014-06-11T00:00:00.000+05:30,10514
51216,2014-06-11T00:00:00.000+05:30,2155
51219,2014-06-11T00:00:00.000+05:30,9321
51220,2014-06-11T00:00:00.000+05:30,252
51222,2014-06-11T00:00:00.000+05:30,2010
51225,2014-06-11T00:00:00.000+05:30,12009
51227,2014-06-11T00:00:00.000+05:30,7422
51230,2014-06-11T00:00:00.000+05:30,10971
51232,2014-06-11T00:00:00.000+05:30,12026
51236,2014-06-11T00:00:00.000+05:30,12284
51238,2014-06-11T00:00:00.000+05:30,11475
51241,2014-06-11T00:00:00.000+05:30,11127
51242,2014-06-11T00:00:00.000+05:30,11755
51244,2014-06-11T00:00:00.000+05:30,6851
51246,2014-06-11T00:00:00.000+05:30,11549
51249,2014-06-11T00:00:00.000+05:30,2617
51256,2014-06-11T00:00:00.000+05:30,7957
51258,2014-06-11T00:00:00.000+05:30,7305
51259,2014-06-11T00:00:00.000+05:30,6889
51260,2014-06-11T00:00:00.000+05:30,3754
51261,2014-06-11T00:00:00.000+05:30,11750
51269,2014-06-11T00:00:00.000+05:30,6398
51277,2014-06-11T00:00:00.000+05:30,10856
51278,2014-06-11T00:00:00.000+05:30,12123
51280,2014-06-11T00:00:00.000+05:30,9271
51285,2014-06-11T00:00:00.000+05:30,5719
51287,2014-06-11T00:00:00.000+05:30,8929
51290,2014-06-12T00:00:00.000+05:30,9085
51291,2014-06-12T00:00:00.000+05:30,5282
51293,2014-06-12T00:00:00.000+05:30,7353
51296,2014-06-12T00:00:00.000+05:30,1251
51303,2014-06-12T00:00:00.000+05:30,8235
51308,2014-06-12T00:00:00.000+05:30,1852
51311,2014-06-12T00:00:00.000+05:30,1869
51314,2014-06-12T00:00:00.000+05:30,5117
51324,2014-06-12T00:00:00.000+05:30,9607
51330,2014-06-12T00:00:00.000+05:30,861
51331,2014-06-12T00:00:00.000+05:30,8321
51333,2014-06-12T00:00:00.000+05:30,9303
51335,2014-06-12T00:00:00.000+05:30,9896
51337,2014-06-12T00:00:00.000+05:30,8193
51338,2014-06-12T00:00:00.000+05:30,8613
51342,2014-06-12T00:00:00.000+05:30,12172
51343,2014-06-12T00:00:00.000+05:30,2917
51344,2014-06-12T00:00:00.000+05:30,9954
51345,2014-06-12T00:00:00.000+05:30,12127
51347,2014-06-12T00:00:00.000+05:30,531
51349,2014-06-12T00:00:00.000+05:30,3925
51352,2014-06-12T00:00:00.000+05:30,6054
51354,2014-06-12T00:00:00.000+05:30,2043
51355,2014-06-12T00:00:00.000+05:30,6034
51364,2014-06-12T00:00:00.000+05:30,8227
51365,2014-06-12T00:00:00.000+05:30,7791
51370,2014-06-12T00:00:00.000+05:30,7338
51372,2014-06-12T00:00:00.000+05:30,11635
51373,2014-06-12T00:00:00.000+05:30,6067
51376,2014-06-12T00:00:00.000+05:30,3571
51377,2014-06-12T00:00:00.000+05:30,4711
51378,2014-06-12T00:00:00.000+05:30,8015
51379,2014-06-12T00:00:00.000+05:30,3324
51380,2014-06-12T00:00:00.000+05:30,3659
51383,2014-06-12T00:00:00.000+05:30,5592
51384,2014-06-12T00:00:00.000+05:30,4618
51387,2014-06-12T00:00:00.000+05:30,10108
51389,2014-06-12T00:00:00.000+05:30,9426
51395,2014-06-12T00:00:00.000+05:30,5336
51397,2014-06-12T00:00:00.000+05:30,11125
51398,2014-06-12T00:00:00.000+05:30,1173
51400,2014-06-12T00:00:00.000+05:30,930
51401,2014-06-12T00:00:00.000+05:30,6435
51403,2014-06-12T00:00:00.000+05:30,7913
51404,2014-06-12T00:00:00.000+05:30,5828
51408,2014-06-12T00:00:00.000+05:30,8188
51411,2014-06-12T00:00:00.000+05:30,3621
51414,2014-06-13T00:00:00.000+05:30,9062
51422,2014-06-13T00:00:00.000+05:30,11274
51425,2014-06-13T00:00:00.000+05:30,10386
51432,2014-06-13T00:00:00.000+05:30,7758
51439,2014-06-13T00:00:00.000+05:30,11619
51444,2014-06-13T00:00:00.000+05:30,7936
51445,2014-06-13T00:00:00.000+05:30,9886
51446,2014-06-13T00:00:00.000+05:30,3166
51451,2014-06-13T00:00:00.000+05:30,9982
51460,2014-06-13T00:00:00.000+05:30,2013
51463,2014-06-13T00:00:00.000+05:30,1225
51470,2014-06-13T00:00:00.000+05:30,9175
51471,2014-06-13T00:00:00.000+05:30,11024
51474,2014-06-13T00:00:00.000+05:30,7012
51475,2014-06-13T00:00:00.000+05:30,6350
51477,2014-06-13T00:00:00.000+05:30,9531
51481,2014-06-13T00:00:00.000+05:30,11031
51486,2014-06-13T00:00:00.000+05:30,4996
51488,2014-06-13T00:00:00.000+05:30,7962
51494,2014-06-13T00:00:00.000+05:30,7461
51495,2014-06-13T00:00:00.000+05:30,3841
51498,2014-06-13T00:00:00.000+05:30,9609
51501,2014-06-13T00:00:00.000+05:30,12200
51503,2014-06-13T00:00:00.000+05:30,10703
51504,2014-06-13T00:00:00.000+05:30,2384
51506,2014-06-13T00:00:00.000+05:30,8043
51507,2014-06-13T00:00:00.000+05:30,4309
51510,2014-06-13T00:00:00.000+05:30,7781
51512,2014-06-13T00:00:00.000+05:30,10109
51513,2014-06-13T00:00:00.000+05:30,5371
51519,2014-06-13T00:00:00.000+05:30,819
51521,2014-06-13T00:00:00.000+05:30,9130
51524,2014-06-13T00:00:00.000+05:30,2410
51528,2014-06-13T00:00:00.000+05:30,11648
51529,2014-06-13T00:00:00.000+05:30,12362
51530,2014-06-13T00:00:00.000+05:30,323
51531,2014-06-13T00:00:00.000+05:30,12026
51536,2014-06-13T00:00:00.000+05:30,6084
51538,2014-06-13T00:00:00.000+05:30,1255
51545,2014-06-13T00:00:00.000+05:30,7340
51546,2014-06-13T00:00:00.000+05:30,679
51548,2014-06-13T00:00:00.000+05:30,3957
51553,2014-06-13T00:00:00.000+05:30,7765
51555,2014-06-13T00:00:00.000+05:30,5173
51556,2014-06-13T00:00:00.000+05:30,9313
51562,2014-06-13T00:00:00.000+05:30,1729
51567,2014-06-13T00:00:00.000+05:30,10876
51568,2014-06-13T00:00:00.000+05:30,3105
51569,2014-06-13T00:00:00.000+05:30,957
51580,2014-06-13T00:00:00.000+05:30,1350
51581,2014-06-13T00:00:00.000+05:30,11484
51583,2014-06-13T00:00:00.000+05:30,5318
51585,2014-06-13T00:00:00.000+05:30,3319
51586,2014-06-13T00:00:00.000+05:30,5785
51587,2014-06-13T00:00:00.000+05:30,2860
51589,2014-06-13T00:00:00.000+05:30,4623
51592,2014-06-13T00:00:00.000+05:30,9995
51598,2014-06-13T00:00:00.000+05:30,4215
51602,2014-06-13T00:00:00.000+05:30,10472
51604,2014-06-13T00:00:00.000+05:30,1696
51606,2014-06-13T00:00:00.000+05:30,4802
51612,2014-06-13T00:00:00.000+05:30,2519
51613,2014-06-13T00:00:00.000+05:30,4387
51614,2014-06-13T00:00:00.000+05:30,2706
51616,2014-06-13T00:00:00.000+05:30,7677
51617,2014-06-13T00:00:00.000+05:30,2989
51622,2014-06-13T00:00:00.000+05:30,232
51625,2014-06-13T00:00:00.000+05:30,3155
51630,2014-06-13T00:00:00.000+05:30,223
51632,2014-06-14T00:00:00.000+05:30,10109
51634,2014-06-14T00:00:00.000+05:30,10190
51637,2014-06-14T00:00:00.000+05:30,3123
51638,2014-06-14T00:00:00.000+05:30,9645
51642,2014-06-14T00:00:00.000+05:30,9600
51645,2014-06-14T00:00:00.000+05:30,2605
51657,2014-06-14T00:00:00.000+05:30,12159
51658,2014-06-14T00:00:00.000+05:30,2519
51659,2014-06-14T00:00:00.000+05:30,6699
51661,2014-06-14T00:00:00.000+05:30,9175
51662,2014-06-14T00:00:00.000+05:30,5298
51665,2014-06-14T00:00:00.000+05:30,8645
51670,2014-06-14T00:00:00.000+05:30,9322
51671,2014-06-14T00:00:00.000+05:30,9000
51673,2014-06-14T00:00:00.000+05:30,7538
51677,2014-06-14T00:00:00.000+05:30,6321
51688,2014-06-14T00:00:00.000+05:30,4850
51692,2014-06-14T00:00:00.000+05:30,948
51693,2014-06-14T00:00:00.000+05:30,11483
51696,2014-06-14T00:00:00.000+05:30,6460
51697,2014-06-14T00:00:00.000+05:30,11112
51698,2014-06-14T00:00:00.000+05:30,740
51701,2014-06-14T00:00:00.000+05:30,937
51704,2014-06-14T00:00:00.000+05:30,5204
51706,2014-06-14T00:00:00.000+05:30,841
51708,2014-06-14T00:00:00.000+05:30,11546
51709,2014-06-14T00:00:00.000+05:30,8379
51710,2014-06-14T00:00:00.000+05:30,4952
51711,2014-06-14T00:00:00.000+05:30,1606
51713,2014-06-14T00:00:00.000+05:30,3410
51716,2014-06-14T00:00:00.000+05:30,7774
51720,2014-06-14T00:00:00.000+05:30,7109
51721,2014-06-14T00:00:00.000+05:30,7849
51723,2014-06-14T00:00:00.000+05:30,8440
51724,2014-06-14T00:00:00.000+05:30,12189
51726,2014-06-14T00:00:00.000+05:30,4922
51728,2014-06-14T00:00:00.000+05:30,6109
51730,2014-06-14T00:00:00.000+05:30,2153
51736,2014-06-14T00:00:00.000+05:30,9881
51743,2014-06-14T00:00:00.000+05:30,8804
51745,2014-06-14T00:00:00.000+05:30,4159
51749,2014-06-14T00:00:00.000+05:30,3663
51753,2014-06-14T00:00:00.000+05:30,8138
51754,2014-06-14T00:00:00.000+05:30,9825
51758,2014-06-14T00:00:00.000+05:30,1193
51768,2014-06-14T00:00:00.000+05:30,3839
51770,2014-06-14T00:00:00.000+05:30,1733
51774,2014-06-14T00:00:00.000+05:30,5397
51775,2014-06-14T00:00:00.000+05:30,10809
51777,2014-06-14T00:00:00.000+05:30,6041
51781,2014-06-14T00:00:00.000+05:30,11
51783,2014-06-14T00:00:00.000+05:30,9560
51789,2014-06-14T00:00:00.000+05:30,6982
51792,2014-06-14T00:00:00.000+05:30,8400
51794,2014-06-14T00:00:00.000+05:30,2089
51795,2014-06-14T00:00:00.000+05:30,1515
51797,2014-06-14T00:00:00.000+05:30,184
51806,2014-06-14T00:00:00.000+05:30,2929
51808,2014-06-14T00:00:00.000+05:30,12372
51810,2014-06-14T00:00:00.000+05:30,2150
51812,2014-06-14T00:00:00.000+05:30,2999
51813,2014-06-14T00:00:00.000+05:30,11708
51814,2014-06-14T00:00:00.000+05:30,5874
51815,2014-06-14T00:00:00.000+05:30,12284
51819,2014-06-14T00:00:00.000+05:30,1297
51820,2014-06-14T00:00:00.000+05:30,2699
51821,2014-06-14T00:00:00.000+05:30,7932
51823,2014-06-14T00:00:00.000+05:30,11457
51826,2014-06-14T00:00:00.000+05:30,3813
51827,2014-06-14T00:00:00.000+05:30,3406
51828,2014-06-14T00:00:00.000+05:30,7754
51834,2014-06-14T00:00:00.000+05:30,563
51839,2014-06-14T00:00:00.000+05:30,4055
51841,2014-06-15T00:00:00.000+05:30,11802
51843,2014-06-15T00:00:00.000+05:30,390
51846,2014-06-15T00:00:00.000+05:30,4217
51847,2014-06-15T00:00:00.000+05:30,6826
51849,2014-06-15T00:00:00.000+05:30,2980
51851,2014-06-15T00:00:00.000+05:30,12421
51852,2014-06-15T00:00:00.000+05:30,12248
51854,2014-06-15T00:00:00.000+05:30,9143
51857,2014-06-15T00:00:00.000+05:30,829
51860,2014-06-15T00:00:00.000+05:30,993
51862,2014-06-15T00:00:00.000+05:30,12204
51863,2014-06-15T00:00:00.000+05:30,6430
51867,2014-06-15T00:00:00.000+05:30,6011
51870,2014-06-15T00:00:00.000+05:30,5763
51875,2014-06-15T00:00:00.000+05:30,2057
51877,2014-06-15T00:00:00.000+05:30,12019
51878,2014-06-15T00:00:00.000+05:30,8764
51879,2014-06-15T00:00:00.000+05:30,257
51880,2014-06-15T00:00:00.000+05:30,6709
51883,2014-06-15T00:00:00.000+05:30,5886
51886,2014-06-15T00:00:00.000+05:30,11453
51889,2014-06-15T00:00:00.000+05:30,637
51893,2014-06-15T00:00:00.000+05:30,4755
51904,2014-06-15T00:00:00.000+05:30,3954
51906,2014-06-15T00:00:00.000+05:30,4467
51908,2014-06-15T00:00:00.000+05:30,8939
51909,2014-06-15T00:00:00.000+05:30,2065
51912,2014-06-15T00:00:00.000+05:30,12033
51916,2014-06-15T00:00:00.000+05:30,9669
51917,2014-06-15T00:00:00.000+05:30,3725
51919,2014-06-15T00:00:00.000+05:30,10556
51920,2014-06-15T00:00:00.000+05:30,778
51921,2014-06-15T00:00:00.000+05:30,7699
51922,2014-06-15T00:00:00.000+05:30,5807
51924,2014-06-15T00:00:00.000+05:30,11927
51927,2014-06-15T00:00:00.000+05:30,3287
51929,2014-06-15T00:00:00.000+05:30,8676
51942,2014-06-15T00:00:00.000+05:30,5716
51943,2014-06-15T00:00:00.000+05:30,2851
51946,2014-06-15T00:00:00.000+05:30,6267
51948,2014-06-15T00:00:00.000+05:30,7901
51953,2014-06-16T00:00:00.000+05:30,8800
51955,2014-06-16T00:00:00.000+05:30,12362
51956,2014-06-16T00:00:00.000+05:30,11828
51957,2014-06-16T00:00:00.000+05:30,8948
51958,2014-06-16T00:00:00.000+05:30,2347
51959,2014-06-16T00:00:00.000+05:30,1830
51964,2014-06-16T00:00:00.000+05:30,5168
51967,2014-06-16T00:00:00.000+05:30,8383
51985,2014-06-16T00:00:00.000+05:30,214
51988,2014-06-16T00:00:00.000+05:30,7885
51991,2014-06-16T00:00:00.000+05:30,5784
51996,2014-06-16T00:00:00.000+05:30,11497
51997,2014-06-16T00:00:00.000+05:30,11590
52003,2014-06-16T00:00:00.000+05:30,8192
52004,2014-06-16T00:00:00.000+05:30,11459
52006,2014-06-16T00:00:00.000+05:30,10197
52007,2014-06-16T00:00:00.000+05:30,424
52013,2014-06-16T00:00:00.000+05:30,7642
52014,2014-06-16T00:00:00.000+05:30,11814
52025,2014-06-16T00:00:00.000+05:30,10638
52027,2014-06-16T00:00:00.000+05:30,1021
52028,2014-06-16T00:00:00.000+05:30,6737
52029,2014-06-16T00:00:00.000+05:30,12051
52030,2014-06-16T00:00:00.000+05:30,2028
52031,2014-06-16T00:00:00.000+05:30,10514
52032,2014-06-16T00:00:00.000+05:30,2613
52033,2014-06-16T00:00:00.000+05:30,196
52039,2014-06-16T00:00:00.000+05:30,8293
52040,2014-06-16T00:00:00.000+05:30,6288
52044,2014-06-16T00:00:00.000+05:30,10452
52046,2014-06-16T00:00:00.000+05:30,10450
52050,2014-06-16T00:00:00.000+05:30,642
52055,2014-06-16T00:00:00.000+05:30,1567
52056,2014-06-16T00:00:00.000+05:30,848
52058,2014-06-16T00:00:00.000+05:30,2784
52061,2014-06-16T00:00:00.000+05:30,5959
52063,2014-06-16T00:00:00.000+05:30,7581
52066,2014-06-16T00:00:00.000+05:30,8467
52073,2014-06-16T00:00:00.000+05:30,3033
52077,2014-06-16T00:00:00.000+05:30,7242
52082,2014-06-16T00:00:00.000+05:30,7707
52087,2014-06-16T00:00:00.000+05:30,12049
52091,2014-06-16T00:00:00.000+05:30,11861
52095,2014-06-16T00:00:00.000+05:30,5637
52101,2014-06-16T00:00:00.000+05:30,11809
52104,2014-06-16T00:00:00.000+05:30,10606
52105,2014-06-16T00:00:00.000+05:30,11265
52108,2014-06-16T00:00:00.000+05:30,10064
52109,2014-06-16T00:00:00.000+05:30,473
52110,2014-06-16T00:00:00.000+05:30,6099
52112,2014-06-16T00:00:00.000+05:30,4495
52113,2014-06-16T00:00:00.000+05:30,6336
52114,2014-06-16T00:00:00.000+05:30,2349
52115,2014-06-16T00:00:00.000+05:30,1159
52117,2014-06-16T00:00:00.000+05:30,4141
52122,2014-06-16T00:00:00.000+05:30,10796
52125,2014-06-16T00:00:00.000+05:30,5260
52126,2014-06-16T00:00:00.000+05:30,1989
52128,2014-06-16T00:00:00.000+05:30,10299
52129,2014-06-16T00:00:00.000+05:30,8718
52130,2014-06-16T00:00:00.000+05:30,3756
52131,2014-06-16T00:00:00.000+05:30,5274
52134,2014-06-16T00:00:00.000+05:30,666
52136,2014-06-16T00:00:00.000+05:30,12318
52139,2014-06-16T00:00:00.000+05:30,329
52140,2014-06-16T00:00:00.000+05:30,5110
52143,2014-06-16T00:00:00.000+05:30,9883
52144,2014-06-16T00:00:00.000+05:30,8332
52148,2014-06-16T00:00:00.000+05:30,8739
52149,2014-06-16T00:00:00.000+05:30,11102
52151,2014-06-17T00:00:00.000+05:30,9609
52153,2014-06-17T00:00:00.000+05:30,4353
52155,2014-06-17T00:00:00.000+05:30,9727
52159,2014-06-17T00:00:00.000+05:30,8161
52160,2014-06-17T00:00:00.000+05:30,4403
52167,2014-06-17T00:00:00.000+05:30,6248
52168,2014-06-17T00:00:00.000+05:30,7130
52170,2014-06-17T00:00:00.000+05:30,303
52173,2014-06-17T00:00:00.000+05:30,9964
52175,2014-06-17T00:00:00.000+05:30,2190
52176,2014-06-17T00:00:00.000+05:30,6430
52180,2014-06-17T00:00:00.000+05:30,101
52183,2014-06-17T00:00:00.000+05:30,9923
52193,2014-06-17T00:00:00.000+05:30,11898
52196,2014-06-17T00:00:00.000+05:30,1022
52200,2014-06-17T00:00:00.000+05:30,7575
52201,2014-06-17T00:00:00.000+05:30,11710
52204,2014-06-17T00:00:00.000+05:30,3889
52205,2014-06-17T00:00:00.000+05:30,4448
52211,2014-06-17T00:00:00.000+05:30,5801
52213,2014-06-17T00:00:00.000+05:30,6666
52214,2014-06-17T00:00:00.000+05:30,9035
52216,2014-06-17T00:00:00.000+05:30,3589
52218,2014-06-17T00:00:00.000+05:30,1757
52220,2014-06-17T00:00:00.000+05:30,9741
52223,2014-06-17T00:00:00.000+05:30,4354
52224,2014-06-17T00:00:00.000+05:30,10917
52235,2014-06-17T00:00:00.000+05:30,8151
52239,2014-06-17T00:00:00.000+05:30,7836
52242,2014-06-17T00:00:00.000+05:30,3938
52243,2014-06-17T00:00:00.000+05:30,8199
52244,2014-06-17T00:00:00.000+05:30,5349
52246,2014-06-17T00:00:00.000+05:30,10194
52248,2014-06-17T00:00:00.000+05:30,12406
52254,2014-06-17T00:00:00.000+05:30,217
52256,2014-06-17T00:00:00.000+05:30,9291
52257,2014-06-17T00:00:00.000+05:30,2329
52258,2014-06-17T00:00:00.000+05:30,11978
52261,2014-06-17T00:00:00.000+05:30,10493
52262,2014-06-17T00:00:00.000+05:30,6025
52266,2014-06-18T00:00:00.000+05:30,5244
52269,2014-06-18T00:00:00.000+05:30,8977
52270,2014-06-18T00:00:00.000+05:30,4485
52272,2014-06-18T00:00:00.000+05:30,6662
52273,2014-06-18T00:00:00.000+05:30,12235
52275,2014-06-18T00:00:00.000+05:30,11931
52276,2014-06-18T00:00:00.000+05:30,1311
52283,2014-06-18T00:00:00.000+05:30,1591
52286,2014-06-18T00:00:00.000+05:30,361
52293,2014-06-18T00:00:00.000+05:30,3589
52295,2014-06-18T00:00:00.000+05:30,7396
52297,2014-06-18T00:00:00.000+05:30,9634
52298,2014-06-18T00:00:00.000+05:30,1625
52299,2014-06-18T00:00:00.000+05:30,5308
52300,2014-06-18T00:00:00.000+05:30,5822
52301,2014-06-18T00:00:00.000+05:30,8397
52302,2014-06-18T00:00:00.000+05:30,6915
52305,2014-06-18T00:00:00.000+05:30,10517
52310,2014-06-18T00:00:00.000+05:30,5941
52314,2014-06-18T00:00:00.000+05:30,772
52315,2014-06-18T00:00:00.000+05:30,230
52316,2014-06-18T00:00:00.000+05:30,4796
52317,2014-06-18T00:00:00.000+05:30,5604
52320,2014-06-18T00:00:00.000+05:30,6434
52322,2014-06-18T00:00:00.000+05:30,5596
52324,2014-06-18T00:00:00.000+05:30,8278
52328,2014-06-18T00:00:00.000+05:30,7123
52330,2014-06-18T00:00:00.000+05:30,2659
52333,2014-06-18T00:00:00.000+05:30,2279
52335,2014-06-18T00:00:00.000+05:30,11483
52345,2014-06-18T00:00:00.000+05:30,4369
52346,2014-06-18T00:00:00.000+05:30,2456
52348,2014-06-18T00:00:00.000+05:30,10563
52349,2014-06-18T00:00:00.000+05:30,5553
52350,2014-06-18T00:00:00.000+05:30,8390
52351,2014-06-18T00:00:00.000+05:30,9177
52357,2014-06-18T00:00:00.000+05:30,6721
52359,2014-06-18T00:00:00.000+05:30,10248
52363,2014-06-18T00:00:00.000+05:30,11479
52364,2014-06-18T00:00:00.000+05:30,6598
52370,2014-06-18T00:00:00.000+05:30,2288
52371,2014-06-18T00:00:00.000+05:30,1060
52373,2014-06-18T00:00:00.000+05:30,8024
52375,2014-06-18T00:00:00.000+05:30,9789
52381,2014-06-18T00:00:00.000+05:30,2306
52385,2014-06-18T00:00:00.000+05:30,10844
52386,2014-06-18T00:00:00.000+05:30,11568
52387,2014-06-18T00:00:00.000+05:30,7587
52393,2014-06-18T00:00:00.000+05:30,189
52398,2014-06-18T00:00:00.000+05:30,9625
52400,2014-06-18T00:00:00.000+05:30,7738
52401,2014-06-18T00:00:00.000+05:30,12193
52402,2014-06-18T00:00:00.000+05:30,11586
52407,2014-06-18T00:00:00.000+05:30,6517
52408,2014-06-18T00:00:00.000+05:30,480
52417,2014-06-19T00:00:00.000+05:30,10497
52419,2014-06-19T00:00:00.000+05:30,1715
52423,2014-06-19T00:00:00.000+05:30,7247
52428,2014-06-19T00:00:00.000+05:30,12106
52429,2014-06-19T00:00:00.000+05:30,2483
52431,2014-06-19T00:00:00.000+05:30,1252
52436,2014-06-19T00:00:00.000+05:30,10999
52441,2014-06-19T00:00:00.000+05:30,11153
52443,2014-06-19T00:00:00.000+05:30,8289
52447,2014-06-19T00:00:00.000+05:30,2520
52449,2014-06-19T00:00:00.000+05:30,3879
52452,2014-06-19T00:00:00.000+05:30,12397
52456,2014-06-19T00:00:00.000+05:30,5331
52457,2014-06-19T00:00:00.000+05:30,9727
52458,2014-06-19T00:00:00.000+05:30,5071
52460,2014-06-19T00:00:00.000+05:30,11836
52461,2014-06-19T00:00:00.000+05:30,4491
52468,2014-06-19T00:00:00.000+05:30,3943
52473,2014-06-19T00:00:00.000+05:30,9152
52476,2014-06-19T00:00:00.000+05:30,6123
52479,2014-06-19T00:00:00.000+05:30,687
52480,2014-06-19T00:00:00.000+05:30,2308
52481,2014-06-19T00:00:00.000+05:30,4904
52486,2014-06-19T00:00:00.000+05:30,7946
52492,2014-06-19T00:00:00.000+05:30,3864
52497,2014-06-19T00:00:00.000+05:30,7772
52500,2014-06-19T00:00:00.000+05:30,7055
52502,2014-06-19T00:00:00.000+05:30,6407
52503,2014-06-19T00:00:00.000+05:30,2086
52506,2014-06-19T00:00:00.000+05:30,4653
52509,2014-06-19T00:00:00.000+05:30,5298
52510,2014-06-19T00:00:00.000+05:30,10618
52511,2014-06-19T00:00:00.000+05:30,5559
52512,2014-06-19T00:00:00.000+05:30,6329
52513,2014-06-19T00:00:00.000+05:30,9234
52514,2014-06-19T00:00:00.000+05:30,4249
52517,2014-06-19T00:00:00.000+05:30,11339
52524,2014-06-19T00:00:00.000+05:30,354
52535,2014-06-19T00:00:00.000+05:30,6438
52538,2014-06-19T00:00:00.000+05:30,10135
52544,2014-06-19T00:00:00.000+05:30,754
52545,2014-06-19T00:00:00.000+05:30,4328
52547,2014-06-19T00:00:00.000+05:30,12397
52548,2014-06-19T00:00:00.000+05:30,1488
52550,2014-06-19T00:00:00.000+05:30,944
52553,2014-06-19T00:00:00.000+05:30,9830
52556,2014-06-19T00:00:00.000+05:30,11321
52557,2014-06-19T00:00:00.000+05:30,2446
52560,2014-06-19T00:00:00.000+05:30,1674
52561,2014-06-19T00:00:00.000+05:30,6826
52577,2014-06-19T00:00:00.000+05:30,6599
52578,2014-06-19T00:00:00.000+05:30,10960
52579,2014-06-19T00:00:00.000+05:30,5751
52584,2014-06-19T00:00:00.000+05:30,9617
52585,2014-06-19T00:00:00.000+05:30,8311
52586,2014-06-19T00:00:00.000+05:30,2858
52587,2014-06-19T00:00:00.000+05:30,2384
52595,2014-06-19T00:00:00.000+05:30,10951
52597,2014-06-19T00:00:00.000+05:30,3979
52604,2014-06-19T00:00:00.000+05:30,17
52605,2014-06-19T00:00:00.000+05:30,7735
52606,2014-06-19T00:00:00.000+05:30,5765
52608,2014-06-19T00:00:00.000+05:30,3344
52609,2014-06-19T00:00:00.000+05:30,6388
52610,2014-06-19T00:00:00.000+05:30,8295
52611,2014-06-19T00:00:00.000+05:30,6213
52616,2014-06-19T00:00:00.000+05:30,11632
52617,2014-06-19T00:00:00.000+05:30,6389
52620,2014-06-19T00:00:00.000+05:30,1444
52621,2014-06-19T00:00:00.000+05:30,206
52623,2014-06-19T00:00:00.000+05:30,5616
52634,2014-06-19T00:00:00.000+05:30,5312
52636,2014-06-19T00:00:00.000+05:30,10982
52637,2014-06-19T00:00:00.000+05:30,7016
52639,2014-06-19T00:00:00.000+05:30,5054
52641,2014-06-20T00:00:00.000+05:30,11340
52644,2014-06-20T00:00:00.000+05:30,9995
52648,2014-06-20T00:00:00.000+05:30,4381
52651,2014-06-20T00:00:00.000+05:30,10528
52655,2014-06-20T00:00:00.000+05:30,8254
52657,2014-06-20T00:00:00.000+05:30,9966
52658,2014-06-20T00:00:00.000+05:30,4280
52661,2014-06-20T00:00:00.000+05:30,1363
52662,2014-06-20T00:00:00.000+05:30,3128
52665,2014-06-20T00:00:00.000+05:30,462
52666,2014-06-20T00:00:00.000+05:30,10031
52670,2014-06-20T00:00:00.000+05:30,5484
52671,2014-06-20T00:00:00.000+05:30,576
52675,2014-06-20T00:00:00.000+05:30,3606
52678,2014-06-20T00:00:00.000+05:30,5212
52679,2014-06-20T00:00:00.000+05:30,1695
52681,2014-06-20T00:00:00.000+05:30,6198
52683,2014-06-20T00:00:00.000+05:30,2403
52693,2014-06-20T00:00:00.000+05:30,9206
52694,2014-06-20T00:00:00.000+05:30,4808
52695,2014-06-20T00:00:00.000+05:30,11205
52696,2014-06-20T00:00:00.000+05:30,10176
52703,2014-06-20T00:00:00.000+05:30,10079
52706,2014-06-20T00:00:00.000+05:30,5698
52710,2014-06-20T00:00:00.000+05:30,9611
52714,2014-06-20T00:00:00.000+05:30,10025
52716,2014-06-20T00:00:00.000+05:30,4464
52717,2014-06-20T00:00:00.000+05:30,636
52721,2014-06-20T00:00:00.000+05:30,2049
52724,2014-06-20T00:00:00.000+05:30,1105
52725,2014-06-20T00:00:00.000+05:30,12357
52726,2014-06-20T00:00:00.000+05:30,12154
52727,2014-06-20T00:00:00.000+05:30,263
52730,2014-06-20T00:00:00.000+05:30,2420
52731,2014-06-20T00:00:00.000+05:30,7149
52736,2014-06-20T00:00:00.000+05:30,3094
52740,2014-06-21T00:00:00.000+05:30,8875
52742,2014-06-21T00:00:00.000+05:30,7761
52744,2014-06-21T00:00:00.000+05:30,6585
52746,2014-06-21T00:00:00.000+05:30,4998
52753,2014-06-21T00:00:00.000+05:30,1158
52755,2014-06-21T00:00:00.000+05:30,4721
52757,2014-06-21T00:00:00.000+05:30,1537
52758,2014-06-21T00:00:00.000+05:30,10682
52759,2014-06-21T00:00:00.000+05:30,5942
52761,2014-06-21T00:00:00.000+05:30,4073
52762,2014-06-21T00:00:00.000+05:30,10886
52764,2014-06-21T00:00:00.000+05:30,75
52766,2014-06-21T00:00:00.000+05:30,10720
52767,2014-06-21T00:00:00.000+05:30,5554
52774,2014-06-21T00:00:00.000+05:30,8868
52775,2014-06-21T00:00:00.000+05:30,5085
52776,2014-06-21T00:00:00.000+05:30,8906
52777,2014-06-21T00:00:00.000+05:30,3949
52789,2014-06-21T00:00:00.000+05:30,6345
52790,2014-06-21T00:00:00.000+05:30,3881
52792,2014-06-21T00:00:00.000+05:30,11462
52797,2014-06-21T00:00:00.000+05:30,9660
52798,2014-06-21T00:00:00.000+05:30,7715
52805,2014-06-21T00:00:00.000+05:30,4390
52807,2014-06-22T00:00:00.000+05:30,11086
52809,2014-06-22T00:00:00.000+05:30,10575
52810,2014-06-22T00:00:00.000+05:30,1268
52813,2014-06-22T00:00:00.000+05:30,9642
52817,2014-06-22T00:00:00.000+05:30,9459
52819,2014-06-22T00:00:00.000+05:30,9208
52823,2014-06-22T00:00:00.000+05:30,6213
52827,2014-06-22T00:00:00.000+05:30,4760
52831,2014-06-22T00:00:00.000+05:30,10360
52833,2014-06-22T00:00:00.000+05:30,3704
52837,2014-06-22T00:00:00.000+05:30,2548
52838,2014-06-22T00:00:00.000+05:30,6926
52841,2014-06-22T00:00:00.000+05:30,2401
52847,2014-06-22T00:00:00.000+05:30,2593
52849,2014-06-22T00:00:00.000+05:30,8191
52851,2014-06-22T00:00:00.000+05:30,151
52852,2014-06-22T00:00:00.000+05:30,6697
52854,2014-06-22T00:00:00.000+05:30,3669
52863,2014-06-22T00:00:00.000+05:30,8757
52865,2014-06-22T00:00:00.000+05:30,3726
52866,2014-06-22T00:00:00.000+05:30,2241
52869,2014-06-22T00:00:00.000+05:30,4018
52871,2014-06-22T00:00:00.000+05:30,4568
52872,2014-06-22T00:00:00.000+05:30,8357
52874,2014-06-22T00:00:00.000+05:30,2070
52875,2014-06-22T00:00:00.000+05:30,7355
52878,2014-06-23T00:00:00.000+05:30,12201
52879,2014-06-23T00:00:00.000+05:30,7084
52883,2014-06-23T00:00:00.000+05:30,5076
52885,2014-06-23T00:00:00.000+05:30,1330
52886,2014-06-23T00:00:00.000+05:30,3769
52893,2014-06-23T00:00:00.000+05:30,256
52898,2014-06-23T00:00:00.000+05:30,9771
52904,2014-06-23T00:00:00.000+05:30,1323
52907,2014-06-23T00:00:00.000+05:30,11604
52914,2014-06-23T00:00:00.000+05:30,9899
52916,2014-06-23T00:00:00.000+05:30,3769
52917,2014-06-23T00:00:00.000+05:30,10956
52919,2014-06-23T00:00:00.000+05:30,1272
52921,2014-06-23T00:00:00.000+05:30,12389
52922,2014-06-23T00:00:00.000+05:30,10501
52924,2014-06-23T00:00:00.000+05:30,888
52927,2014-06-23T00:00:00.000+05:30,922
52930,2014-06-23T00:00:00.000+05:30,4998
52932,2014-06-23T00:00:00.000+05:30,2847
52934,2014-06-23T00:00:00.000+05:30,5579
52935,2014-06-23T00:00:00.000+05:30,2252
52937,2014-06-23T00:00:00.000+05:30,8543
52938,2014-06-23T00:00:00.000+05:30,12340
52943,2014-06-23T00:00:00.000+05:30,1568
52947,2014-06-23T00:00:00.000+05:30,7187
52948,2014-06-23T00:00:00.000+05:30,4756
52949,2014-06-23T00:00:00.000+05:30,3763
52952,2014-06-23T00:00:00.000+05:30,1908
52964,2014-06-23T00:00:00.000+05:30,10146
52966,2014-06-23T00:00:00.000+05:30,9932
52970,2014-06-23T00:00:00.000+05:30,10296
52972,2014-06-23T00:00:00.000+05:30,5642
52973,2014-06-23T00:00:00.000+05:30,6791
52974,2014-06-23T00:00:00.000+05:30,4381
52982,2014-06-23T00:00:00.000+05:30,5425
52984,2014-06-23T00:00:00.000+05:30,1847
52986,2014-06-23T00:00:00.000+05:30,4696
52993,2014-06-23T00:00:00.000+05:30,6623
52995,2014-06-23T00:00:00.000+05:30,7640
52998,2014-06-23T00:00:00.000+05:30,7451
53005,2014-06-24T00:00:00.000+05:30,5132
53008,2014-06-24T00:00:00.000+05:30,6006
53009,2014-06-24T00:00:00.000+05:30,623
53010,2014-06-24T00:00:00.000+05:30,2169
53015,2014-06-24T00:00:00.000+05:30,6221
53020,2014-06-24T00:00:00.000+05:30,5962
53029,2014-06-24T00:00:00.000+05:30,11462
53031,2014-06-24T00:00:00.000+05:30,11877
53036,2014-06-24T00:00:00.000+05:30,5238
53037,2014-06-24T00:00:00.000+05:30,11355
53039,2014-06-24T00:00:00.000+05:30,9709
53040,2014-06-24T00:00:00.000+05:30,11280
53046,2014-06-24T00:00:00.000+05:30,9337
53047,2014-06-24T00:00:00.000+05:30,11012
53048,2014-06-24T00:00:00.000+05:30,10606
53052,2014-06-24T00:00:00.000+05:30,2997
53053,2014-06-24T00:00:00.000+05:30,8694
53054,2014-06-24T00:00:00.000+05:30,10375
53057,2014-06-24T00:00:00.000+05:30,4665
53058,2014-06-24T00:00:00.000+05:30,6131
53059,2014-06-24T00:00:00.000+05:30,8902
53061,2014-06-24T00:00:00.000+05:30,10059
53062,2014-06-24T00:00:00.000+05:30,46
53063,2014-06-24T00:00:00.000+05:30,2680
53066,2014-06-24T00:00:00.000+05:30,3042
53071,2014-06-24T00:00:00.000+05:30,12423
53074,2014-06-24T00:00:00.000+05:30,8885
53082,2014-06-24T00:00:00.000+05:30,8156
53085,2014-06-24T00:00:00.000+05:30,1662
53089,2014-06-24T00:00:00.000+05:30,784
53098,2014-06-24T00:00:00.000+05:30,6452
53101,2014-06-25T00:00:00.000+05:30,12029
53104,2014-06-25T00:00:00.000+05:30,7461
53106,2014-06-25T00:00:00.000+05:30,3596
53110,2014-06-25T00:00:00.000+05:30,364
53112,2014-06-25T00:00:00.000+05:30,5033
53114,2014-06-25T00:00:00.000+05:30,3806
53118,2014-06-25T00:00:00.000+05:30,3133
53119,2014-06-25T00:00:00.000+05:30,8676
53120,2014-06-25T00:00:00.000+05:30,3183
53122,2014-06-25T00:00:00.000+05:30,4580
53125,2014-06-25T00:00:00.000+05:30,1141
53126,2014-06-25T00:00:00.000+05:30,4850
53127,2014-06-25T00:00:00.000+05:30,9351
53134,2014-06-25T00:00:00.000+05:30,12357
53135,2014-06-25T00:00:00.000+05:30,6932
53144,2014-06-25T00:00:00.000+05:30,11874
53147,2014-06-25T00:00:00.000+05:30,1028
53148,2014-06-25T00:00:00.000+05:30,7628
53149,2014-06-25T00:00:00.000+05:30,2776
53150,2014-06-25T00:00:00.000+05:30,9254
53152,2014-06-25T00:00:00.000+05:30,11667
53157,2014-06-25T00:00:00.000+05:30,7062
53159,2014-06-25T00:00:00.000+05:30,2689
53162,2014-06-25T00:00:00.000+05:30,4462
53165,2014-06-25T00:00:00.000+05:30,6729
53167,2014-06-25T00:00:00.000+05:30,7719
53170,2014-06-25T00:00:00.000+05:30,9195
53173,2014-06-25T00:00:00.000+05:30,11275
53175,2014-06-25T00:00:00.000+05:30,5540
53177,2014-06-25T00:00:00.000+05:30,1891
53184,2014-06-25T00:00:00.000+05:30,2676
53185,2014-06-25T00:00:00.000+05:30,6484
53188,2014-06-25T00:00:00.000+05:30,1512
53194,2014-06-25T00:00:00.000+05:30,5679
53198,2014-06-25T00:00:00.000+05:30,8771
53203,2014-06-25T00:00:00.000+05:30,6131
53207,2014-06-25T00:00:00.000+05:30,7802
53208,2014-06-25T00:00:00.000+05:30,6132
53211,2014-06-25T00:00:00.000+05:30,2033
53212,2014-06-25T00:00:00.000+05:30,12359
53213,2014-06-25T00:00:00.000+05:30,3103
53215,2014-06-25T00:00:00.000+05:30,9855
53216,2014-06-25T00:00:00.000+05:30,11598
53217,2014-06-25T00:00:00.000+05:30,1632
53224,2014-06-25T00:00:00.000+05:30,7398
53225,2014-06-25T00:00:00.000+05:30,8401
53227,2014-06-25T00:00:00.000+05:30,1425
53228,2014-06-25T00:00:00.000+05:30,9638
53238,2014-06-25T00:00:00.000+05:30,10569
53241,2014-06-25T00:00:00.000+05:30,10199
53242,2014-06-25T00:00:00.000+05:30,2830
53244,2014-06-25T00:00:00.000+05:30,3429
53246,2014-06-25T00:00:00.000+05:30,10875
53249,2014-06-25T00:00:00.000+05:30,3784
53253,2014-06-25T00:00:00.000+05:30,8842
53255,2014-06-25T00:00:00.000+05:30,5186
53256,2014-06-25T00:00:00.000+05:30,819
53257,2014-06-25T00:00:00.000+05:30,5843
53258,2014-06-25T00:00:00.000+05:30,5936
53260,2014-06-25T00:00:00.000+05:30,2362
53262,2014-06-25T00:00:00.000+05:30,5518
53263,2014-06-25T00:00:00.000+05:30,1597
53264,2014-06-25T00:00:00.000+05:30,7866
53268,2014-06-25T00:00:00.000+05:30,4521
53274,2014-06-25T00:00:00.000+05:30,10531
53280,2014-06-25T00:00:00.000+05:30,8542
53281,2014-06-25T00:00:00.000+05:30,3333
53286,2014-06-25T00:00:00.000+05:30,8508
53293,2014-06-25T00:00:00.000+05:30,3798
53295,2014-06-25T00:00:00.000+05:30,8009
53296,2014-06-25T00:00:00.000+05:30,3074
53298,2014-06-25T00:00:00.000+05:30,7320
53303,2014-06-25T00:00:00.000+05:30,3656
53305,2014-06-25T00:00:00.000+05:30,12066
53307,2014-06-25T00:00:00.000+05:30,9815
53309,2014-06-25T00:00:00.000+05:30,9637
53313,2014-06-25T00:00:00.000+05:30,1239
53314,2014-06-25T00:00:00.000+05:30,9350
53315,2014-06-25T00:00:00.000+05:30,3599
53317,2014-06-25T00:00:00.000+05:30,7040
53319,2014-06-25T00:00:00.000+05:30,11985
53320,2014-06-25T00:00:00.000+05:30,11229
53323,2014-06-25T00:00:00.000+05:30,12171
53326,2014-06-25T00:00:00.000+05:30,11574
53328,2014-06-25T00:00:00.000+05:30,11585
53334,2014-06-26T00:00:00.000+05:30,4095
53337,2014-06-26T00:00:00.000+05:30,9898
53340,2014-06-26T00:00:00.000+05:30,3749
53341,2014-06-26T00:00:00.000+05:30,11181
53343,2014-06-26T00:00:00.000+05:30,5111
53345,2014-06-26T00:00:00.000+05:30,2651
53349,2014-06-26T00:00:00.000+05:30,7928
53351,2014-06-26T00:00:00.000+05:30,4862
53352,2014-06-26T00:00:00.000+05:30,5412
53356,2014-06-26T00:00:00.000+05:30,3619
53357,2014-06-26T00:00:00.000+05:30,10827
53364,2014-06-26T00:00:00.000+05:30,9001
53368,2014-06-26T00:00:00.000+05:30,6904
53369,2014-06-26T00:00:00.000+05:30,7762
53385,2014-06-26T00:00:00.000+05:30,11883
53393,2014-06-26T00:00:00.000+05:30,4812
53397,2014-06-26T00:00:00.000+05:30,9413
53405,2014-06-26T00:00:00.000+05:30,6140
53406,2014-06-26T00:00:00.000+05:30,8398
53410,2014-06-26T00:00:00.000+05:30,784
53411,2014-06-26T00:00:00.000+05:30,11120
53412,2014-06-26T00:00:00.000+05:30,12016
53414,2014-06-26T00:00:00.000+05:30,10544
53415,2014-06-26T00:00:00.000+05:30,4390
53416,2014-06-26T00:00:00.000+05:30,8013
53426,2014-06-26T00:00:00.000+05:30,9989
53428,2014-06-26T00:00:00.000+05:30,8424
53432,2014-06-26T00:00:00.000+05:30,10033
53436,2014-06-26T00:00:00.000+05:30,3989
53440,2014-06-26T00:00:00.000+05:30,4116
53443,2014-06-26T00:00:00.000+05:30,7657
53444,2014-06-26T00:00:00.000+05:30,6492
53449,2014-06-26T00:00:00.000+05:30,10095
53452,2014-06-26T00:00:00.000+05:30,8750
53453,2014-06-26T00:00:00.000+05:30,1720
53456,2014-06-26T00:00:00.000+05:30,7722
53458,2014-06-26T00:00:00.000+05:30,3558
53464,2014-06-26T00:00:00.000+05:30,3473
53470,2014-06-27T00:00:00.000+05:30,6915
53472,2014-06-27T00:00:00.000+05:30,5660
53475,2014-06-27T00:00:00.000+05:30,11081
53477,2014-06-27T00:00:00.000+05:30,2823
53482,2014-06-27T00:00:00.000+05:30,1238
53483,2014-06-27T00:00:00.000+05:30,5300
53485,2014-06-27T00:00:00.000+05:30,1672
53487,2014-06-27T00:00:00.000+05:30,5314
53489,2014-06-27T00:00:00.000+05:30,4289
53491,2014-06-27T00:00:00.000+05:30,10481
53493,2014-06-27T00:00:00.000+05:30,4443
53494,2014-06-27T00:00:00.000+05:30,2514
53500,2014-06-27T00:00:00.000+05:30,5004
53501,2014-06-27T00:00:00.000+05:30,9283
53502,2014-06-27T00:00:00.000+05:30,6348
53503,2014-06-27T00:00:00.000+05:30,1752
53504,2014-06-27T00:00:00.000+05:30,11601
53515,2014-06-27T00:00:00.000+05:30,7058
53517,2014-06-27T00:00:00.000+05:30,8486
53523,2014-06-27T00:00:00.000+05:30,12184
53525,2014-06-27T00:00:00.000+05:30,2446
53526,2014-06-27T00:00:00.000+05:30,10191
53538,2014-06-27T00:00:00.000+05:30,1728
53542,2014-06-27T00:00:00.000+05:30,4645
53546,2014-06-27T00:00:00.000+05:30,6975
53547,2014-06-27T00:00:00.000+05:30,3919
53548,2014-06-27T00:00:00.000+05:30,896
53556,2014-06-27T00:00:00.000+05:30,9028
53564,2014-06-27T00:00:00.000+05:30,11242
53565,2014-06-27T00:00:00.000+05:30,7439
53571,2014-06-27T00:00:00.000+05:30,11275
53577,2014-06-27T00:00:00.000+05:30,1629
53584,2014-06-27T00:00:00.000+05:30,1207
53585,2014-06-27T00:00:00.000+05:30,3030
53588,2014-06-27T00:00:00.000+05:30,1236
53589,2014-06-27T00:00:00.000+05:30,10082
53597,2014-06-27T00:00:00.000+05:30,1689
53598,2014-06-27T00:00:00.000+05:30,453
53607,2014-06-27T00:00:00.000+05:30,5652
53609,2014-06-27T00:00:00.000+05:30,5829
53610,2014-06-27T00:00:00.000+05:30,10610
53612,2014-06-27T00:00:00.000+05:30,5472
53615,2014-06-27T00:00:00.000+05:30,8380
53617,2014-06-27T00:00:00.000+05:30,1954
53620,2014-06-27T00:00:00.000+05:30,4628
53621,2014-06-27T00:00:00.000+05:30,5058
53623,2014-06-27T00:00:00.000+05:30,474
53625,2014-06-27T00:00:00.000+05:30,11970
53626,2014-06-27T00:00:00.000+05:30,10401
53629,2014-06-27T00:00:00.000+05:30,11315
53633,2014-06-27T00:00:00.000+05:30,10961
53636,2014-06-27T00:00:00.000+05:30,9096
53641,2014-06-27T00:00:00.000+05:30,9883
53643,2014-06-27T00:00:00.000+05:30,2099
53644,2014-06-27T00:00:00.000+05:30,9117
53645,2014-06-27T00:00:00.000+05:30,6775
53647,2014-06-27T00:00:00.000+05:30,9513
53649,2014-06-27T00:00:00.000+05:30,7442
53651,2014-06-27T00:00:00.000+05:30,4478
53652,2014-06-27T00:00:00.000+05:30,5866
53653,2014-06-27T00:00:00.000+05:30,951
53655,2014-06-27T00:00:00.000+05:30,4624
53657,2014-06-27T00:00:00.000+05:30,8868
53659,2014-06-27T00:00:00.000+05:30,11382
53662,2014-06-27T00:00:00.000+05:30,9401
53666,2014-06-27T00:00:00.000+05:30,2217
53670,2014-06-27T00:00:00.000+05:30,6831
53672,2014-06-27T00:00:00.000+05:30,2038
53675,2014-06-27T00:00:00.000+05:30,7812
53676,2014-06-27T00:00:00.000+05:30,3649
53678,2014-06-27T00:00:00.000+05:30,9997
53681,2014-06-27T00:00:00.000+05:30,11067
53684,2014-06-27T00:00:00.000+05:30,11884
53685,2014-06-27T00:00:00.000+05:30,2153
53688,2014-06-28T00:00:00.000+05:30,8220
53690,2014-06-28T00:00:00.000+05:30,9755
53693,2014-06-28T00:00:00.000+05:30,6087
53694,2014-06-28T00:00:00.000+05:30,5439
53698,2014-06-28T00:00:00.000+05:30,7920
53700,2014-06-28T00:00:00.000+05:30,2721
53701,2014-06-28T00:00:00.000+05:30,7902
53702,2014-06-28T00:00:00.000+05:30,7460
53704,2014-06-28T00:00:00.000+05:30,8970
53705,2014-06-28T00:00:00.000+05:30,9520
53706,2014-06-28T00:00:00.000+05:30,7953
53708,2014-06-28T00:00:00.000+05:30,2131
53709,2014-06-28T00:00:00.000+05:30,3061
53710,2014-06-28T00:00:00.000+05:30,2284
53711,2014-06-28T00:00:00.000+05:30,12038
53713,2014-06-28T00:00:00.000+05:30,3159
53714,2014-06-28T00:00:00.000+05:30,11957
53725,2014-06-28T00:00:00.000+05:30,465
53736,2014-06-28T00:00:00.000+05:30,4756
53743,2014-06-28T00:00:00.000+05:30,4395
53746,2014-06-28T00:00:00.000+05:30,2053
53748,2014-06-28T00:00:00.000+05:30,5551
53749,2014-06-28T00:00:00.000+05:30,10626
53755,2014-06-28T00:00:00.000+05:30,2337
53756,2014-06-28T00:00:00.000+05:30,10662
53762,2014-06-28T00:00:00.000+05:30,9838
53764,2014-06-28T00:00:00.000+05:30,8839
53765,2014-06-28T00:00:00.000+05:30,4782
53766,2014-06-28T00:00:00.000+05:30,10135
53771,2014-06-28T00:00:00.000+05:30,7478
53774,2014-06-28T00:00:00.000+05:30,1032
53776,2014-06-28T00:00:00.000+05:30,2267
53780,2014-06-28T00:00:00.000+05:30,10104
53791,2014-06-29T00:00:00.000+05:30,11935
53795,2014-06-29T00:00:00.000+05:30,7651
53804,2014-06-29T00:00:00.000+05:30,10860
53809,2014-06-29T00:00:00.000+05:30,1765
53816,2014-06-29T00:00:00.000+05:30,8360
53821,2014-06-29T00:00:00.000+05:30,9606
53823,2014-06-29T00:00:00.000+05:30,5852
53827,2014-06-29T00:00:00.000+05:30,10738
53833,2014-06-29T00:00:00.000+05:30,7198
53834,2014-06-29T00:00:00.000+05:30,6108
53835,2014-06-29T00:00:00.000+05:30,7724
53836,2014-06-29T00:00:00.000+05:30,7977
53838,2014-06-29T00:00:00.000+05:30,94
53839,2014-06-29T00:00:00.000+05:30,9741
53840,2014-06-29T00:00:00.000+05:30,11307
53842,2014-06-29T00:00:00.000+05:30,3905
53843,2014-06-29T00:00:00.000+05:30,10765
53846,2014-06-29T00:00:00.000+05:30,2356
53847,2014-06-29T00:00:00.000+05:30,12347
53848,2014-06-29T00:00:00.000+05:30,1303
53852,2014-06-29T00:00:00.000+05:30,2562
53856,2014-06-29T00:00:00.000+05:30,5029
53857,2014-06-29T00:00:00.000+05:30,7162
53859,2014-06-29T00:00:00.000+05:30,12285
53863,2014-06-30T00:00:00.000+05:30,8549
53869,2014-06-30T00:00:00.000+05:30,1254
53871,2014-06-30T00:00:00.000+05:30,8618
53874,2014-06-30T00:00:00.000+05:30,3635
53877,2014-06-30T00:00:00.000+05:30,5320
53878,2014-06-30T00:00:00.000+05:30,7103
53879,2014-06-30T00:00:00.000+05:30,12411
53882,2014-06-30T00:00:00.000+05:30,1309
53884,2014-06-30T00:00:00.000+05:30,2719
53885,2014-06-30T00:00:00.000+05:30,8410
53886,2014-06-30T00:00:00.000+05:30,1629
53888,2014-06-30T00:00:00.000+05:30,10096
53892,2014-06-30T00:00:00.000+05:30,9836
53894,2014-06-30T00:00:00.000+05:30,11656
53896,2014-06-30T00:00:00.000+05:30,6441
53897,2014-06-30T00:00:00.000+05:30,2594
53902,2014-06-30T00:00:00.000+05:30,455
53903,2014-06-30T00:00:00.000+05:30,12112
53907,2014-06-30T00:00:00.000+05:30,2703
53910,2014-06-30T00:00:00.000+05:30,7220
53911,2014-06-30T00:00:00.000+05:30,723
53912,2014-06-30T00:00:00.000+05:30,5916
53916,2014-06-30T00:00:00.000+05:30,2611
53919,2014-06-30T00:00:00.000+05:30,10849
53922,2014-06-30T00:00:00.000+05:30,5910
53923,2014-06-30T00:00:00.000+05:30,220
53924,2014-06-30T00:00:00.000+05:30,2431
53926,2014-06-30T00:00:00.000+05:30,7003
53928,2014-06-30T00:00:00.000+05:30,6235
53929,2014-06-30T00:00:00.000+05:30,4116
53933,2014-06-30T00:00:00.000+05:30,8427
53934,2014-06-30T00:00:00.000+05:30,1205
53936,2014-06-30T00:00:00.000+05:30,1568
