50,2013-07-25T00:00:00.000+05:30,5225
112,2013-07-26T00:00:00.000+05:30,5375
527,2013-07-28T00:00:00.000+05:30,5426
552,2013-07-28T00:00:00.000+05:30,1445
564,2013-07-28T00:00:00.000+05:30,2216
607,2013-07-28T00:00:00.000+05:30,6376
649,2013-07-28T00:00:00.000+05:30,7261
667,2013-07-28T00:00:00.000+05:30,4726
716,2013-07-29T00:00:00.000+05:30,2581
717,2013-07-29T00:00:00.000+05:30,8208
738,2013-07-29T00:00:00.000+05:30,10042
753,2013-07-29T00:00:00.000+05:30,5094
929,2013-07-30T00:00:00.000+05:30,8482
955,2013-07-30T00:00:00.000+05:30,8117
962,2013-07-30T00:00:00.000+05:30,9492
1013,2013-07-30T00:00:00.000+05:30,1903
1169,2013-07-31T00:00:00.000+05:30,3971
1186,2013-07-31T00:00:00.000+05:30,11947
1190,2013-07-31T00:00:00.000+05:30,12360
1313,2013-08-01T00:00:00.000+05:30,3471
1365,2013-08-01T00:00:00.000+05:30,8567
1383,2013-08-01T00:00:00.000+05:30,1753
1435,2013-08-01T00:00:00.000+05:30,1879
1497,2013-08-01T00:00:00.000+05:30,7193
1593,2013-08-02T00:00:00.000+05:30,4395
1598,2013-08-02T00:00:00.000+05:30,10784
1776,2013-08-03T00:00:00.000+05:30,6222
1849,2013-08-03T00:00:00.000+05:30,3757
1859,2013-08-03T00:00:00.000+05:30,6957
2012,2013-08-04T00:00:00.000+05:30,5165
2041,2013-08-05T00:00:00.000+05:30,3564
2053,2013-08-05T00:00:00.000+05:30,10902
2090,2013-08-05T00:00:00.000+05:30,7825
2112,2013-08-05T00:00:00.000+05:30,11401
2144,2013-08-05T00:00:00.000+05:30,7932
2150,2013-08-05T00:00:00.000+05:30,385
2153,2013-08-05T00:00:00.000+05:30,2430
2170,2013-08-06T00:00:00.000+05:30,3116
2189,2013-08-06T00:00:00.000+05:30,6829
2264,2013-08-06T00:00:00.000+05:30,5388
2271,2013-08-06T00:00:00.000+05:30,7603
2288,2013-08-06T00:00:00.000+05:30,5401
2334,2013-08-06T00:00:00.000+05:30,9674
2371,2013-08-06T00:00:00.000+05:30,9332
2411,2013-08-07T00:00:00.000+05:30,4211
2433,2013-08-07T00:00:00.000+05:30,1450
2468,2013-08-07T00:00:00.000+05:30,3766
2476,2013-08-07T00:00:00.000+05:30,7320
2510,2013-08-07T00:00:00.000+05:30,10100
2559,2013-08-07T00:00:00.000+05:30,4308
2587,2013-08-08T00:00:00.000+05:30,1314
2664,2013-08-08T00:00:00.000+05:30,2260
2691,2013-08-08T00:00:00.000+05:30,9063
2754,2013-08-09T00:00:00.000+05:30,8946
2784,2013-08-09T00:00:00.000+05:30,8880
2887,2013-08-10T00:00:00.000+05:30,10632
2915,2013-08-10T00:00:00.000+05:30,1542
2921,2013-08-10T00:00:00.000+05:30,2803
3086,2013-08-11T00:00:00.000+05:30,6584
3246,2013-08-12T00:00:00.000+05:30,1852
3295,2013-08-12T00:00:00.000+05:30,651
3335,2013-08-12T00:00:00.000+05:30,5926
3413,2013-08-13T00:00:00.000+05:30,214
3475,2013-08-14T00:00:00.000+05:30,7798
3537,2013-08-14T00:00:00.000+05:30,1320
3551,2013-08-14T00:00:00.000+05:30,5363
3553,2013-08-14T00:00:00.000+05:30,11214
3616,2013-08-15T00:00:00.000+05:30,8508
3652,2013-08-15T00:00:00.000+05:30,6699
3673,2013-08-15T00:00:00.000+05:30,6287
3687,2013-08-15T00:00:00.000+05:30,9688
3695,2013-08-15T00:00:00.000+05:30,11537
3774,2013-08-16T00:00:00.000+05:30,12431
3797,2013-08-16T00:00:00.000+05:30,10973
3953,2013-08-17T00:00:00.000+05:30,8628
3970,2013-08-17T00:00:00.000+05:30,294
3991,2013-08-17T00:00:00.000+05:30,4414
3998,2013-08-17T00:00:00.000+05:30,5327
4018,2013-08-17T00:00:00.000+05:30,2205
4023,2013-08-17T00:00:00.000+05:30,2219
4040,2013-08-17T00:00:00.000+05:30,10234
4205,2013-08-18T00:00:00.000+05:30,4965
4223,2013-08-18T00:00:00.000+05:30,3284
4286,2013-08-19T00:00:00.000+05:30,1092
4352,2013-08-20T00:00:00.000+05:30,6593
4354,2013-08-20T00:00:00.000+05:30,7268
4461,2013-08-20T00:00:00.000+05:30,6201
4477,2013-08-21T00:00:00.000+05:30,10761
4525,2013-08-21T00:00:00.000+05:30,2731
4529,2013-08-21T00:00:00.000+05:30,3061
4567,2013-08-22T00:00:00.000+05:30,11931
4585,2013-08-22T00:00:00.000+05:30,501
4591,2013-08-22T00:00:00.000+05:30,2961
4608,2013-08-22T00:00:00.000+05:30,3736
4698,2013-08-22T00:00:00.000+05:30,2433
4729,2013-08-23T00:00:00.000+05:30,1514
4754,2013-08-23T00:00:00.000+05:30,12287
4756,2013-08-23T00:00:00.000+05:30,10010
4801,2013-08-23T00:00:00.000+05:30,11630
4809,2013-08-23T00:00:00.000+05:30,9586
4879,2013-08-24T00:00:00.000+05:30,9862
4888,2013-08-24T00:00:00.000+05:30,506
5038,2013-08-24T00:00:00.000+05:30,5179
5153,2013-08-25T00:00:00.000+05:30,2673
5207,2013-08-25T00:00:00.000+05:30,6119
5256,2013-08-25T00:00:00.000+05:30,4391
5270,2013-08-25T00:00:00.000+05:30,1012
5331,2013-08-26T00:00:00.000+05:30,3361
5344,2013-08-26T00:00:00.000+05:30,9893
5451,2013-08-27T00:00:00.000+05:30,1108
5524,2013-08-27T00:00:00.000+05:30,3604
5533,2013-08-27T00:00:00.000+05:30,5315
5613,2013-08-28T00:00:00.000+05:30,7052
5629,2013-08-28T00:00:00.000+05:30,2389
5646,2013-08-28T00:00:00.000+05:30,3997
5731,2013-08-29T00:00:00.000+05:30,2689
5748,2013-08-29T00:00:00.000+05:30,4479
5761,2013-08-29T00:00:00.000+05:30,8321
5777,2013-08-29T00:00:00.000+05:30,1378
5787,2013-08-29T00:00:00.000+05:30,9813
5802,2013-08-29T00:00:00.000+05:30,2158
5837,2013-08-29T00:00:00.000+05:30,3977
5872,2013-08-30T00:00:00.000+05:30,9746
5920,2013-08-30T00:00:00.000+05:30,12056
5971,2013-08-31T00:00:00.000+05:30,4727
6032,2013-08-31T00:00:00.000+05:30,3762
6067,2013-09-01T00:00:00.000+05:30,11274
6180,2013-09-02T00:00:00.000+05:30,8688
6231,2013-09-02T00:00:00.000+05:30,12347
6265,2013-09-02T00:00:00.000+05:30,10268
6274,2013-09-02T00:00:00.000+05:30,1921
6299,2013-09-02T00:00:00.000+05:30,6486
6474,2013-09-03T00:00:00.000+05:30,4416
6482,2013-09-03T00:00:00.000+05:30,2229
6514,2013-09-04T00:00:00.000+05:30,7638
6548,2013-09-04T00:00:00.000+05:30,172
6550,2013-09-04T00:00:00.000+05:30,4911
6591,2013-09-05T00:00:00.000+05:30,1007
6750,2013-09-05T00:00:00.000+05:30,221
6819,2013-09-06T00:00:00.000+05:30,1548
6847,2013-09-06T00:00:00.000+05:30,548
6898,2013-09-06T00:00:00.000+05:30,7722
7004,2013-09-06T00:00:00.000+05:30,2036
7019,2013-09-06T00:00:00.000+05:30,9515
7035,2013-09-06T00:00:00.000+05:30,8035
7053,2013-09-07T00:00:00.000+05:30,10424
7067,2013-09-07T00:00:00.000+05:30,2961
7081,2013-09-07T00:00:00.000+05:30,7823
7093,2013-09-07T00:00:00.000+05:30,6161
7100,2013-09-07T00:00:00.000+05:30,2217
7141,2013-09-07T00:00:00.000+05:30,9419
7187,2013-09-07T00:00:00.000+05:30,11070
7360,2013-09-08T00:00:00.000+05:30,12102
7398,2013-09-09T00:00:00.000+05:30,8187
7454,2013-09-09T00:00:00.000+05:30,1363
7471,2013-09-09T00:00:00.000+05:30,709
7491,2013-09-09T00:00:00.000+05:30,6892
7643,2013-09-10T00:00:00.000+05:30,10484
7682,2013-09-10T00:00:00.000+05:30,10638
7692,2013-09-10T00:00:00.000+05:30,11740
7767,2013-09-10T00:00:00.000+05:30,5126
7770,2013-09-10T00:00:00.000+05:30,7762
7855,2013-09-11T00:00:00.000+05:30,6004
7883,2013-09-11T00:00:00.000+05:30,2844
7889,2013-09-12T00:00:00.000+05:30,64
7901,2013-09-12T00:00:00.000+05:30,3618
7930,2013-09-12T00:00:00.000+05:30,11783
7943,2013-09-12T00:00:00.000+05:30,3440
8091,2013-09-13T00:00:00.000+05:30,4134
8154,2013-09-14T00:00:00.000+05:30,639
8199,2013-09-14T00:00:00.000+05:30,3553
8209,2013-09-14T00:00:00.000+05:30,1045
8215,2013-09-14T00:00:00.000+05:30,6885
8349,2013-09-14T00:00:00.000+05:30,8312
8383,2013-09-15T00:00:00.000+05:30,9300
8433,2013-09-15T00:00:00.000+05:30,6568
8437,2013-09-15T00:00:00.000+05:30,8183
8488,2013-09-16T00:00:00.000+05:30,9154
8518,2013-09-16T00:00:00.000+05:30,5582
8572,2013-09-17T00:00:00.000+05:30,7852
8707,2013-09-18T00:00:00.000+05:30,9721
8929,2013-09-19T00:00:00.000+05:30,7647
8943,2013-09-19T00:00:00.000+05:30,7317
8971,2013-09-19T00:00:00.000+05:30,11500
8986,2013-09-19T00:00:00.000+05:30,10996
9079,2013-09-20T00:00:00.000+05:30,2642
9159,2013-09-20T00:00:00.000+05:30,5548
9178,2013-09-20T00:00:00.000+05:30,9959
9210,2013-09-21T00:00:00.000+05:30,10333
9251,2013-09-21T00:00:00.000+05:30,6905
9327,2013-09-21T00:00:00.000+05:30,9283
9370,2013-09-22T00:00:00.000+05:30,2009
9386,2013-09-22T00:00:00.000+05:30,653
9419,2013-09-22T00:00:00.000+05:30,5416
9440,2013-09-22T00:00:00.000+05:30,5164
9613,2013-09-23T00:00:00.000+05:30,9489
9688,2013-09-24T00:00:00.000+05:30,7237
9702,2013-09-24T00:00:00.000+05:30,5527
9720,2013-09-24T00:00:00.000+05:30,6953
9769,2013-09-24T00:00:00.000+05:30,4397
9771,2013-09-24T00:00:00.000+05:30,5225
9778,2013-09-24T00:00:00.000+05:30,5122
9781,2013-09-24T00:00:00.000+05:30,437
9784,2013-09-24T00:00:00.000+05:30,8352
9788,2013-09-24T00:00:00.000+05:30,11209
9828,2013-09-24T00:00:00.000+05:30,2567
9838,2013-09-24T00:00:00.000+05:30,4181
9874,2013-09-25T00:00:00.000+05:30,4882
9898,2013-09-25T00:00:00.000+05:30,12296
9927,2013-09-25T00:00:00.000+05:30,10231
9978,2013-09-25T00:00:00.000+05:30,3100
10065,2013-09-25T00:00:00.000+05:30,1889
10074,2013-09-25T00:00:00.000+05:30,3884
10102,2013-09-25T00:00:00.000+05:30,3770
10106,2013-09-25T00:00:00.000+05:30,910
10135,2013-09-26T00:00:00.000+05:30,3406
10140,2013-09-26T00:00:00.000+05:30,3326
10219,2013-09-26T00:00:00.000+05:30,4854
10222,2013-09-26T00:00:00.000+05:30,9165
10262,2013-09-26T00:00:00.000+05:30,5754
10290,2013-09-26T00:00:00.000+05:30,5104
10375,2013-09-27T00:00:00.000+05:30,6929
10553,2013-09-27T00:00:00.000+05:30,177
10563,2013-09-28T00:00:00.000+05:30,6237
10570,2013-09-28T00:00:00.000+05:30,4465
10582,2013-09-28T00:00:00.000+05:30,5043
10632,2013-09-28T00:00:00.000+05:30,6767
10637,2013-09-28T00:00:00.000+05:30,2693
10793,2013-09-29T00:00:00.000+05:30,4916
10850,2013-09-30T00:00:00.000+05:30,7977
10936,2013-09-30T00:00:00.000+05:30,11822
10938,2013-09-30T00:00:00.000+05:30,9441
10939,2013-09-30T00:00:00.000+05:30,5236
11135,2013-10-02T00:00:00.000+05:30,9371
11256,2013-10-02T00:00:00.000+05:30,35
11274,2013-10-02T00:00:00.000+05:30,6017
11286,2013-10-02T00:00:00.000+05:30,7867
11312,2013-10-02T00:00:00.000+05:30,6805
11540,2013-10-04T00:00:00.000+05:30,8178
11581,2013-10-04T00:00:00.000+05:30,6732
11584,2013-10-04T00:00:00.000+05:30,9412
11629,2013-10-04T00:00:00.000+05:30,12045
11680,2013-10-04T00:00:00.000+05:30,8188
11729,2013-10-05T00:00:00.000+05:30,1804
11734,2013-10-05T00:00:00.000+05:30,2341
11770,2013-10-05T00:00:00.000+05:30,6688
11902,2013-10-06T00:00:00.000+05:30,9758
11943,2013-10-06T00:00:00.000+05:30,3655
11985,2013-10-06T00:00:00.000+05:30,12114
12030,2013-10-06T00:00:00.000+05:30,7958
12032,2013-10-06T00:00:00.000+05:30,6249
12057,2013-10-06T00:00:00.000+05:30,7430
12061,2013-10-06T00:00:00.000+05:30,1283
12092,2013-10-06T00:00:00.000+05:30,3764
12102,2013-10-07T00:00:00.000+05:30,9448
12231,2013-10-08T00:00:00.000+05:30,4936
12308,2013-10-08T00:00:00.000+05:30,4918
12330,2013-10-08T00:00:00.000+05:30,7794
12342,2013-10-08T00:00:00.000+05:30,2299
12462,2013-10-09T00:00:00.000+05:30,8015
12571,2013-10-10T00:00:00.000+05:30,10660
12909,2013-10-12T00:00:00.000+05:30,11390
13014,2013-10-13T00:00:00.000+05:30,3934
13016,2013-10-13T00:00:00.000+05:30,599
13088,2013-10-13T00:00:00.000+05:30,10160
13108,2013-10-13T00:00:00.000+05:30,9241
13298,2013-10-14T00:00:00.000+05:30,10549
13347,2013-10-15T00:00:00.000+05:30,6614
13382,2013-10-15T00:00:00.000+05:30,10659
13454,2013-10-15T00:00:00.000+05:30,1004
13549,2013-10-16T00:00:00.000+05:30,4549
13770,2013-10-19T00:00:00.000+05:30,4364
13799,2013-10-19T00:00:00.000+05:30,3033
13819,2013-10-19T00:00:00.000+05:30,5544
13849,2013-10-19T00:00:00.000+05:30,4566
13929,2013-10-20T00:00:00.000+05:30,8508
13939,2013-10-20T00:00:00.000+05:30,5854
13954,2013-10-20T00:00:00.000+05:30,1715
13979,2013-10-20T00:00:00.000+05:30,2348
14000,2013-10-20T00:00:00.000+05:30,11915
14044,2013-10-20T00:00:00.000+05:30,11878
14114,2013-10-21T00:00:00.000+05:30,8082
14290,2013-10-23T00:00:00.000+05:30,3136
14389,2013-10-23T00:00:00.000+05:30,1550
14403,2013-10-23T00:00:00.000+05:30,2838
14432,2013-10-23T00:00:00.000+05:30,5431
14496,2013-10-24T00:00:00.000+05:30,10292
14499,2013-10-24T00:00:00.000+05:30,5406
14508,2013-10-24T00:00:00.000+05:30,4209
14509,2013-10-24T00:00:00.000+05:30,5874
14512,2013-10-24T00:00:00.000+05:30,4730
14533,2013-10-24T00:00:00.000+05:30,2200
14554,2013-10-24T00:00:00.000+05:30,172
14736,2013-10-26T00:00:00.000+05:30,3685
14772,2013-10-26T00:00:00.000+05:30,1772
14908,2013-10-27T00:00:00.000+05:30,11721
14935,2013-10-27T00:00:00.000+05:30,4895
15009,2013-10-28T00:00:00.000+05:30,5064
15087,2013-10-28T00:00:00.000+05:30,8683
15135,2013-10-29T00:00:00.000+05:30,6354
15137,2013-10-29T00:00:00.000+05:30,6878
15148,2013-10-29T00:00:00.000+05:30,4376
15172,2013-10-29T00:00:00.000+05:30,7301
15252,2013-10-30T00:00:00.000+05:30,11300
15320,2013-10-31T00:00:00.000+05:30,8892
15329,2013-10-31T00:00:00.000+05:30,1329
15384,2013-10-31T00:00:00.000+05:30,2573
15388,2013-10-31T00:00:00.000+05:30,4571
15432,2013-10-31T00:00:00.000+05:30,9744
15484,2013-10-31T00:00:00.000+05:30,9772
15559,2013-11-01T00:00:00.000+05:30,6431
15588,2013-11-01T00:00:00.000+05:30,2405
15604,2013-11-01T00:00:00.000+05:30,1203
15621,2013-11-01T00:00:00.000+05:30,10003
15656,2013-11-01T00:00:00.000+05:30,10949
15716,2013-11-02T00:00:00.000+05:30,5804
15735,2013-11-02T00:00:00.000+05:30,7302
15761,2013-11-02T00:00:00.000+05:30,5968
15817,2013-11-03T00:00:00.000+05:30,633
15826,2013-11-03T00:00:00.000+05:30,4149
15895,2013-11-03T00:00:00.000+05:30,1617
15897,2013-11-03T00:00:00.000+05:30,3123
15957,2013-11-03T00:00:00.000+05:30,10309
15996,2013-11-03T00:00:00.000+05:30,1083
16076,2013-11-03T00:00:00.000+05:30,6833
16106,2013-11-04T00:00:00.000+05:30,8732
16133,2013-11-04T00:00:00.000+05:30,8670
16234,2013-11-04T00:00:00.000+05:30,7072
16277,2013-11-04T00:00:00.000+05:30,8205
16292,2013-11-04T00:00:00.000+05:30,217
16298,2013-11-04T00:00:00.000+05:30,6080
16328,2013-11-05T00:00:00.000+05:30,2567
16351,2013-11-05T00:00:00.000+05:30,1268
16359,2013-11-05T00:00:00.000+05:30,1442
16363,2013-11-05T00:00:00.000+05:30,6747
16478,2013-11-05T00:00:00.000+05:30,4780
16548,2013-11-05T00:00:00.000+05:30,6896
16561,2013-11-06T00:00:00.000+05:30,3782
16585,2013-11-06T00:00:00.000+05:30,1638
16590,2013-11-06T00:00:00.000+05:30,11431
16641,2013-11-06T00:00:00.000+05:30,666
16712,2013-11-06T00:00:00.000+05:30,8285
16749,2013-11-06T00:00:00.000+05:30,979
16807,2013-11-07T00:00:00.000+05:30,7157
16816,2013-11-07T00:00:00.000+05:30,8405
16908,2013-11-07T00:00:00.000+05:30,497
16923,2013-11-07T00:00:00.000+05:30,10474
17068,2013-11-08T00:00:00.000+05:30,7411
17079,2013-11-08T00:00:00.000+05:30,1863
17090,2013-11-08T00:00:00.000+05:30,3621
17094,2013-11-08T00:00:00.000+05:30,4319
17102,2013-11-08T00:00:00.000+05:30,946
17135,2013-11-09T00:00:00.000+05:30,10495
17147,2013-11-09T00:00:00.000+05:30,4861
17194,2013-11-09T00:00:00.000+05:30,2581
17241,2013-11-09T00:00:00.000+05:30,7491
17257,2013-11-09T00:00:00.000+05:30,4121
17310,2013-11-09T00:00:00.000+05:30,6612
17332,2013-11-09T00:00:00.000+05:30,5755
17363,2013-11-10T00:00:00.000+05:30,5707
17423,2013-11-10T00:00:00.000+05:30,9188
17595,2013-11-11T00:00:00.000+05:30,12006
17790,2013-11-12T00:00:00.000+05:30,2500
17833,2013-11-12T00:00:00.000+05:30,5140
17997,2013-11-13T00:00:00.000+05:30,3658
18097,2013-11-14T00:00:00.000+05:30,5391
18125,2013-11-14T00:00:00.000+05:30,11020
18219,2013-11-14T00:00:00.000+05:30,2228
18237,2013-11-14T00:00:00.000+05:30,2682
18384,2013-11-15T00:00:00.000+05:30,915
18402,2013-11-15T00:00:00.000+05:30,1038
18406,2013-11-15T00:00:00.000+05:30,4911
18420,2013-11-15T00:00:00.000+05:30,949
18528,2013-11-17T00:00:00.000+05:30,2107
18588,2013-11-17T00:00:00.000+05:30,7868
18639,2013-11-17T00:00:00.000+05:30,531
18833,2013-11-19T00:00:00.000+05:30,512
18856,2013-11-19T00:00:00.000+05:30,6284
18869,2013-11-19T00:00:00.000+05:30,11100
18998,2013-11-20T00:00:00.000+05:30,8462
19005,2013-11-20T00:00:00.000+05:30,7139
19011,2013-11-20T00:00:00.000+05:30,7617
19047,2013-11-20T00:00:00.000+05:30,11606
19049,2013-11-20T00:00:00.000+05:30,2701
19064,2013-11-20T00:00:00.000+05:30,11586
19102,2013-11-20T00:00:00.000+05:30,6254
19169,2013-11-21T00:00:00.000+05:30,7207
19186,2013-11-21T00:00:00.000+05:30,4570
19245,2013-11-22T00:00:00.000+05:30,1795
19291,2013-11-22T00:00:00.000+05:30,8374
19361,2013-11-22T00:00:00.000+05:30,4477
19445,2013-11-23T00:00:00.000+05:30,5870
19492,2013-11-23T00:00:00.000+05:30,2470
19594,2013-11-23T00:00:00.000+05:30,2025
19625,2013-11-23T00:00:00.000+05:30,5377
19642,2013-11-23T00:00:00.000+05:30,11065
19709,2013-11-24T00:00:00.000+05:30,18
19762,2013-11-24T00:00:00.000+05:30,80
19819,2013-11-24T00:00:00.000+05:30,805
19866,2013-11-24T00:00:00.000+05:30,3928
19913,2013-11-25T00:00:00.000+05:30,8377
19959,2013-11-25T00:00:00.000+05:30,3679
19976,2013-11-25T00:00:00.000+05:30,3157
19983,2013-11-25T00:00:00.000+05:30,6306
20028,2013-11-26T00:00:00.000+05:30,6509
20042,2013-11-26T00:00:00.000+05:30,2386
20081,2013-11-26T00:00:00.000+05:30,6368
20225,2013-11-28T00:00:00.000+05:30,8363
20286,2013-11-28T00:00:00.000+05:30,9616
20303,2013-11-28T00:00:00.000+05:30,10064
20358,2013-11-28T00:00:00.000+05:30,12176
20395,2013-11-28T00:00:00.000+05:30,117
20422,2013-11-28T00:00:00.000+05:30,11494
20429,2013-11-28T00:00:00.000+05:30,1266
20630,2013-11-29T00:00:00.000+05:30,10257
20640,2013-11-29T00:00:00.000+05:30,11735
20663,2013-11-29T00:00:00.000+05:30,8526
20770,2013-11-30T00:00:00.000+05:30,2547
20809,2013-11-30T00:00:00.000+05:30,4982
20810,2013-11-30T00:00:00.000+05:30,482
20854,2013-11-30T00:00:00.000+05:30,1192
20860,2013-11-30T00:00:00.000+05:30,2913
20946,2013-12-01T00:00:00.000+05:30,5839
20950,2013-12-01T00:00:00.000+05:30,9734
20958,2013-12-01T00:00:00.000+05:30,2462
20978,2013-12-01T00:00:00.000+05:30,8639
21030,2013-12-01T00:00:00.000+05:30,9914
21042,2013-12-01T00:00:00.000+05:30,4102
21073,2013-12-01T00:00:00.000+05:30,3163
21089,2013-12-01T00:00:00.000+05:30,2204
21123,2013-12-02T00:00:00.000+05:30,2569
21154,2013-12-02T00:00:00.000+05:30,12133
21254,2013-12-03T00:00:00.000+05:30,4147
21362,2013-12-03T00:00:00.000+05:30,813
21371,2013-12-03T00:00:00.000+05:30,11719
21390,2013-12-03T00:00:00.000+05:30,9993
21482,2013-12-04T00:00:00.000+05:30,2111
21519,2013-12-04T00:00:00.000+05:30,927
21524,2013-12-04T00:00:00.000+05:30,6092
21539,2013-12-05T00:00:00.000+05:30,10678
21547,2013-12-05T00:00:00.000+05:30,3961
21592,2013-12-05T00:00:00.000+05:30,228
21614,2013-12-05T00:00:00.000+05:30,5008
21677,2013-12-05T00:00:00.000+05:30,753
21726,2013-12-05T00:00:00.000+05:30,831
21796,2013-12-06T00:00:00.000+05:30,5453
21819,2013-12-06T00:00:00.000+05:30,7276
21852,2013-12-06T00:00:00.000+05:30,5276
21932,2013-12-06T00:00:00.000+05:30,3842
21976,2013-12-06T00:00:00.000+05:30,8220
21990,2013-12-06T00:00:00.000+05:30,4014
21998,2013-12-07T00:00:00.000+05:30,2878
22075,2013-12-07T00:00:00.000+05:30,962
22191,2013-12-07T00:00:00.000+05:30,2441
22288,2013-12-08T00:00:00.000+05:30,6016
22333,2013-12-09T00:00:00.000+05:30,5838
22339,2013-12-09T00:00:00.000+05:30,11373
22349,2013-12-09T00:00:00.000+05:30,8084
22395,2013-12-09T00:00:00.000+05:30,100
22442,2013-12-10T00:00:00.000+05:30,4263
22443,2013-12-10T00:00:00.000+05:30,11374
22508,2013-12-10T00:00:00.000+05:30,7071
22528,2013-12-10T00:00:00.000+05:30,4353
22649,2013-12-11T00:00:00.000+05:30,7657
22834,2013-12-12T00:00:00.000+05:30,6898
22875,2013-12-12T00:00:00.000+05:30,2235
22899,2013-12-12T00:00:00.000+05:30,1882
22949,2013-12-13T00:00:00.000+05:30,10923
22965,2013-12-13T00:00:00.000+05:30,10885
22975,2013-12-13T00:00:00.000+05:30,1161
23091,2013-12-15T00:00:00.000+05:30,8800
23238,2013-12-15T00:00:00.000+05:30,3189
23250,2013-12-16T00:00:00.000+05:30,7828
23340,2013-12-16T00:00:00.000+05:30,9105
23351,2013-12-17T00:00:00.000+05:30,10738
23408,2013-12-17T00:00:00.000+05:30,5840
23415,2013-12-17T00:00:00.000+05:30,7616
23425,2013-12-17T00:00:00.000+05:30,9967
23430,2013-12-17T00:00:00.000+05:30,400
23437,2013-12-17T00:00:00.000+05:30,3189
23475,2013-12-18T00:00:00.000+05:30,8806
23476,2013-12-18T00:00:00.000+05:30,6756
23518,2013-12-18T00:00:00.000+05:30,6242
23544,2013-12-18T00:00:00.000+05:30,11001
23549,2013-12-18T00:00:00.000+05:30,7158
23731,2013-12-19T00:00:00.000+05:30,5122
23743,2013-12-20T00:00:00.000+05:30,9680
23744,2013-12-20T00:00:00.000+05:30,2940
23794,2013-12-20T00:00:00.000+05:30,7982
23836,2013-12-20T00:00:00.000+05:30,8858
23883,2013-12-20T00:00:00.000+05:30,6333
23891,2013-12-20T00:00:00.000+05:30,1823
23936,2013-12-20T00:00:00.000+05:30,2148
23991,2013-12-21T00:00:00.000+05:30,10082
24008,2013-12-21T00:00:00.000+05:30,8526
24073,2013-12-21T00:00:00.000+05:30,5770
24077,2013-12-21T00:00:00.000+05:30,4265
24142,2013-12-22T00:00:00.000+05:30,9063
24418,2013-12-23T00:00:00.000+05:30,5958
24453,2013-12-23T00:00:00.000+05:30,4841
24461,2013-12-23T00:00:00.000+05:30,8060
24490,2013-12-24T00:00:00.000+05:30,1426
24506,2013-12-24T00:00:00.000+05:30,739
24568,2013-12-24T00:00:00.000+05:30,10225
24570,2013-12-24T00:00:00.000+05:30,10993
24608,2013-12-24T00:00:00.000+05:30,12213
24627,2013-12-24T00:00:00.000+05:30,2681
24630,2013-12-24T00:00:00.000+05:30,8005
24692,2013-12-25T00:00:00.000+05:30,6717
24780,2013-12-25T00:00:00.000+05:30,11526
24846,2013-12-26T00:00:00.000+05:30,92
24868,2013-12-26T00:00:00.000+05:30,1711
24883,2013-12-26T00:00:00.000+05:30,10202
24942,2013-12-26T00:00:00.000+05:30,10418
25025,2013-12-26T00:00:00.000+05:30,7564
25035,2013-12-26T00:00:00.000+05:30,7279
25041,2013-12-26T00:00:00.000+05:30,8476
25109,2013-12-27T00:00:00.000+05:30,4015
25167,2013-12-27T00:00:00.000+05:30,9715
25234,2013-12-28T00:00:00.000+05:30,10922
25278,2013-12-28T00:00:00.000+05:30,2964
25443,2013-12-29T00:00:00.000+05:30,11723
25473,2013-12-30T00:00:00.000+05:30,12290
25498,2013-12-30T00:00:00.000+05:30,7589
25509,2013-12-30T00:00:00.000+05:30,3249
25599,2013-12-30T00:00:00.000+05:30,4872
25643,2013-12-31T00:00:00.000+05:30,10295
25668,2013-12-31T00:00:00.000+05:30,6877
25687,2013-12-31T00:00:00.000+05:30,11675
25688,2013-12-31T00:00:00.000+05:30,5920
25698,2013-12-31T00:00:00.000+05:30,3286
25718,2013-12-31T00:00:00.000+05:30,3931
25723,2013-12-31T00:00:00.000+05:30,2663
25749,2013-12-31T00:00:00.000+05:30,11146
25751,2013-12-31T00:00:00.000+05:30,3057
25762,2013-12-31T00:00:00.000+05:30,6178
25814,2013-12-31T00:00:00.000+05:30,10534
25846,2013-12-31T00:00:00.000+05:30,7021
25880,2014-01-01T00:00:00.000+05:30,10146
25912,2014-01-01T00:00:00.000+05:30,3537
26055,2014-01-02T00:00:00.000+05:30,8430
26060,2014-01-02T00:00:00.000+05:30,2231
26105,2014-01-03T00:00:00.000+05:30,7790
26112,2014-01-03T00:00:00.000+05:30,333
26200,2014-01-03T00:00:00.000+05:30,6283
26206,2014-01-03T00:00:00.000+05:30,9179
26253,2014-01-03T00:00:00.000+05:30,8895
26483,2014-01-05T00:00:00.000+05:30,9379
26547,2014-01-05T00:00:00.000+05:30,10805
26554,2014-01-05T00:00:00.000+05:30,10142
26581,2014-01-05T00:00:00.000+05:30,3852
26653,2014-01-06T00:00:00.000+05:30,10104
26667,2014-01-06T00:00:00.000+05:30,921
26741,2014-01-06T00:00:00.000+05:30,734
26891,2014-01-07T00:00:00.000+05:30,6279
26911,2014-01-08T00:00:00.000+05:30,4306
26915,2014-01-08T00:00:00.000+05:30,4416
26989,2014-01-09T00:00:00.000+05:30,10233
27040,2014-01-09T00:00:00.000+05:30,11400
27051,2014-01-09T00:00:00.000+05:30,700
27318,2014-01-10T00:00:00.000+05:30,3961
27430,2014-01-11T00:00:00.000+05:30,8764
27517,2014-01-11T00:00:00.000+05:30,620
27641,2014-01-12T00:00:00.000+05:30,1499
27677,2014-01-12T00:00:00.000+05:30,8182
27706,2014-01-12T00:00:00.000+05:30,1385
27742,2014-01-12T00:00:00.000+05:30,9495
27762,2014-01-12T00:00:00.000+05:30,7944
27867,2014-01-13T00:00:00.000+05:30,7321
27944,2014-01-14T00:00:00.000+05:30,9141
27951,2014-01-14T00:00:00.000+05:30,7349
27978,2014-01-14T00:00:00.000+05:30,187
27999,2014-01-14T00:00:00.000+05:30,4428
28091,2014-01-14T00:00:00.000+05:30,1864
28100,2014-01-14T00:00:00.000+05:30,4711
28149,2014-01-15T00:00:00.000+05:30,2257
28182,2014-01-15T00:00:00.000+05:30,9579
28236,2014-01-15T00:00:00.000+05:30,8252
28344,2014-01-16T00:00:00.000+05:30,972
28356,2014-01-16T00:00:00.000+05:30,7439
28386,2014-01-16T00:00:00.000+05:30,10553
28431,2014-01-16T00:00:00.000+05:30,7157
28487,2014-01-16T00:00:00.000+05:30,3929
28492,2014-01-16T00:00:00.000+05:30,1886
28520,2014-01-17T00:00:00.000+05:30,1445
28570,2014-01-17T00:00:00.000+05:30,3754
28587,2014-01-17T00:00:00.000+05:30,10396
28596,2014-01-17T00:00:00.000+05:30,6866
28598,2014-01-17T00:00:00.000+05:30,5518
28625,2014-01-17T00:00:00.000+05:30,2992
28748,2014-01-19T00:00:00.000+05:30,5994
28752,2014-01-19T00:00:00.000+05:30,8622
28836,2014-01-19T00:00:00.000+05:30,9579
28844,2014-01-19T00:00:00.000+05:30,11897
28925,2014-01-20T00:00:00.000+05:30,5772
28929,2014-01-20T00:00:00.000+05:30,6970
28951,2014-01-20T00:00:00.000+05:30,9020
28968,2014-01-20T00:00:00.000+05:30,570
29112,2014-01-21T00:00:00.000+05:30,649
29141,2014-01-21T00:00:00.000+05:30,849
29148,2014-01-21T00:00:00.000+05:30,11875
29196,2014-01-21T00:00:00.000+05:30,2549
29216,2014-01-21T00:00:00.000+05:30,2220
29227,2014-01-21T00:00:00.000+05:30,9367
29294,2014-01-21T00:00:00.000+05:30,10549
29317,2014-01-22T00:00:00.000+05:30,620
29360,2014-01-22T00:00:00.000+05:30,3297
29370,2014-01-22T00:00:00.000+05:30,6583
29452,2014-01-22T00:00:00.000+05:30,5368
29497,2014-01-23T00:00:00.000+05:30,5655
29578,2014-01-23T00:00:00.000+05:30,193
29765,2014-01-25T00:00:00.000+05:30,6137
29774,2014-01-25T00:00:00.000+05:30,1198
29817,2014-01-25T00:00:00.000+05:30,7129
29846,2014-01-26T00:00:00.000+05:30,9088
30110,2014-01-28T00:00:00.000+05:30,9088
30146,2014-01-28T00:00:00.000+05:30,10980
30147,2014-01-28T00:00:00.000+05:30,3238
30177,2014-01-28T00:00:00.000+05:30,11077
30182,2014-01-28T00:00:00.000+05:30,4973
30202,2014-01-28T00:00:00.000+05:30,4812
30274,2014-01-29T00:00:00.000+05:30,9273
30327,2014-01-29T00:00:00.000+05:30,11860
30382,2014-01-30T00:00:00.000+05:30,4613
30441,2014-01-30T00:00:00.000+05:30,9689
30538,2014-01-30T00:00:00.000+05:30,6497
30700,2014-01-31T00:00:00.000+05:30,12350
30715,2014-01-31T00:00:00.000+05:30,6026
30737,2014-01-31T00:00:00.000+05:30,6249
30899,2014-02-01T00:00:00.000+05:30,5482
30961,2014-02-01T00:00:00.000+05:30,4423
31096,2014-02-02T00:00:00.000+05:30,1404
31145,2014-02-02T00:00:00.000+05:30,9803
31193,2014-02-03T00:00:00.000+05:30,6461
31207,2014-02-03T00:00:00.000+05:30,7722
31241,2014-02-03T00:00:00.000+05:30,11388
31253,2014-02-03T00:00:00.000+05:30,9628
31378,2014-02-04T00:00:00.000+05:30,7063
31475,2014-02-04T00:00:00.000+05:30,4301
31494,2014-02-05T00:00:00.000+05:30,11747
31522,2014-02-05T00:00:00.000+05:30,105
31526,2014-02-05T00:00:00.000+05:30,6259
31593,2014-02-05T00:00:00.000+05:30,2563
31604,2014-02-06T00:00:00.000+05:30,6890
31728,2014-02-06T00:00:00.000+05:30,6448
31749,2014-02-06T00:00:00.000+05:30,356
31767,2014-02-06T00:00:00.000+05:30,8284
31842,2014-02-07T00:00:00.000+05:30,7002
31888,2014-02-07T00:00:00.000+05:30,5216
31926,2014-02-07T00:00:00.000+05:30,2387
32011,2014-02-08T00:00:00.000+05:30,442
32047,2014-02-08T00:00:00.000+05:30,2959
32049,2014-02-08T00:00:00.000+05:30,233
32065,2014-02-08T00:00:00.000+05:30,5950
32070,2014-02-08T00:00:00.000+05:30,5613
32077,2014-02-08T00:00:00.000+05:30,4862
32140,2014-02-09T00:00:00.000+05:30,2374
32153,2014-02-09T00:00:00.000+05:30,3193
32162,2014-02-09T00:00:00.000+05:30,10892
32324,2014-02-10T00:00:00.000+05:30,4542
32340,2014-02-10T00:00:00.000+05:30,4283
32461,2014-02-10T00:00:00.000+05:30,1950
32473,2014-02-10T00:00:00.000+05:30,6420
32494,2014-02-10T00:00:00.000+05:30,3122
32527,2014-02-11T00:00:00.000+05:30,3016
32604,2014-02-11T00:00:00.000+05:30,2859
32730,2014-02-12T00:00:00.000+05:30,8912
32876,2014-02-13T00:00:00.000+05:30,5747
32902,2014-02-13T00:00:00.000+05:30,9386
32979,2014-02-13T00:00:00.000+05:30,2930
33117,2014-02-14T00:00:00.000+05:30,11919
33129,2014-02-14T00:00:00.000+05:30,2366
33176,2014-02-15T00:00:00.000+05:30,11786
33184,2014-02-15T00:00:00.000+05:30,1583
33271,2014-02-15T00:00:00.000+05:30,8494
33445,2014-02-16T00:00:00.000+05:30,10722
33448,2014-02-16T00:00:00.000+05:30,12306
33487,2014-02-16T00:00:00.000+05:30,11677
33502,2014-02-16T00:00:00.000+05:30,3586
33527,2014-02-16T00:00:00.000+05:30,4492
33603,2014-02-17T00:00:00.000+05:30,552
33625,2014-02-17T00:00:00.000+05:30,10135
33696,2014-02-17T00:00:00.000+05:30,9380
33755,2014-02-18T00:00:00.000+05:30,8461
33781,2014-02-18T00:00:00.000+05:30,5090
33800,2014-02-18T00:00:00.000+05:30,3523
33813,2014-02-18T00:00:00.000+05:30,5515
33829,2014-02-18T00:00:00.000+05:30,9138
33999,2014-02-19T00:00:00.000+05:30,2440
34017,2014-02-19T00:00:00.000+05:30,5274
34036,2014-02-19T00:00:00.000+05:30,6163
34084,2014-02-19T00:00:00.000+05:30,2862
34125,2014-02-19T00:00:00.000+05:30,10025
34192,2014-02-20T00:00:00.000+05:30,7842
34262,2014-02-20T00:00:00.000+05:30,12169
34284,2014-02-21T00:00:00.000+05:30,8024
34331,2014-02-21T00:00:00.000+05:30,5512
34332,2014-02-21T00:00:00.000+05:30,8358
34448,2014-02-22T00:00:00.000+05:30,7155
34454,2014-02-22T00:00:00.000+05:30,2020
34546,2014-02-23T00:00:00.000+05:30,53
34577,2014-02-23T00:00:00.000+05:30,7733
34623,2014-02-23T00:00:00.000+05:30,11653
34625,2014-02-23T00:00:00.000+05:30,11116
34650,2014-02-23T00:00:00.000+05:30,3001
34659,2014-02-23T00:00:00.000+05:30,4507
34677,2014-02-24T00:00:00.000+05:30,12360
34703,2014-02-24T00:00:00.000+05:30,2486
34799,2014-02-24T00:00:00.000+05:30,4439
34803,2014-02-24T00:00:00.000+05:30,9048
34824,2014-02-24T00:00:00.000+05:30,5237
34855,2014-02-25T00:00:00.000+05:30,6736
34915,2014-02-25T00:00:00.000+05:30,6588
34952,2014-02-25T00:00:00.000+05:30,7908
34962,2014-02-25T00:00:00.000+05:30,9521
34977,2014-02-25T00:00:00.000+05:30,1243
35014,2014-02-25T00:00:00.000+05:30,8480
35015,2014-02-25T00:00:00.000+05:30,5510
35060,2014-02-25T00:00:00.000+05:30,2492
35076,2014-02-26T00:00:00.000+05:30,2752
35167,2014-02-27T00:00:00.000+05:30,8516
35235,2014-02-27T00:00:00.000+05:30,11109
35245,2014-02-27T00:00:00.000+05:30,1088
35282,2014-02-27T00:00:00.000+05:30,8051
35351,2014-02-28T00:00:00.000+05:30,5417
35374,2014-02-28T00:00:00.000+05:30,4502
35377,2014-02-28T00:00:00.000+05:30,733
35402,2014-02-28T00:00:00.000+05:30,483
35434,2014-02-28T00:00:00.000+05:30,1674
35451,2014-02-28T00:00:00.000+05:30,3481
35462,2014-02-28T00:00:00.000+05:30,1805
35521,2014-02-28T00:00:00.000+05:30,9277
35651,2014-03-01T00:00:00.000+05:30,9294
35706,2014-03-01T00:00:00.000+05:30,8135
35711,2014-03-01T00:00:00.000+05:30,1702
35780,2014-03-01T00:00:00.000+05:30,9339
35896,2014-03-03T00:00:00.000+05:30,8724
35898,2014-03-03T00:00:00.000+05:30,10679
35981,2014-03-03T00:00:00.000+05:30,6280
35999,2014-03-03T00:00:00.000+05:30,12280
36028,2014-03-03T00:00:00.000+05:30,6303
36197,2014-03-04T00:00:00.000+05:30,4975
36253,2014-03-04T00:00:00.000+05:30,8662
36265,2014-03-04T00:00:00.000+05:30,551
36333,2014-03-05T00:00:00.000+05:30,7725
36359,2014-03-05T00:00:00.000+05:30,12400
36362,2014-03-05T00:00:00.000+05:30,101
36377,2014-03-05T00:00:00.000+05:30,4128
36446,2014-03-05T00:00:00.000+05:30,5509
36447,2014-03-05T00:00:00.000+05:30,8167
36483,2014-03-06T00:00:00.000+05:30,5752
36498,2014-03-06T00:00:00.000+05:30,2485
36500,2014-03-06T00:00:00.000+05:30,10815
36514,2014-03-06T00:00:00.000+05:30,9249
36524,2014-03-06T00:00:00.000+05:30,8808
36543,2014-03-06T00:00:00.000+05:30,6695
36547,2014-03-06T00:00:00.000+05:30,6736
36571,2014-03-06T00:00:00.000+05:30,1055
36697,2014-03-07T00:00:00.000+05:30,11688
36717,2014-03-07T00:00:00.000+05:30,6248
36729,2014-03-07T00:00:00.000+05:30,6611
36762,2014-03-07T00:00:00.000+05:30,11444
36869,2014-03-08T00:00:00.000+05:30,2925
36890,2014-03-08T00:00:00.000+05:30,4893
36903,2014-03-10T00:00:00.000+05:30,10074
37067,2014-03-10T00:00:00.000+05:30,10168
37106,2014-03-10T00:00:00.000+05:30,7494
37120,2014-03-11T00:00:00.000+05:30,8997
37122,2014-03-11T00:00:00.000+05:30,10972
37177,2014-03-11T00:00:00.000+05:30,392
37360,2014-03-12T00:00:00.000+05:30,1145
37376,2014-03-12T00:00:00.000+05:30,743
37397,2014-03-12T00:00:00.000+05:30,9802
37457,2014-03-12T00:00:00.000+05:30,7109
37521,2014-03-13T00:00:00.000+05:30,213
37529,2014-03-13T00:00:00.000+05:30,4295
37567,2014-03-13T00:00:00.000+05:30,5417
37711,2014-03-14T00:00:00.000+05:30,4193
37718,2014-03-14T00:00:00.000+05:30,1627
37722,2014-03-14T00:00:00.000+05:30,3069
37787,2014-03-14T00:00:00.000+05:30,389
37800,2014-03-14T00:00:00.000+05:30,1025
37831,2014-03-15T00:00:00.000+05:30,8799
37860,2014-03-15T00:00:00.000+05:30,11805
37939,2014-03-15T00:00:00.000+05:30,6643
37958,2014-03-15T00:00:00.000+05:30,7783
38002,2014-03-15T00:00:00.000+05:30,402
38079,2014-03-16T00:00:00.000+05:30,6266
38358,2014-03-18T00:00:00.000+05:30,4038
38366,2014-03-18T00:00:00.000+05:30,2965
38456,2014-03-18T00:00:00.000+05:30,7637
38458,2014-03-19T00:00:00.000+05:30,6291
38628,2014-03-20T00:00:00.000+05:30,8695
38653,2014-03-20T00:00:00.000+05:30,10947
38668,2014-03-20T00:00:00.000+05:30,10235
38675,2014-03-20T00:00:00.000+05:30,12318
38687,2014-03-20T00:00:00.000+05:30,6783
38689,2014-03-20T00:00:00.000+05:30,5485
38743,2014-03-21T00:00:00.000+05:30,11768
38748,2014-03-21T00:00:00.000+05:30,10473
38823,2014-03-21T00:00:00.000+05:30,8507
38843,2014-03-21T00:00:00.000+05:30,6273
38914,2014-03-22T00:00:00.000+05:30,1464
38915,2014-03-22T00:00:00.000+05:30,11366
38950,2014-03-22T00:00:00.000+05:30,3424
38954,2014-03-22T00:00:00.000+05:30,8280
38965,2014-03-22T00:00:00.000+05:30,12099
38995,2014-03-22T00:00:00.000+05:30,4408
39006,2014-03-22T00:00:00.000+05:30,8572
39144,2014-03-23T00:00:00.000+05:30,3568
39148,2014-03-23T00:00:00.000+05:30,3044
39151,2014-03-23T00:00:00.000+05:30,10058
39153,2014-03-23T00:00:00.000+05:30,5134
39157,2014-03-23T00:00:00.000+05:30,4124
39202,2014-03-23T00:00:00.000+05:30,9747
39537,2014-03-26T00:00:00.000+05:30,1693
39538,2014-03-26T00:00:00.000+05:30,11270
39572,2014-03-26T00:00:00.000+05:30,4930
39582,2014-03-26T00:00:00.000+05:30,3142
39585,2014-03-26T00:00:00.000+05:30,8217
39647,2014-03-27T00:00:00.000+05:30,6363
39649,2014-03-27T00:00:00.000+05:30,8432
39749,2014-03-27T00:00:00.000+05:30,505
39838,2014-03-28T00:00:00.000+05:30,487
39851,2014-03-28T00:00:00.000+05:30,6450
39861,2014-03-28T00:00:00.000+05:30,2911
39931,2014-03-29T00:00:00.000+05:30,11612
40049,2014-03-30T00:00:00.000+05:30,7622
40138,2014-03-30T00:00:00.000+05:30,7635
40165,2014-03-30T00:00:00.000+05:30,1711
40288,2014-03-31T00:00:00.000+05:30,11543
40382,2014-03-31T00:00:00.000+05:30,1276
40389,2014-03-31T00:00:00.000+05:30,5695
40420,2014-03-31T00:00:00.000+05:30,7453
40534,2014-04-01T00:00:00.000+05:30,10130
40557,2014-04-01T00:00:00.000+05:30,1060
40584,2014-04-01T00:00:00.000+05:30,5116
40608,2014-04-01T00:00:00.000+05:30,7191
40695,2014-04-02T00:00:00.000+05:30,10905
40776,2014-04-02T00:00:00.000+05:30,7200
40787,2014-04-02T00:00:00.000+05:30,353
40806,2014-04-02T00:00:00.000+05:30,9149
40851,2014-04-02T00:00:00.000+05:30,1527
40904,2014-04-03T00:00:00.000+05:30,6945
40910,2014-04-03T00:00:00.000+05:30,7332
41015,2014-04-03T00:00:00.000+05:30,12384
41051,2014-04-03T00:00:00.000+05:30,3696
41083,2014-04-03T00:00:00.000+05:30,12186
41141,2014-04-04T00:00:00.000+05:30,7766
41142,2014-04-04T00:00:00.000+05:30,5023
41191,2014-04-04T00:00:00.000+05:30,6878
41287,2014-04-04T00:00:00.000+05:30,9581
41345,2014-04-05T00:00:00.000+05:30,8741
41371,2014-04-05T00:00:00.000+05:30,4361
41381,2014-04-05T00:00:00.000+05:30,11647
41466,2014-04-06T00:00:00.000+05:30,2400
41497,2014-04-06T00:00:00.000+05:30,5143
41517,2014-04-07T00:00:00.000+05:30,7133
41634,2014-04-08T00:00:00.000+05:30,3082
41793,2014-04-09T00:00:00.000+05:30,8731
41839,2014-04-09T00:00:00.000+05:30,4595
41886,2014-04-09T00:00:00.000+05:30,12069
41901,2014-04-09T00:00:00.000+05:30,474
41944,2014-04-09T00:00:00.000+05:30,2865
42018,2014-04-10T00:00:00.000+05:30,6002
42074,2014-04-10T00:00:00.000+05:30,9492
42085,2014-04-10T00:00:00.000+05:30,3940
42115,2014-04-10T00:00:00.000+05:30,10725
42147,2014-04-10T00:00:00.000+05:30,918
42177,2014-04-10T00:00:00.000+05:30,6006
42276,2014-04-11T00:00:00.000+05:30,3726
42312,2014-04-11T00:00:00.000+05:30,1674
42319,2014-04-11T00:00:00.000+05:30,5105
42331,2014-04-12T00:00:00.000+05:30,6246
42338,2014-04-12T00:00:00.000+05:30,4023
42375,2014-04-12T00:00:00.000+05:30,2914
42389,2014-04-12T00:00:00.000+05:30,6557
42422,2014-04-12T00:00:00.000+05:30,11005
42424,2014-04-12T00:00:00.000+05:30,1949
42581,2014-04-13T00:00:00.000+05:30,6044
42762,2014-04-15T00:00:00.000+05:30,712
42835,2014-04-16T00:00:00.000+05:30,9988
42857,2014-04-16T00:00:00.000+05:30,6528
43121,2014-04-18T00:00:00.000+05:30,4333
43139,2014-04-18T00:00:00.000+05:30,12007
43193,2014-04-18T00:00:00.000+05:30,11120
43395,2014-04-20T00:00:00.000+05:30,5692
43432,2014-04-20T00:00:00.000+05:30,12170
43450,2014-04-20T00:00:00.000+05:30,11671
43466,2014-04-20T00:00:00.000+05:30,1496
43512,2014-04-21T00:00:00.000+05:30,7049
43582,2014-04-21T00:00:00.000+05:30,8664
43599,2014-04-21T00:00:00.000+05:30,5474
43621,2014-04-21T00:00:00.000+05:30,6299
43655,2014-04-21T00:00:00.000+05:30,9945
43701,2014-04-21T00:00:00.000+05:30,12039
43798,2014-04-22T00:00:00.000+05:30,6226
43933,2014-04-23T00:00:00.000+05:30,8029
43945,2014-04-23T00:00:00.000+05:30,12288
43951,2014-04-23T00:00:00.000+05:30,943
44069,2014-04-24T00:00:00.000+05:30,8400
44135,2014-04-25T00:00:00.000+05:30,11283
44145,2014-04-25T00:00:00.000+05:30,3493
44150,2014-04-25T00:00:00.000+05:30,7732
44170,2014-04-25T00:00:00.000+05:30,1445
44194,2014-04-25T00:00:00.000+05:30,8553
44386,2014-04-26T00:00:00.000+05:30,1970
44396,2014-04-26T00:00:00.000+05:30,5141
44417,2014-04-26T00:00:00.000+05:30,9643
44625,2014-04-27T00:00:00.000+05:30,11611
44647,2014-04-27T00:00:00.000+05:30,10753
44735,2014-04-27T00:00:00.000+05:30,6442
44781,2014-04-28T00:00:00.000+05:30,2532
44830,2014-04-28T00:00:00.000+05:30,9626
44903,2014-04-29T00:00:00.000+05:30,2617
44950,2014-04-29T00:00:00.000+05:30,5153
44954,2014-04-29T00:00:00.000+05:30,6101
44971,2014-04-29T00:00:00.000+05:30,8613
44998,2014-04-29T00:00:00.000+05:30,10250
45044,2014-04-29T00:00:00.000+05:30,11922
45055,2014-04-29T00:00:00.000+05:30,9608
45087,2014-04-30T00:00:00.000+05:30,11294
45102,2014-04-30T00:00:00.000+05:30,2329
45114,2014-04-30T00:00:00.000+05:30,7384
45117,2014-04-30T00:00:00.000+05:30,8191
45131,2014-04-30T00:00:00.000+05:30,8151
45192,2014-05-01T00:00:00.000+05:30,3383
45255,2014-05-01T00:00:00.000+05:30,328
45259,2014-05-01T00:00:00.000+05:30,10550
45282,2014-05-02T00:00:00.000+05:30,6897
45303,2014-05-02T00:00:00.000+05:30,5148
45308,2014-05-02T00:00:00.000+05:30,4065
45334,2014-05-02T00:00:00.000+05:30,6641
45339,2014-05-02T00:00:00.000+05:30,6508
45395,2014-05-02T00:00:00.000+05:30,12111
45561,2014-05-03T00:00:00.000+05:30,7757
45590,2014-05-03T00:00:00.000+05:30,9896
45643,2014-05-04T00:00:00.000+05:30,6699
45782,2014-05-05T00:00:00.000+05:30,6816
45795,2014-05-05T00:00:00.000+05:30,6578
45824,2014-05-05T00:00:00.000+05:30,827
45842,2014-05-05T00:00:00.000+05:30,11924
45862,2014-05-05T00:00:00.000+05:30,9275
46023,2014-05-06T00:00:00.000+05:30,11378
46037,2014-05-06T00:00:00.000+05:30,4188
46079,2014-05-06T00:00:00.000+05:30,4205
46198,2014-05-07T00:00:00.000+05:30,4029
46211,2014-05-07T00:00:00.000+05:30,1749
46223,2014-05-07T00:00:00.000+05:30,2310
46359,2014-05-08T00:00:00.000+05:30,2591
46385,2014-05-09T00:00:00.000+05:30,7627
46417,2014-05-09T00:00:00.000+05:30,11509
46420,2014-05-09T00:00:00.000+05:30,4833
46422,2014-05-09T00:00:00.000+05:30,9502
46453,2014-05-09T00:00:00.000+05:30,9244
46493,2014-05-09T00:00:00.000+05:30,947
46531,2014-05-09T00:00:00.000+05:30,11295
46539,2014-05-09T00:00:00.000+05:30,5710
46549,2014-05-09T00:00:00.000+05:30,7989
46558,2014-05-09T00:00:00.000+05:30,8706
46594,2014-05-10T00:00:00.000+05:30,1136
46666,2014-05-10T00:00:00.000+05:30,7990
46682,2014-05-10T00:00:00.000+05:30,5065
46709,2014-05-10T00:00:00.000+05:30,9533
46716,2014-05-10T00:00:00.000+05:30,2605
46864,2014-05-11T00:00:00.000+05:30,3066
46883,2014-05-11T00:00:00.000+05:30,8723
46889,2014-05-11T00:00:00.000+05:30,2896
46893,2014-05-11T00:00:00.000+05:30,3105
46899,2014-05-11T00:00:00.000+05:30,10252
46956,2014-05-12T00:00:00.000+05:30,9208
46991,2014-05-12T00:00:00.000+05:30,2823
47055,2014-05-12T00:00:00.000+05:30,2268
47182,2014-05-13T00:00:00.000+05:30,554
47208,2014-05-13T00:00:00.000+05:30,9352
47314,2014-05-13T00:00:00.000+05:30,10274
47336,2014-05-14T00:00:00.000+05:30,7713
47389,2014-05-14T00:00:00.000+05:30,3547
47497,2014-05-15T00:00:00.000+05:30,8008
47513,2014-05-15T00:00:00.000+05:30,11868
47571,2014-05-15T00:00:00.000+05:30,8203
47666,2014-05-16T00:00:00.000+05:30,5597
47679,2014-05-16T00:00:00.000+05:30,172
47686,2014-05-16T00:00:00.000+05:30,10591
47743,2014-05-16T00:00:00.000+05:30,11012
47782,2014-05-16T00:00:00.000+05:30,5350
47810,2014-05-16T00:00:00.000+05:30,4633
47955,2014-05-18T00:00:00.000+05:30,6184
47979,2014-05-18T00:00:00.000+05:30,1627
48006,2014-05-18T00:00:00.000+05:30,8221
48023,2014-05-18T00:00:00.000+05:30,6359
48055,2014-05-18T00:00:00.000+05:30,8982
48062,2014-05-18T00:00:00.000+05:30,3044
48091,2014-05-18T00:00:00.000+05:30,10142
48101,2014-05-19T00:00:00.000+05:30,9202
48162,2014-05-19T00:00:00.000+05:30,6395
48193,2014-05-20T00:00:00.000+05:30,3471
48220,2014-05-20T00:00:00.000+05:30,7282
48224,2014-05-20T00:00:00.000+05:30,2095
48235,2014-05-20T00:00:00.000+05:30,2428
48427,2014-05-21T00:00:00.000+05:30,7462
48435,2014-05-21T00:00:00.000+05:30,2447
48552,2014-05-22T00:00:00.000+05:30,4585
48748,2014-05-24T00:00:00.000+05:30,375
48876,2014-05-24T00:00:00.000+05:30,12155
48917,2014-05-25T00:00:00.000+05:30,1548
48954,2014-05-25T00:00:00.000+05:30,5674
48978,2014-05-25T00:00:00.000+05:30,4429
48985,2014-05-25T00:00:00.000+05:30,9087
49010,2014-05-26T00:00:00.000+05:30,3179
49014,2014-05-26T00:00:00.000+05:30,3705
49055,2014-05-26T00:00:00.000+05:30,12139
49085,2014-05-26T00:00:00.000+05:30,7761
49158,2014-05-27T00:00:00.000+05:30,10158
49196,2014-05-28T00:00:00.000+05:30,10473
49229,2014-05-28T00:00:00.000+05:30,910
49230,2014-05-28T00:00:00.000+05:30,2334
49232,2014-05-28T00:00:00.000+05:30,8984
49243,2014-05-28T00:00:00.000+05:30,273
49281,2014-05-28T00:00:00.000+05:30,8729
49295,2014-05-28T00:00:00.000+05:30,5211
49454,2014-05-29T00:00:00.000+05:30,2498
49531,2014-05-30T00:00:00.000+05:30,2173
49578,2014-05-30T00:00:00.000+05:30,10802
49593,2014-05-30T00:00:00.000+05:30,7663
49625,2014-05-31T00:00:00.000+05:30,10662
49666,2014-05-31T00:00:00.000+05:30,7838
49675,2014-05-31T00:00:00.000+05:30,1760
49724,2014-05-31T00:00:00.000+05:30,9739
49744,2014-06-01T00:00:00.000+05:30,6692
49751,2014-06-01T00:00:00.000+05:30,6410
49766,2014-06-01T00:00:00.000+05:30,5128
49816,2014-06-01T00:00:00.000+05:30,11738
49821,2014-06-01T00:00:00.000+05:30,7343
49846,2014-06-01T00:00:00.000+05:30,5561
49968,2014-06-02T00:00:00.000+05:30,9522
49984,2014-06-02T00:00:00.000+05:30,3664
49990,2014-06-02T00:00:00.000+05:30,2998
50002,2014-06-02T00:00:00.000+05:30,8037
50026,2014-06-02T00:00:00.000+05:30,5976
50044,2014-06-02T00:00:00.000+05:30,5232
50109,2014-06-03T00:00:00.000+05:30,9451
50113,2014-06-03T00:00:00.000+05:30,9115
50187,2014-06-04T00:00:00.000+05:30,10947
50276,2014-06-05T00:00:00.000+05:30,5102
50311,2014-06-05T00:00:00.000+05:30,3165
50356,2014-06-06T00:00:00.000+05:30,1870
50429,2014-06-06T00:00:00.000+05:30,8289
50456,2014-06-06T00:00:00.000+05:30,9400
50540,2014-06-07T00:00:00.000+05:30,6416
50605,2014-06-07T00:00:00.000+05:30,5579
50713,2014-06-08T00:00:00.000+05:30,2577
50849,2014-06-08T00:00:00.000+05:30,3673
50997,2014-06-09T00:00:00.000+05:30,8728
51024,2014-06-09T00:00:00.000+05:30,859
51137,2014-06-10T00:00:00.000+05:30,2717
51168,2014-06-10T00:00:00.000+05:30,8050
51177,2014-06-10T00:00:00.000+05:30,9763
51283,2014-06-11T00:00:00.000+05:30,4122
51300,2014-06-12T00:00:00.000+05:30,853
51358,2014-06-12T00:00:00.000+05:30,7975
51492,2014-06-13T00:00:00.000+05:30,11655
51518,2014-06-13T00:00:00.000+05:30,7335
51639,2014-06-14T00:00:00.000+05:30,1152
51640,2014-06-14T00:00:00.000+05:30,5002
51652,2014-06-14T00:00:00.000+05:30,7439
51733,2014-06-14T00:00:00.000+05:30,4078
51891,2014-06-15T00:00:00.000+05:30,927
52008,2014-06-16T00:00:00.000+05:30,10774
52037,2014-06-16T00:00:00.000+05:30,12261
52067,2014-06-16T00:00:00.000+05:30,10861
52098,2014-06-16T00:00:00.000+05:30,8914
52165,2014-06-17T00:00:00.000+05:30,2853
52202,2014-06-17T00:00:00.000+05:30,794
52236,2014-06-17T00:00:00.000+05:30,8605
52241,2014-06-17T00:00:00.000+05:30,7232
52259,2014-06-17T00:00:00.000+05:30,2216
52347,2014-06-18T00:00:00.000+05:30,10246
52361,2014-06-18T00:00:00.000+05:30,11376
52412,2014-06-19T00:00:00.000+05:30,4233
52463,2014-06-19T00:00:00.000+05:30,7525
52470,2014-06-19T00:00:00.000+05:30,4538
52501,2014-06-19T00:00:00.000+05:30,2893
52525,2014-06-19T00:00:00.000+05:30,2922
52618,2014-06-19T00:00:00.000+05:30,12222
52622,2014-06-19T00:00:00.000+05:30,1725
52660,2014-06-20T00:00:00.000+05:30,7981
52754,2014-06-21T00:00:00.000+05:30,8871
52783,2014-06-21T00:00:00.000+05:30,1962
52820,2014-06-22T00:00:00.000+05:30,10487
52953,2014-06-23T00:00:00.000+05:30,950
53016,2014-06-24T00:00:00.000+05:30,10131
53024,2014-06-24T00:00:00.000+05:30,7471
53086,2014-06-24T00:00:00.000+05:30,7434
53092,2014-06-24T00:00:00.000+05:30,2374
53178,2014-06-25T00:00:00.000+05:30,941
53219,2014-06-25T00:00:00.000+05:30,1089
53235,2014-06-25T00:00:00.000+05:30,6932
53261,2014-06-25T00:00:00.000+05:30,4392
53327,2014-06-25T00:00:00.000+05:30,7078
53430,2014-06-26T00:00:00.000+05:30,2137
53474,2014-06-27T00:00:00.000+05:30,4550
53478,2014-06-27T00:00:00.000+05:30,3149
53521,2014-06-27T00:00:00.000+05:30,11386
53535,2014-06-27T00:00:00.000+05:30,6473
53549,2014-06-27T00:00:00.000+05:30,2729
53581,2014-06-27T00:00:00.000+05:30,2790
53627,2014-06-27T00:00:00.000+05:30,11561
53677,2014-06-27T00:00:00.000+05:30,1351
53715,2014-06-28T00:00:00.000+05:30,1397
53800,2014-06-29T00:00:00.000+05:30,11278
53976,2014-06-30T00:00:00.000+05:30,714
53983,2014-06-30T00:00:00.000+05:30,11572
54014,2014-07-01T00:00:00.000+05:30,3666
54088,2014-07-01T00:00:00.000+05:30,3921
54115,2014-07-01T00:00:00.000+05:30,5137
54125,2014-07-01T00:00:00.000+05:30,9242
54150,2014-07-01T00:00:00.000+05:30,1720
54290,2014-07-03T00:00:00.000+05:30,12424
54297,2014-07-03T00:00:00.000+05:30,5544
54430,2014-07-03T00:00:00.000+05:30,3714
54472,2014-07-04T00:00:00.000+05:30,1665
54474,2014-07-04T00:00:00.000+05:30,9280
54476,2014-07-04T00:00:00.000+05:30,3499
54485,2014-07-04T00:00:00.000+05:30,6526
54497,2014-07-04T00:00:00.000+05:30,2494
54498,2014-07-04T00:00:00.000+05:30,6731
54536,2014-07-04T00:00:00.000+05:30,1898
54558,2014-07-05T00:00:00.000+05:30,2879
54655,2014-07-05T00:00:00.000+05:30,10444
54662,2014-07-05T00:00:00.000+05:30,931
54778,2014-07-06T00:00:00.000+05:30,10055
54849,2014-07-07T00:00:00.000+05:30,1802
54851,2014-07-07T00:00:00.000+05:30,2012
54875,2014-07-07T00:00:00.000+05:30,783
54900,2014-07-07T00:00:00.000+05:30,10869
54913,2014-07-07T00:00:00.000+05:30,9963
54929,2014-07-07T00:00:00.000+05:30,6683
54996,2014-07-08T00:00:00.000+05:30,3753
55000,2014-07-08T00:00:00.000+05:30,9897
55012,2014-07-08T00:00:00.000+05:30,2157
55020,2014-07-08T00:00:00.000+05:30,5260
55115,2014-07-08T00:00:00.000+05:30,5534
55160,2014-07-08T00:00:00.000+05:30,9763
55201,2014-07-09T00:00:00.000+05:30,11198
55242,2014-07-09T00:00:00.000+05:30,655
55290,2014-07-09T00:00:00.000+05:30,7633
55314,2014-07-10T00:00:00.000+05:30,8878
55505,2014-07-11T00:00:00.000+05:30,8271
55519,2014-07-11T00:00:00.000+05:30,12004
55536,2014-07-11T00:00:00.000+05:30,772
55656,2014-07-12T00:00:00.000+05:30,2815
55675,2014-07-12T00:00:00.000+05:30,4814
55735,2014-07-12T00:00:00.000+05:30,12107
55752,2014-07-13T00:00:00.000+05:30,2074
55895,2014-07-13T00:00:00.000+05:30,9480
55903,2014-07-13T00:00:00.000+05:30,5294
55920,2014-07-14T00:00:00.000+05:30,764
55932,2014-07-14T00:00:00.000+05:30,9170
55935,2014-07-14T00:00:00.000+05:30,11776
55963,2014-07-14T00:00:00.000+05:30,3125
55994,2014-07-14T00:00:00.000+05:30,7161
56120,2014-07-15T00:00:00.000+05:30,10854
56210,2014-07-15T00:00:00.000+05:30,6825
56284,2014-07-15T00:00:00.000+05:30,12081
56327,2014-07-16T00:00:00.000+05:30,2792
56374,2014-07-16T00:00:00.000+05:30,2668
56390,2014-07-16T00:00:00.000+05:30,9161
56434,2014-07-17T00:00:00.000+05:30,11616
56476,2014-07-17T00:00:00.000+05:30,9698
56544,2014-07-18T00:00:00.000+05:30,6409
56555,2014-07-18T00:00:00.000+05:30,4489
56667,2014-07-18T00:00:00.000+05:30,11626
56812,2014-07-19T00:00:00.000+05:30,390
56904,2014-07-19T00:00:00.000+05:30,11800
56933,2014-07-20T00:00:00.000+05:30,486
56938,2014-07-20T00:00:00.000+05:30,5728
57016,2014-07-20T00:00:00.000+05:30,10621
57104,2014-07-20T00:00:00.000+05:30,4997
57108,2014-07-20T00:00:00.000+05:30,12002
57193,2014-07-21T00:00:00.000+05:30,2038
57204,2014-07-21T00:00:00.000+05:30,10973
57276,2014-07-21T00:00:00.000+05:30,6032
57327,2014-07-21T00:00:00.000+05:30,5879
57382,2014-07-22T00:00:00.000+05:30,6314
57422,2014-07-22T00:00:00.000+05:30,4757
57427,2014-07-22T00:00:00.000+05:30,5464
57433,2014-07-22T00:00:00.000+05:30,1417
57479,2014-07-23T00:00:00.000+05:30,1756
57522,2014-07-23T00:00:00.000+05:30,9764
57546,2014-07-23T00:00:00.000+05:30,553
57560,2014-07-23T00:00:00.000+05:30,9732
57568,2014-07-23T00:00:00.000+05:30,2194
57573,2014-07-23T00:00:00.000+05:30,1024
57638,2014-07-24T00:00:00.000+05:30,8905
57672,2014-07-24T00:00:00.000+05:30,10855
57799,2013-07-26T00:00:00.000+05:30,7499
57892,2013-07-29T00:00:00.000+05:30,8660
58133,2013-08-09T00:00:00.000+05:30,6144
58138,2013-08-09T00:00:00.000+05:30,5103
58145,2013-08-09T00:00:00.000+05:30,8649
58233,2013-08-12T00:00:00.000+05:30,7190
58238,2013-08-12T00:00:00.000+05:30,260
58273,2013-08-14T00:00:00.000+05:30,1735
58338,2013-08-17T00:00:00.000+05:30,6108
58408,2013-08-19T00:00:00.000+05:30,1819
58414,2013-08-20T00:00:00.000+05:30,8865
58415,2013-08-20T00:00:00.000+05:30,7930
58427,2013-08-20T00:00:00.000+05:30,2094
58480,2013-08-22T00:00:00.000+05:30,6417
58511,2013-08-23T00:00:00.000+05:30,4979
58571,2013-08-25T00:00:00.000+05:30,8209
58585,2013-08-25T00:00:00.000+05:30,1379
58715,2013-08-31T00:00:00.000+05:30,11766
58761,2013-09-01T00:00:00.000+05:30,12406
58780,2013-09-02T00:00:00.000+05:30,7741
58874,2013-09-06T00:00:00.000+05:30,489
58966,2013-09-09T00:00:00.000+05:30,5175
59045,2013-09-14T00:00:00.000+05:30,6345
59072,2013-09-15T00:00:00.000+05:30,5884
59079,2013-09-15T00:00:00.000+05:30,3071
59100,2013-09-16T00:00:00.000+05:30,1529
59110,2013-09-16T00:00:00.000+05:30,8425
59112,2013-09-16T00:00:00.000+05:30,7316
59135,2013-09-16T00:00:00.000+05:30,11985
59137,2013-09-16T00:00:00.000+05:30,834
59215,2013-09-21T00:00:00.000+05:30,1506
59290,2013-09-24T00:00:00.000+05:30,1079
59360,2013-09-26T00:00:00.000+05:30,4912
59363,2013-09-26T00:00:00.000+05:30,4266
59435,2013-09-29T00:00:00.000+05:30,10754
59507,2013-10-01T00:00:00.000+05:30,9597
59512,2013-10-01T00:00:00.000+05:30,374
59546,2013-10-02T00:00:00.000+05:30,6752
59576,2013-10-03T00:00:00.000+05:30,4213
59604,2013-10-04T00:00:00.000+05:30,10516
59621,2013-10-05T00:00:00.000+05:30,10906
59655,2013-10-06T00:00:00.000+05:30,801
59683,2013-10-08T00:00:00.000+05:30,7366
59713,2013-10-10T00:00:00.000+05:30,9998
59738,2013-10-11T00:00:00.000+05:30,11714
59806,2013-10-13T00:00:00.000+05:30,4939
59875,2013-10-16T00:00:00.000+05:30,7537
59881,2013-10-16T00:00:00.000+05:30,2299
59913,2013-10-17T00:00:00.000+05:30,6003
59914,2013-10-17T00:00:00.000+05:30,8715
60092,2013-10-24T00:00:00.000+05:30,3231
60190,2013-10-29T00:00:00.000+05:30,7133
60203,2013-10-29T00:00:00.000+05:30,1844
60220,2013-10-30T00:00:00.000+05:30,9083
60235,2013-10-30T00:00:00.000+05:30,7835
60283,2013-11-01T00:00:00.000+05:30,11960
60315,2013-11-02T00:00:00.000+05:30,8509
60321,2013-11-02T00:00:00.000+05:30,6953
60370,2013-11-03T00:00:00.000+05:30,2406
60527,2013-11-10T00:00:00.000+05:30,4455
60547,2013-11-11T00:00:00.000+05:30,10366
60711,2013-11-18T00:00:00.000+05:30,3669
60728,2013-11-19T00:00:00.000+05:30,11712
60759,2013-11-19T00:00:00.000+05:30,8257
60951,2013-11-25T00:00:00.000+05:30,8930
60985,2013-11-26T00:00:00.000+05:30,3698
61015,2013-11-27T00:00:00.000+05:30,9667
61056,2013-11-28T00:00:00.000+05:30,9513
61061,2013-11-28T00:00:00.000+05:30,6803
61069,2013-11-29T00:00:00.000+05:30,8411
61074,2013-11-29T00:00:00.000+05:30,5264
61101,2013-12-01T00:00:00.000+05:30,10094
61193,2013-12-04T00:00:00.000+05:30,10279
61435,2013-12-14T00:00:00.000+05:30,956
61474,2013-12-15T00:00:00.000+05:30,10506
61533,2013-12-17T00:00:00.000+05:30,1911
61554,2013-12-18T00:00:00.000+05:30,1159
61566,2013-12-18T00:00:00.000+05:30,11557
61572,2013-12-18T00:00:00.000+05:30,1347
61629,2013-12-21T00:00:00.000+05:30,12435
61692,2013-12-22T00:00:00.000+05:30,2307
61711,2013-12-23T00:00:00.000+05:30,450
61775,2013-12-26T00:00:00.000+05:30,6684
61785,2013-12-26T00:00:00.000+05:30,3424
61839,2013-12-28T00:00:00.000+05:30,3301
61872,2013-12-30T00:00:00.000+05:30,6261
61952,2014-01-03T00:00:00.000+05:30,4529
61978,2014-01-04T00:00:00.000+05:30,10992
62000,2014-01-05T00:00:00.000+05:30,11983
62029,2014-01-06T00:00:00.000+05:30,8149
62047,2014-01-06T00:00:00.000+05:30,2143
62148,2014-01-10T00:00:00.000+05:30,3466
62175,2014-01-10T00:00:00.000+05:30,9062
62338,2014-01-18T00:00:00.000+05:30,10430
62509,2014-01-23T00:00:00.000+05:30,4816
62546,2014-01-24T00:00:00.000+05:30,1893
62566,2014-01-24T00:00:00.000+05:30,4849
62610,2014-01-26T00:00:00.000+05:30,9527
62618,2014-01-26T00:00:00.000+05:30,10688
62680,2014-01-28T00:00:00.000+05:30,1912
62744,2014-01-30T00:00:00.000+05:30,4249
62747,2014-01-30T00:00:00.000+05:30,5747
62786,2014-02-01T00:00:00.000+05:30,4909
62810,2014-02-02T00:00:00.000+05:30,374
62840,2014-02-04T00:00:00.000+05:30,9906
62842,2014-02-04T00:00:00.000+05:30,5501
62858,2014-02-04T00:00:00.000+05:30,9374
62931,2014-02-07T00:00:00.000+05:30,8253
62939,2014-02-07T00:00:00.000+05:30,4401
62955,2014-02-08T00:00:00.000+05:30,3476
62999,2014-02-09T00:00:00.000+05:30,7401
63065,2014-02-11T00:00:00.000+05:30,2705
63155,2014-02-14T00:00:00.000+05:30,5964
63220,2014-02-15T00:00:00.000+05:30,3071
63264,2014-02-19T00:00:00.000+05:30,6386
63285,2014-02-19T00:00:00.000+05:30,845
63316,2014-02-21T00:00:00.000+05:30,4369
63363,2014-02-22T00:00:00.000+05:30,588
63406,2014-02-23T00:00:00.000+05:30,3162
63409,2014-02-24T00:00:00.000+05:30,10432
63466,2014-02-26T00:00:00.000+05:30,1460
63474,2014-02-26T00:00:00.000+05:30,1212
63528,2014-03-01T00:00:00.000+05:30,11378
63631,2014-03-04T00:00:00.000+05:30,8179
63745,2014-03-10T00:00:00.000+05:30,8088
63824,2014-03-13T00:00:00.000+05:30,9544
63825,2014-03-14T00:00:00.000+05:30,4245
63910,2014-03-17T00:00:00.000+05:30,9048
63978,2014-03-19T00:00:00.000+05:30,410
64003,2014-03-20T00:00:00.000+05:30,11946
64079,2014-03-23T00:00:00.000+05:30,3032
64094,2014-03-24T00:00:00.000+05:30,2025
64154,2014-03-26T00:00:00.000+05:30,4335
64232,2014-03-29T00:00:00.000+05:30,6199
64240,2014-03-30T00:00:00.000+05:30,6547
64274,2014-04-01T00:00:00.000+05:30,12019
64395,2014-04-06T00:00:00.000+05:30,6313
64464,2014-04-07T00:00:00.000+05:30,1881
64473,2014-04-08T00:00:00.000+05:30,5951
64517,2014-04-09T00:00:00.000+05:30,10595
64525,2014-04-09T00:00:00.000+05:30,7732
64607,2014-04-12T00:00:00.000+05:30,1164
64626,2014-04-13T00:00:00.000+05:30,6755
64686,2014-04-15T00:00:00.000+05:30,4759
64718,2014-04-16T00:00:00.000+05:30,10242
64781,2014-04-19T00:00:00.000+05:30,1822
64923,2014-04-24T00:00:00.000+05:30,2154
65161,2014-05-03T00:00:00.000+05:30,1648
65195,2014-05-04T00:00:00.000+05:30,8621
65282,2014-05-07T00:00:00.000+05:30,9963
65323,2014-05-09T00:00:00.000+05:30,9265
65326,2014-05-09T00:00:00.000+05:30,11731
65389,2014-05-11T00:00:00.000+05:30,7013
65436,2014-05-12T00:00:00.000+05:30,5343
65439,2014-05-12T00:00:00.000+05:30,394
65535,2014-05-16T00:00:00.000+05:30,5230
65552,2014-05-17T00:00:00.000+05:30,4966
65597,2014-05-19T00:00:00.000+05:30,7388
65634,2014-05-20T00:00:00.000+05:30,9890
65646,2014-05-21T00:00:00.000+05:30,2701
65672,2014-05-22T00:00:00.000+05:30,4921
65772,2014-05-26T00:00:00.000+05:30,5542
65782,2014-05-26T00:00:00.000+05:30,7401
65844,2014-05-29T00:00:00.000+05:30,11519
65880,2014-06-01T00:00:00.000+05:30,9860
65885,2014-06-01T00:00:00.000+05:30,7576
65900,2014-06-02T00:00:00.000+05:30,9541
66096,2014-06-07T00:00:00.000+05:30,2252
66222,2014-06-11T00:00:00.000+05:30,7469
66227,2014-06-11T00:00:00.000+05:30,10740
66230,2014-06-11T00:00:00.000+05:30,1101
66266,2014-06-13T00:00:00.000+05:30,6721
66270,2014-06-13T00:00:00.000+05:30,8394
66271,2014-06-13T00:00:00.000+05:30,6893
66370,2014-06-17T00:00:00.000+05:30,8905
66592,2014-06-24T00:00:00.000+05:30,3529
66715,2014-06-29T00:00:00.000+05:30,10353
66764,2014-06-30T00:00:00.000+05:30,10577
66777,2014-06-30T00:00:00.000+05:30,1599
66793,2014-07-01T00:00:00.000+05:30,5308
66909,2014-07-06T00:00:00.000+05:30,5711
66926,2014-07-06T00:00:00.000+05:30,4462
66937,2014-07-07T00:00:00.000+05:30,94
66958,2014-07-07T00:00:00.000+05:30,467
66959,2014-07-07T00:00:00.000+05:30,2048
66967,2014-07-07T00:00:00.000+05:30,11154
66986,2014-07-09T00:00:00.000+05:30,5148
67098,2014-07-14T00:00:00.000+05:30,3248
67115,2014-07-15T00:00:00.000+05:30,8822
67137,2014-07-15T00:00:00.000+05:30,5167
67178,2014-07-16T00:00:00.000+05:30,4761
67215,2014-07-17T00:00:00.000+05:30,10353
67232,2014-07-18T00:00:00.000+05:30,5944
67248,2014-07-19T00:00:00.000+05:30,3674
67315,2014-07-21T00:00:00.000+05:30,4776
67334,2014-07-22T00:00:00.000+05:30,898
67353,2014-07-23T00:00:00.000+05:30,2546
67366,2014-07-23T00:00:00.000+05:30,547
67375,2014-07-23T00:00:00.000+05:30,1815
67380,2014-07-23T00:00:00.000+05:30,8841
67390,2014-07-23T00:00:00.000+05:30,6958
67417,2013-07-26T00:00:00.000+05:30,3055
67490,2013-08-14T00:00:00.000+05:30,5196
67556,2013-08-30T00:00:00.000+05:30,11199
67605,2013-09-11T00:00:00.000+05:30,1352
67608,2013-09-11T00:00:00.000+05:30,1459
67636,2013-09-20T00:00:00.000+05:30,6032
67740,2013-10-25T00:00:00.000+05:30,732
67746,2013-10-27T00:00:00.000+05:30,2815
67964,2013-12-29T00:00:00.000+05:30,9701
67969,2013-12-30T00:00:00.000+05:30,6904
68059,2014-01-25T00:00:00.000+05:30,1102
68079,2014-01-31T00:00:00.000+05:30,5142
68154,2014-02-18T00:00:00.000+05:30,2120
68191,2014-02-28T00:00:00.000+05:30,9012
68231,2014-03-13T00:00:00.000+05:30,1668
68422,2014-05-05T00:00:00.000+05:30,3870
68426,2014-05-07T00:00:00.000+05:30,11361
68437,2014-05-11T00:00:00.000+05:30,3413
68444,2014-05-12T00:00:00.000+05:30,3399
68454,2014-05-15T00:00:00.000+05:30,9297
68467,2014-05-18T00:00:00.000+05:30,5214
68516,2014-06-03T00:00:00.000+05:30,5372
68528,2014-06-06T00:00:00.000+05:30,10183
68557,2014-06-14T00:00:00.000+05:30,10109
68571,2014-06-19T00:00:00.000+05:30,2796
68743,2013-11-01T00:00:00.000+05:30,2751
68754,2013-11-16T00:00:00.000+05:30,2424
68767,2013-12-11T00:00:00.000+05:30,6671
68792,2014-01-28T00:00:00.000+05:30,9809
68816,2014-03-26T00:00:00.000+05:30,8769
68867,2014-06-23T00:00:00.000+05:30,869
