11256,2013-10-02T00:00:00.000+05:30,35
62175,2014-01-10T00:00:00.000+05:30,9062
39861,2014-03-28T00:00:00.000+05:30,2911
7855,2013-09-11T00:00:00.000+05:30,6004
56933,2014-07-20T00:00:00.000+05:30,486
48917,2014-05-25T00:00:00.000+05:30,1548
58273,2013-08-14T00:00:00.000+05:30,1735
48748,2014-05-24T00:00:00.000+05:30,375
62810,2014-02-02T00:00:00.000+05:30,374
57204,2014-07-21T00:00:00.000+05:30,10973
66958,2014-07-07T00:00:00.000+05:30,467
58138,2013-08-09T00:00:00.000+05:30,5103
34659,2014-02-23T00:00:00.000+05:30,4507
51177,2014-06-10T00:00:00.000+05:30,9763
929,2013-07-30T00:00:00.000+05:30,8482
39144,2014-03-23T00:00:00.000+05:30,3568
60321,2013-11-02T00:00:00.000+05:30,6953
23415,2013-12-17T00:00:00.000+05:30,7616
57427,2014-07-22T00:00:00.000+05:30,5464
67178,2014-07-16T00:00:00.000+05:30,4761
39151,2014-03-23T00:00:00.000+05:30,10058
2153,2013-08-05T00:00:00.000+05:30,2430
4040,2013-08-17T00:00:00.000+05:30,10234
16133,2013-11-04T00:00:00.000+05:30,8670
36500,2014-03-06T00:00:00.000+05:30,10815
34855,2014-02-25T00:00:00.000+05:30,6736
54662,2014-07-05T00:00:00.000+05:30,931
61069,2013-11-29T00:00:00.000+05:30,8411
52361,2014-06-18T00:00:00.000+05:30,11376
61572,2013-12-18T00:00:00.000+05:30,1347
62999,2014-02-09T00:00:00.000+05:30,7401
27706,2014-01-12T00:00:00.000+05:30,1385
29360,2014-01-22T00:00:00.000+05:30,3297
44625,2014-04-27T00:00:00.000+05:30,11611
21990,2013-12-06T00:00:00.000+05:30,4014
43432,2014-04-20T00:00:00.000+05:30,12170
47979,2014-05-18T00:00:00.000+05:30,1627
22949,2013-12-13T00:00:00.000+05:30,10923
56120,2014-07-15T00:00:00.000+05:30,10854
15135,2013-10-29T00:00:00.000+05:30,6354
47810,2014-05-16T00:00:00.000+05:30,4633
51891,2014-06-15T00:00:00.000+05:30,927
51137,2014-06-10T00:00:00.000+05:30,2717
66271,2014-06-13T00:00:00.000+05:30,6893
46420,2014-05-09T00:00:00.000+05:30,4833
16923,2013-11-07T00:00:00.000+05:30,10474
3652,2013-08-15T00:00:00.000+05:30,6699
30737,2014-01-31T00:00:00.000+05:30,6249
9838,2013-09-24T00:00:00.000+05:30,4181
33625,2014-02-17T00:00:00.000+05:30,10135
27517,2014-01-11T00:00:00.000+05:30,620
35282,2014-02-27T00:00:00.000+05:30,8051
25687,2013-12-31T00:00:00.000+05:30,11675
40851,2014-04-02T00:00:00.000+05:30,1527
1186,2013-07-31T00:00:00.000+05:30,11947
15432,2013-10-31T00:00:00.000+05:30,9744
21524,2013-12-04T00:00:00.000+05:30,6092
55314,2014-07-10T00:00:00.000+05:30,8878
6819,2013-09-06T00:00:00.000+05:30,1548
59914,2013-10-17T00:00:00.000+05:30,8715
31926,2014-02-07T00:00:00.000+05:30,2387
1776,2013-08-03T00:00:00.000+05:30,6222
19866,2013-11-24T00:00:00.000+05:30,3928
64154,2014-03-26T00:00:00.000+05:30,4335
31475,2014-02-04T00:00:00.000+05:30,4301
34677,2014-02-24T00:00:00.000+05:30,12360
29846,2014-01-26T00:00:00.000+05:30,9088
6750,2013-09-05T00:00:00.000+05:30,221
17310,2013-11-09T00:00:00.000+05:30,6612
68079,2014-01-31T00:00:00.000+05:30,5142
17790,2013-11-12T00:00:00.000+05:30,2500
27999,2014-01-14T00:00:00.000+05:30,4428
67608,2013-09-11T00:00:00.000+05:30,1459
39538,2014-03-26T00:00:00.000+05:30,11270
58874,2013-09-06T00:00:00.000+05:30,489
42331,2014-04-12T00:00:00.000+05:30,6246
44971,2014-04-29T00:00:00.000+05:30,8613
2189,2013-08-06T00:00:00.000+05:30,6829
39582,2014-03-26T00:00:00.000+05:30,3142
9370,2013-09-22T00:00:00.000+05:30,2009
4585,2013-08-22T00:00:00.000+05:30,501
8209,2013-09-14T00:00:00.000+05:30,1045
52463,2014-06-19T00:00:00.000+05:30,7525
44194,2014-04-25T00:00:00.000+05:30,8553
30327,2014-01-29T00:00:00.000+05:30,11860
47679,2014-05-16T00:00:00.000+05:30,172
15148,2013-10-29T00:00:00.000+05:30,4376
19594,2013-11-23T00:00:00.000+05:30,2025
17257,2013-11-09T00:00:00.000+05:30,4121
7770,2013-09-10T00:00:00.000+05:30,7762
68516,2014-06-03T00:00:00.000+05:30,5372
9079,2013-09-20T00:00:00.000+05:30,2642
19983,2013-11-25T00:00:00.000+05:30,6306
29817,2014-01-25T00:00:00.000+05:30,7129
40382,2014-03-31T00:00:00.000+05:30,1276
47389,2014-05-14T00:00:00.000+05:30,3547
55920,2014-07-14T00:00:00.000+05:30,764
63285,2014-02-19T00:00:00.000+05:30,845
43621,2014-04-21T00:00:00.000+05:30,6299
16359,2013-11-05T00:00:00.000+05:30,1442
34332,2014-02-21T00:00:00.000+05:30,8358
59621,2013-10-05T00:00:00.000+05:30,10906
41944,2014-04-09T00:00:00.000+05:30,2865
41381,2014-04-05T00:00:00.000+05:30,11647
28182,2014-01-15T00:00:00.000+05:30,9579
30202,2014-01-28T00:00:00.000+05:30,4812
10563,2013-09-28T00:00:00.000+05:30,6237
12032,2013-10-06T00:00:00.000+05:30,6249
33184,2014-02-15T00:00:00.000+05:30,1583
58408,2013-08-19T00:00:00.000+05:30,1819
35060,2014-02-25T00:00:00.000+05:30,2492
51300,2014-06-12T00:00:00.000+05:30,853
21123,2013-12-02T00:00:00.000+05:30,2569
29216,2014-01-21T00:00:00.000+05:30,2220
4801,2013-08-23T00:00:00.000+05:30,11630
34803,2014-02-24T00:00:00.000+05:30,9048
62680,2014-01-28T00:00:00.000+05:30,1912
2411,2013-08-07T00:00:00.000+05:30,4211
14512,2013-10-24T00:00:00.000+05:30,4730
38456,2014-03-18T00:00:00.000+05:30,7637
39585,2014-03-26T00:00:00.000+05:30,8217
61474,2013-12-15T00:00:00.000+05:30,10506
24883,2013-12-26T00:00:00.000+05:30,10202
9927,2013-09-25T00:00:00.000+05:30,10231
25035,2013-12-26T00:00:00.000+05:30,7279
26200,2014-01-03T00:00:00.000+05:30,6283
46531,2014-05-09T00:00:00.000+05:30,11295
35999,2014-03-03T00:00:00.000+05:30,12280
63528,2014-03-01T00:00:00.000+05:30,11378
4223,2013-08-18T00:00:00.000+05:30,3284
29112,2014-01-21T00:00:00.000+05:30,649
29148,2014-01-21T00:00:00.000+05:30,11875
10793,2013-09-29T00:00:00.000+05:30,4916
23408,2013-12-17T00:00:00.000+05:30,5840
38358,2014-03-18T00:00:00.000+05:30,4038
2754,2013-08-09T00:00:00.000+05:30,8946
27762,2014-01-12T00:00:00.000+05:30,7944
11584,2013-10-04T00:00:00.000+05:30,9412
59435,2013-09-29T00:00:00.000+05:30,10754
17423,2013-11-10T00:00:00.000+05:30,9188
19049,2013-11-20T00:00:00.000+05:30,2701
15656,2013-11-01T00:00:00.000+05:30,10949
24142,2013-12-22T00:00:00.000+05:30,9063
45824,2014-05-05T00:00:00.000+05:30,827
36547,2014-03-06T00:00:00.000+05:30,6736
34977,2014-02-25T00:00:00.000+05:30,1243
54849,2014-07-07T00:00:00.000+05:30,1802
34703,2014-02-24T00:00:00.000+05:30,2486
66937,2014-07-07T00:00:00.000+05:30,94
44830,2014-04-28T00:00:00.000+05:30,9626
49990,2014-06-02T00:00:00.000+05:30,2998
57672,2014-07-24T00:00:00.000+05:30,10855
1365,2013-08-01T00:00:00.000+05:30,8567
9159,2013-09-20T00:00:00.000+05:30,5548
955,2013-07-30T00:00:00.000+05:30,8117
11680,2013-10-04T00:00:00.000+05:30,8188
34084,2014-02-19T00:00:00.000+05:30,2862
57546,2014-07-23T00:00:00.000+05:30,553
9788,2013-09-24T00:00:00.000+05:30,11209
38079,2014-03-16T00:00:00.000+05:30,6266
48954,2014-05-25T00:00:00.000+05:30,5674
30538,2014-01-30T00:00:00.000+05:30,6497
65161,2014-05-03T00:00:00.000+05:30,1648
38954,2014-03-22T00:00:00.000+05:30,8280
45044,2014-04-29T00:00:00.000+05:30,11922
11985,2013-10-06T00:00:00.000+05:30,12114
67969,2013-12-30T00:00:00.000+05:30,6904
65885,2014-06-01T00:00:00.000+05:30,7576
3295,2013-08-12T00:00:00.000+05:30,651
5270,2013-08-25T00:00:00.000+05:30,1012
11729,2013-10-05T00:00:00.000+05:30,1804
4698,2013-08-22T00:00:00.000+05:30,2433
35402,2014-02-28T00:00:00.000+05:30,483
26891,2014-01-07T00:00:00.000+05:30,6279
62840,2014-02-04T00:00:00.000+05:30,9906
52037,2014-06-16T00:00:00.000+05:30,12261
56390,2014-07-16T00:00:00.000+05:30,9161
15716,2013-11-02T00:00:00.000+05:30,5804
8091,2013-09-13T00:00:00.000+05:30,4134
42085,2014-04-10T00:00:00.000+05:30,3940
19709,2013-11-24T00:00:00.000+05:30,18
29765,2014-01-25T00:00:00.000+05:30,6137
42115,2014-04-10T00:00:00.000+05:30,10725
25723,2013-12-31T00:00:00.000+05:30,2663
16712,2013-11-06T00:00:00.000+05:30,8285
57276,2014-07-21T00:00:00.000+05:30,6032
39647,2014-03-27T00:00:00.000+05:30,6363
54851,2014-07-07T00:00:00.000+05:30,2012
53261,2014-06-25T00:00:00.000+05:30,4392
53474,2014-06-27T00:00:00.000+05:30,4550
25025,2013-12-26T00:00:00.000+05:30,7564
30147,2014-01-28T00:00:00.000+05:30,3238
12909,2013-10-12T00:00:00.000+05:30,11390
38743,2014-03-21T00:00:00.000+05:30,11768
3774,2013-08-16T00:00:00.000+05:30,12431
37718,2014-03-14T00:00:00.000+05:30,1627
64718,2014-04-16T00:00:00.000+05:30,10242
56327,2014-07-16T00:00:00.000+05:30,2792
19976,2013-11-25T00:00:00.000+05:30,3157
49751,2014-06-01T00:00:00.000+05:30,6410
66764,2014-06-30T00:00:00.000+05:30,10577
63745,2014-03-10T00:00:00.000+05:30,8088
62931,2014-02-07T00:00:00.000+05:30,8253
43951,2014-04-23T00:00:00.000+05:30,943
20630,2013-11-29T00:00:00.000+05:30,10257
7682,2013-09-10T00:00:00.000+05:30,10638
53235,2014-06-25T00:00:00.000+05:30,6932
10375,2013-09-27T00:00:00.000+05:30,6929
35981,2014-03-03T00:00:00.000+05:30,6280
65323,2014-05-09T00:00:00.000+05:30,9265
9327,2013-09-21T00:00:00.000+05:30,9283
59683,2013-10-08T00:00:00.000+05:30,7366
24570,2013-12-24T00:00:00.000+05:30,10993
30700,2014-01-31T00:00:00.000+05:30,12350
20042,2013-11-26T00:00:00.000+05:30,2386
7901,2013-09-12T00:00:00.000+05:30,3618
20422,2013-11-28T00:00:00.000+05:30,11494
7093,2013-09-07T00:00:00.000+05:30,6161
7004,2013-09-06T00:00:00.000+05:30,2036
10939,2013-09-30T00:00:00.000+05:30,5236
41015,2014-04-03T00:00:00.000+05:30,12384
53219,2014-06-25T00:00:00.000+05:30,1089
34915,2014-02-25T00:00:00.000+05:30,6588
16351,2013-11-05T00:00:00.000+05:30,1268
15559,2013-11-01T00:00:00.000+05:30,6431
43512,2014-04-21T00:00:00.000+05:30,7049
45561,2014-05-03T00:00:00.000+05:30,7757
2664,2013-08-08T00:00:00.000+05:30,2260
55994,2014-07-14T00:00:00.000+05:30,7161
66592,2014-06-24T00:00:00.000+05:30,3529
45795,2014-05-05T00:00:00.000+05:30,6578
53478,2014-06-27T00:00:00.000+05:30,3149
28925,2014-01-20T00:00:00.000+05:30,5772
54498,2014-07-04T00:00:00.000+05:30,6731
44150,2014-04-25T00:00:00.000+05:30,7732
31253,2014-02-03T00:00:00.000+05:30,9628
54497,2014-07-04T00:00:00.000+05:30,2494
7491,2013-09-09T00:00:00.000+05:30,6892
667,2013-07-28T00:00:00.000+05:30,4726
50997,2014-06-09T00:00:00.000+05:30,8728
22075,2013-12-07T00:00:00.000+05:30,962
44135,2014-04-25T00:00:00.000+05:30,11283
5207,2013-08-25T00:00:00.000+05:30,6119
38748,2014-03-21T00:00:00.000+05:30,10473
47743,2014-05-16T00:00:00.000+05:30,11012
2559,2013-08-07T00:00:00.000+05:30,4308
64686,2014-04-15T00:00:00.000+05:30,4759
5533,2013-08-27T00:00:00.000+05:30,5315
49593,2014-05-30T00:00:00.000+05:30,7663
48220,2014-05-20T00:00:00.000+05:30,7282
4461,2013-08-20T00:00:00.000+05:30,6201
61061,2013-11-28T00:00:00.000+05:30,6803
15484,2013-10-31T00:00:00.000+05:30,9772
29294,2014-01-21T00:00:00.000+05:30,10549
49229,2014-05-28T00:00:00.000+05:30,910
17332,2013-11-09T00:00:00.000+05:30,5755
9210,2013-09-21T00:00:00.000+05:30,10333
29774,2014-01-25T00:00:00.000+05:30,1198
36869,2014-03-08T00:00:00.000+05:30,2925
68767,2013-12-11T00:00:00.000+05:30,6671
20081,2013-11-26T00:00:00.000+05:30,6368
45087,2014-04-30T00:00:00.000+05:30,11294
51358,2014-06-12T00:00:00.000+05:30,7975
30715,2014-01-31T00:00:00.000+05:30,6026
51024,2014-06-09T00:00:00.000+05:30,859
36377,2014-03-05T00:00:00.000+05:30,4128
18869,2013-11-19T00:00:00.000+05:30,11100
37177,2014-03-11T00:00:00.000+05:30,392
30177,2014-01-28T00:00:00.000+05:30,11077
45334,2014-05-02T00:00:00.000+05:30,6641
55735,2014-07-12T00:00:00.000+05:30,12107
5872,2013-08-30T00:00:00.000+05:30,9746
40534,2014-04-01T00:00:00.000+05:30,10130
21539,2013-12-05T00:00:00.000+05:30,10678
18237,2013-11-14T00:00:00.000+05:30,2682
25041,2013-12-26T00:00:00.000+05:30,8476
26112,2014-01-03T00:00:00.000+05:30,333
25278,2013-12-28T00:00:00.000+05:30,2964
58480,2013-08-22T00:00:00.000+05:30,6417
13929,2013-10-20T00:00:00.000+05:30,8508
22965,2013-12-13T00:00:00.000+05:30,10885
48193,2014-05-20T00:00:00.000+05:30,3471
31522,2014-02-05T00:00:00.000+05:30,105
14000,2013-10-20T00:00:00.000+05:30,11915
66230,2014-06-11T00:00:00.000+05:30,1101
43193,2014-04-18T00:00:00.000+05:30,11120
45643,2014-05-04T00:00:00.000+05:30,6699
11274,2013-10-02T00:00:00.000+05:30,6017
55675,2014-07-12T00:00:00.000+05:30,4814
28844,2014-01-19T00:00:00.000+05:30,11897
