35615,2014-03-01T00:00:00.000+05:30,7948
35617,2014-03-01T00:00:00.000+05:30,4699
35637,2014-03-01T00:00:00.000+05:30,7549
35643,2014-03-01T00:00:00.000+05:30,2152
35653,2014-03-01T00:00:00.000+05:30,7892
35655,2014-03-01T00:00:00.000+05:30,5201
35659,2014-03-01T00:00:00.000+05:30,5442
35661,2014-03-01T00:00:00.000+05:30,8661
35671,2014-03-01T00:00:00.000+05:30,7920
35673,2014-03-01T00:00:00.000+05:30,10195
35678,2014-03-01T00:00:00.000+05:30,9692
35682,2014-03-01T00:00:00.000+05:30,4213
35686,2014-03-01T00:00:00.000+05:30,8106
35690,2014-03-01T00:00:00.000+05:30,309
35697,2014-03-01T00:00:00.000+05:30,11702
35743,2014-03-01T00:00:00.000+05:30,4282
35745,2014-03-01T00:00:00.000+05:30,2608
35753,2014-03-01T00:00:00.000+05:30,2669
35766,2014-03-01T00:00:00.000+05:30,12349
35770,2014-03-01T00:00:00.000+05:30,1091
35784,2014-03-01T00:00:00.000+05:30,8888
35803,2014-03-02T00:00:00.000+05:30,2177
35817,2014-03-02T00:00:00.000+05:30,11239
35825,2014-03-02T00:00:00.000+05:30,4720
35833,2014-03-02T00:00:00.000+05:30,1291
35834,2014-03-02T00:00:00.000+05:30,9451
35836,2014-03-02T00:00:00.000+05:30,11928
35854,2014-03-02T00:00:00.000+05:30,11395
35858,2014-03-02T00:00:00.000+05:30,6137
35861,2014-03-02T00:00:00.000+05:30,9702
35869,2014-03-03T00:00:00.000+05:30,7301
35887,2014-03-03T00:00:00.000+05:30,5129
35890,2014-03-03T00:00:00.000+05:30,1274
35909,2014-03-03T00:00:00.000+05:30,437
35921,2014-03-03T00:00:00.000+05:30,4002
35934,2014-03-03T00:00:00.000+05:30,8132
35935,2014-03-03T00:00:00.000+05:30,3132
35952,2014-03-03T00:00:00.000+05:30,3983
36012,2014-03-03T00:00:00.000+05:30,1454
36015,2014-03-03T00:00:00.000+05:30,8479
36018,2014-03-03T00:00:00.000+05:30,7986
36035,2014-03-03T00:00:00.000+05:30,5349
36039,2014-03-03T00:00:00.000+05:30,3602
36046,2014-03-03T00:00:00.000+05:30,8132
36051,2014-03-03T00:00:00.000+05:30,3665
36058,2014-03-03T00:00:00.000+05:30,5695
36063,2014-03-03T00:00:00.000+05:30,2826
36067,2014-03-03T00:00:00.000+05:30,3077
36068,2014-03-03T00:00:00.000+05:30,11303
36078,2014-03-03T00:00:00.000+05:30,3557
36081,2014-03-03T00:00:00.000+05:30,7446
36084,2014-03-03T00:00:00.000+05:30,9336
36088,2014-03-03T00:00:00.000+05:30,7112
36095,2014-03-03T00:00:00.000+05:30,11890
36097,2014-03-04T00:00:00.000+05:30,1273
36134,2014-03-04T00:00:00.000+05:30,2980
36141,2014-03-04T00:00:00.000+05:30,1826
36164,2014-03-04T00:00:00.000+05:30,10087
36167,2014-03-04T00:00:00.000+05:30,3273
36169,2014-03-04T00:00:00.000+05:30,9409
36181,2014-03-04T00:00:00.000+05:30,8360
36190,2014-03-04T00:00:00.000+05:30,1196
36192,2014-03-04T00:00:00.000+05:30,8029
36198,2014-03-04T00:00:00.000+05:30,9749
36199,2014-03-04T00:00:00.000+05:30,12352
36205,2014-03-04T00:00:00.000+05:30,4027
36209,2014-03-04T00:00:00.000+05:30,1617
36229,2014-03-04T00:00:00.000+05:30,2902
36230,2014-03-04T00:00:00.000+05:30,2790
36237,2014-03-04T00:00:00.000+05:30,7919
36251,2014-03-04T00:00:00.000+05:30,2139
36260,2014-03-04T00:00:00.000+05:30,3232
36280,2014-03-04T00:00:00.000+05:30,11093
36286,2014-03-04T00:00:00.000+05:30,151
36288,2014-03-04T00:00:00.000+05:30,11258
36310,2014-03-05T00:00:00.000+05:30,3782
36320,2014-03-05T00:00:00.000+05:30,10609
36328,2014-03-05T00:00:00.000+05:30,11382
36330,2014-03-05T00:00:00.000+05:30,6385
36340,2014-03-05T00:00:00.000+05:30,4221
36341,2014-03-05T00:00:00.000+05:30,777
36342,2014-03-05T00:00:00.000+05:30,2774
36343,2014-03-05T00:00:00.000+05:30,2560
36369,2014-03-05T00:00:00.000+05:30,3202
36392,2014-03-05T00:00:00.000+05:30,8355
36399,2014-03-05T00:00:00.000+05:30,5818
36415,2014-03-05T00:00:00.000+05:30,3647
36436,2014-03-05T00:00:00.000+05:30,6377
36448,2014-03-05T00:00:00.000+05:30,10438
36452,2014-03-05T00:00:00.000+05:30,1892
36461,2014-03-05T00:00:00.000+05:30,9302
36469,2014-03-05T00:00:00.000+05:30,10012
36475,2014-03-06T00:00:00.000+05:30,12134
36477,2014-03-06T00:00:00.000+05:30,7597
36478,2014-03-06T00:00:00.000+05:30,5470
36482,2014-03-06T00:00:00.000+05:30,526
36487,2014-03-06T00:00:00.000+05:30,11173
36488,2014-03-06T00:00:00.000+05:30,5100
36504,2014-03-06T00:00:00.000+05:30,10555
36513,2014-03-06T00:00:00.000+05:30,1081
36515,2014-03-06T00:00:00.000+05:30,4573
36517,2014-03-06T00:00:00.000+05:30,1517
36540,2014-03-06T00:00:00.000+05:30,2405
36541,2014-03-06T00:00:00.000+05:30,9408
36561,2014-03-06T00:00:00.000+05:30,10111
36573,2014-03-06T00:00:00.000+05:30,12313
36577,2014-03-06T00:00:00.000+05:30,12058
36604,2014-03-06T00:00:00.000+05:30,1687
36616,2014-03-06T00:00:00.000+05:30,1475
36657,2014-03-06T00:00:00.000+05:30,6587
36659,2014-03-06T00:00:00.000+05:30,3599
36669,2014-03-06T00:00:00.000+05:30,4734
36689,2014-03-07T00:00:00.000+05:30,4377
36690,2014-03-07T00:00:00.000+05:30,3597
36698,2014-03-07T00:00:00.000+05:30,9542
36707,2014-03-07T00:00:00.000+05:30,1106
36714,2014-03-07T00:00:00.000+05:30,4673
36725,2014-03-07T00:00:00.000+05:30,6758
36728,2014-03-07T00:00:00.000+05:30,3192
36734,2014-03-07T00:00:00.000+05:30,10763
36742,2014-03-07T00:00:00.000+05:30,2969
36744,2014-03-07T00:00:00.000+05:30,9300
36766,2014-03-07T00:00:00.000+05:30,9082
36769,2014-03-07T00:00:00.000+05:30,2114
36770,2014-03-07T00:00:00.000+05:30,10415
36779,2014-03-07T00:00:00.000+05:30,9291
36794,2014-03-07T00:00:00.000+05:30,7879
36805,2014-03-07T00:00:00.000+05:30,2513
36816,2014-03-07T00:00:00.000+05:30,3550
36817,2014-03-07T00:00:00.000+05:30,5582
36821,2014-03-08T00:00:00.000+05:30,1632
36833,2014-03-08T00:00:00.000+05:30,4397
36836,2014-03-08T00:00:00.000+05:30,9342
36838,2014-03-08T00:00:00.000+05:30,8768
36867,2014-03-08T00:00:00.000+05:30,4452
36870,2014-03-08T00:00:00.000+05:30,9219
36873,2014-03-08T00:00:00.000+05:30,2923
36892,2014-03-08T00:00:00.000+05:30,4592
36893,2014-03-08T00:00:00.000+05:30,2070
36909,2014-03-10T00:00:00.000+05:30,11315
36921,2014-03-10T00:00:00.000+05:30,11147
36933,2014-03-10T00:00:00.000+05:30,7246
36941,2014-03-10T00:00:00.000+05:30,4780
36951,2014-03-10T00:00:00.000+05:30,2219
36953,2014-03-10T00:00:00.000+05:30,4980
36954,2014-03-10T00:00:00.000+05:30,8309
36966,2014-03-10T00:00:00.000+05:30,8013
36974,2014-03-10T00:00:00.000+05:30,10019
36975,2014-03-10T00:00:00.000+05:30,9045
36984,2014-03-10T00:00:00.000+05:30,3932
36995,2014-03-10T00:00:00.000+05:30,3714
36998,2014-03-10T00:00:00.000+05:30,7926
37003,2014-03-10T00:00:00.000+05:30,4302
37050,2014-03-10T00:00:00.000+05:30,9888
37063,2014-03-10T00:00:00.000+05:30,11610
37065,2014-03-10T00:00:00.000+05:30,6643
37074,2014-03-10T00:00:00.000+05:30,10008
37078,2014-03-10T00:00:00.000+05:30,6448
37079,2014-03-10T00:00:00.000+05:30,4375
37080,2014-03-10T00:00:00.000+05:30,9631
37096,2014-03-10T00:00:00.000+05:30,7940
37108,2014-03-10T00:00:00.000+05:30,12312
37129,2014-03-11T00:00:00.000+05:30,4677
37135,2014-03-11T00:00:00.000+05:30,6971
37138,2014-03-11T00:00:00.000+05:30,3229
37142,2014-03-11T00:00:00.000+05:30,1209
37144,2014-03-11T00:00:00.000+05:30,5382
37150,2014-03-11T00:00:00.000+05:30,507
37152,2014-03-11T00:00:00.000+05:30,8469
37167,2014-03-11T00:00:00.000+05:30,7401
37171,2014-03-11T00:00:00.000+05:30,10763
37172,2014-03-11T00:00:00.000+05:30,3488
37176,2014-03-11T00:00:00.000+05:30,6697
37185,2014-03-11T00:00:00.000+05:30,10198
37192,2014-03-11T00:00:00.000+05:30,2126
37225,2014-03-11T00:00:00.000+05:30,11350
37228,2014-03-11T00:00:00.000+05:30,19
37246,2014-03-11T00:00:00.000+05:30,7153
37252,2014-03-11T00:00:00.000+05:30,6618
37253,2014-03-11T00:00:00.000+05:30,1291
37260,2014-03-11T00:00:00.000+05:30,2116
37272,2014-03-11T00:00:00.000+05:30,3088
37292,2014-03-11T00:00:00.000+05:30,5327
37293,2014-03-11T00:00:00.000+05:30,10837
37308,2014-03-12T00:00:00.000+05:30,11872
37310,2014-03-12T00:00:00.000+05:30,10835
37313,2014-03-12T00:00:00.000+05:30,10765
37316,2014-03-12T00:00:00.000+05:30,766
37318,2014-03-12T00:00:00.000+05:30,11417
37349,2014-03-12T00:00:00.000+05:30,10949
37350,2014-03-12T00:00:00.000+05:30,568
37356,2014-03-12T00:00:00.000+05:30,10156
37377,2014-03-12T00:00:00.000+05:30,10661
37390,2014-03-12T00:00:00.000+05:30,4892
37420,2014-03-12T00:00:00.000+05:30,8500
37433,2014-03-12T00:00:00.000+05:30,2481
37445,2014-03-12T00:00:00.000+05:30,7008
37455,2014-03-12T00:00:00.000+05:30,8844
37473,2014-03-12T00:00:00.000+05:30,6246
37477,2014-03-12T00:00:00.000+05:30,4955
37479,2014-03-12T00:00:00.000+05:30,6032
37492,2014-03-12T00:00:00.000+05:30,7152
37497,2014-03-12T00:00:00.000+05:30,10245
37502,2014-03-12T00:00:00.000+05:30,4279
37506,2014-03-12T00:00:00.000+05:30,8974
37580,2014-03-13T00:00:00.000+05:30,3276
37581,2014-03-13T00:00:00.000+05:30,10038
37592,2014-03-13T00:00:00.000+05:30,5933
37601,2014-03-13T00:00:00.000+05:30,10846
37609,2014-03-13T00:00:00.000+05:30,2471
37615,2014-03-13T00:00:00.000+05:30,4402
37635,2014-03-13T00:00:00.000+05:30,5600
37674,2014-03-14T00:00:00.000+05:30,1016
37676,2014-03-14T00:00:00.000+05:30,4462
37681,2014-03-14T00:00:00.000+05:30,120
37683,2014-03-14T00:00:00.000+05:30,6118
37686,2014-03-14T00:00:00.000+05:30,8545
37687,2014-03-14T00:00:00.000+05:30,7064
37689,2014-03-14T00:00:00.000+05:30,6336
37694,2014-03-14T00:00:00.000+05:30,9996
37723,2014-03-14T00:00:00.000+05:30,7561
37734,2014-03-14T00:00:00.000+05:30,8201
37752,2014-03-14T00:00:00.000+05:30,1535
37759,2014-03-14T00:00:00.000+05:30,4596
37767,2014-03-14T00:00:00.000+05:30,5196
37770,2014-03-14T00:00:00.000+05:30,8597
37782,2014-03-14T00:00:00.000+05:30,4145
37783,2014-03-14T00:00:00.000+05:30,4332
37802,2014-03-14T00:00:00.000+05:30,2127
37806,2014-03-14T00:00:00.000+05:30,10382
37807,2014-03-14T00:00:00.000+05:30,6739
37816,2014-03-15T00:00:00.000+05:30,2948
37822,2014-03-15T00:00:00.000+05:30,1654
37825,2014-03-15T00:00:00.000+05:30,3353
37832,2014-03-15T00:00:00.000+05:30,6574
37835,2014-03-15T00:00:00.000+05:30,10137
37839,2014-03-15T00:00:00.000+05:30,2321
37841,2014-03-15T00:00:00.000+05:30,822
37858,2014-03-15T00:00:00.000+05:30,6907
37859,2014-03-15T00:00:00.000+05:30,11702
37864,2014-03-15T00:00:00.000+05:30,176
37875,2014-03-15T00:00:00.000+05:30,11923
37877,2014-03-15T00:00:00.000+05:30,8282
37881,2014-03-15T00:00:00.000+05:30,3981
37891,2014-03-15T00:00:00.000+05:30,11452
37912,2014-03-15T00:00:00.000+05:30,5117
37913,2014-03-15T00:00:00.000+05:30,7089
37918,2014-03-15T00:00:00.000+05:30,8314
37930,2014-03-15T00:00:00.000+05:30,8782
37946,2014-03-15T00:00:00.000+05:30,3652
37947,2014-03-15T00:00:00.000+05:30,10831
37956,2014-03-15T00:00:00.000+05:30,9535
37957,2014-03-15T00:00:00.000+05:30,10833
37965,2014-03-15T00:00:00.000+05:30,9495
37977,2014-03-15T00:00:00.000+05:30,7986
37980,2014-03-15T00:00:00.000+05:30,874
37982,2014-03-15T00:00:00.000+05:30,2816
38016,2014-03-15T00:00:00.000+05:30,4730
38022,2014-03-15T00:00:00.000+05:30,5927
38028,2014-03-16T00:00:00.000+05:30,10872
38029,2014-03-16T00:00:00.000+05:30,7533
38038,2014-03-16T00:00:00.000+05:30,32
38040,2014-03-16T00:00:00.000+05:30,6089
38045,2014-03-16T00:00:00.000+05:30,12234
38062,2014-03-16T00:00:00.000+05:30,3832
38063,2014-03-16T00:00:00.000+05:30,9593
38126,2014-03-16T00:00:00.000+05:30,1716
38135,2014-03-16T00:00:00.000+05:30,10939
38136,2014-03-16T00:00:00.000+05:30,7273
38147,2014-03-16T00:00:00.000+05:30,5906
38188,2014-03-17T00:00:00.000+05:30,9682
38197,2014-03-17T00:00:00.000+05:30,8159
38200,2014-03-17T00:00:00.000+05:30,881
38218,2014-03-17T00:00:00.000+05:30,10635
38225,2014-03-17T00:00:00.000+05:30,404
38230,2014-03-17T00:00:00.000+05:30,784
38231,2014-03-17T00:00:00.000+05:30,8679
38232,2014-03-17T00:00:00.000+05:30,4194
38241,2014-03-17T00:00:00.000+05:30,11430
38250,2014-03-18T00:00:00.000+05:30,95
38253,2014-03-18T00:00:00.000+05:30,11688
38267,2014-03-18T00:00:00.000+05:30,1030
38280,2014-03-18T00:00:00.000+05:30,5358
38291,2014-03-18T00:00:00.000+05:30,8030
38306,2014-03-18T00:00:00.000+05:30,5825
38322,2014-03-18T00:00:00.000+05:30,10992
38331,2014-03-18T00:00:00.000+05:30,3758
38348,2014-03-18T00:00:00.000+05:30,11272
38355,2014-03-18T00:00:00.000+05:30,5328
38365,2014-03-18T00:00:00.000+05:30,4898
38377,2014-03-18T00:00:00.000+05:30,11600
38415,2014-03-18T00:00:00.000+05:30,748
38419,2014-03-18T00:00:00.000+05:30,10133
38442,2014-03-18T00:00:00.000+05:30,6591
38449,2014-03-18T00:00:00.000+05:30,6413
38450,2014-03-18T00:00:00.000+05:30,5787
38483,2014-03-19T00:00:00.000+05:30,10912
38487,2014-03-19T00:00:00.000+05:30,568
38497,2014-03-19T00:00:00.000+05:30,8957
38503,2014-03-19T00:00:00.000+05:30,1677
38512,2014-03-19T00:00:00.000+05:30,665
38517,2014-03-19T00:00:00.000+05:30,9160
38532,2014-03-19T00:00:00.000+05:30,10145
38534,2014-03-19T00:00:00.000+05:30,1961
38537,2014-03-19T00:00:00.000+05:30,8426
38548,2014-03-19T00:00:00.000+05:30,1946
38552,2014-03-20T00:00:00.000+05:30,1740
38556,2014-03-20T00:00:00.000+05:30,10263
38577,2014-03-20T00:00:00.000+05:30,10340
38600,2014-03-20T00:00:00.000+05:30,4452
38611,2014-03-20T00:00:00.000+05:30,1394
38621,2014-03-20T00:00:00.000+05:30,6459
38623,2014-03-20T00:00:00.000+05:30,2465
38634,2014-03-20T00:00:00.000+05:30,6105
38638,2014-03-20T00:00:00.000+05:30,1545
38639,2014-03-20T00:00:00.000+05:30,4739
38650,2014-03-20T00:00:00.000+05:30,10465
38654,2014-03-20T00:00:00.000+05:30,833
38665,2014-03-20T00:00:00.000+05:30,8719
38678,2014-03-20T00:00:00.000+05:30,3293
38693,2014-03-20T00:00:00.000+05:30,10010
38698,2014-03-20T00:00:00.000+05:30,5607
38704,2014-03-20T00:00:00.000+05:30,9106
38710,2014-03-21T00:00:00.000+05:30,5916
38713,2014-03-21T00:00:00.000+05:30,5732
38723,2014-03-21T00:00:00.000+05:30,7501
38732,2014-03-21T00:00:00.000+05:30,1676
38756,2014-03-21T00:00:00.000+05:30,7597
38759,2014-03-21T00:00:00.000+05:30,10933
38783,2014-03-21T00:00:00.000+05:30,12386
38789,2014-03-21T00:00:00.000+05:30,5299
38790,2014-03-21T00:00:00.000+05:30,10907
38792,2014-03-21T00:00:00.000+05:30,2349
38801,2014-03-21T00:00:00.000+05:30,297
38814,2014-03-21T00:00:00.000+05:30,10018
38815,2014-03-21T00:00:00.000+05:30,3889
38824,2014-03-21T00:00:00.000+05:30,9570
38830,2014-03-21T00:00:00.000+05:30,558
38831,2014-03-21T00:00:00.000+05:30,6321
38848,2014-03-21T00:00:00.000+05:30,55
38853,2014-03-21T00:00:00.000+05:30,10346
38860,2014-03-22T00:00:00.000+05:30,5564
38864,2014-03-22T00:00:00.000+05:30,5829
38875,2014-03-22T00:00:00.000+05:30,8020
38885,2014-03-22T00:00:00.000+05:30,4620
38890,2014-03-22T00:00:00.000+05:30,7048
38913,2014-03-22T00:00:00.000+05:30,11005
38936,2014-03-22T00:00:00.000+05:30,588
38957,2014-03-22T00:00:00.000+05:30,9019
38959,2014-03-22T00:00:00.000+05:30,664
38962,2014-03-22T00:00:00.000+05:30,5432
38978,2014-03-22T00:00:00.000+05:30,4302
38980,2014-03-22T00:00:00.000+05:30,7780
38982,2014-03-22T00:00:00.000+05:30,9006
38983,2014-03-22T00:00:00.000+05:30,6546
39002,2014-03-22T00:00:00.000+05:30,9160
39004,2014-03-22T00:00:00.000+05:30,5373
39009,2014-03-22T00:00:00.000+05:30,1171
39010,2014-03-22T00:00:00.000+05:30,2386
39011,2014-03-22T00:00:00.000+05:30,2688
39021,2014-03-22T00:00:00.000+05:30,5270
39026,2014-03-22T00:00:00.000+05:30,9808
39053,2014-03-22T00:00:00.000+05:30,3866
39056,2014-03-22T00:00:00.000+05:30,1687
39066,2014-03-23T00:00:00.000+05:30,11252
39085,2014-03-23T00:00:00.000+05:30,8479
39093,2014-03-23T00:00:00.000+05:30,222
39099,2014-03-23T00:00:00.000+05:30,10752
39105,2014-03-23T00:00:00.000+05:30,12321
39109,2014-03-23T00:00:00.000+05:30,3355
39118,2014-03-23T00:00:00.000+05:30,5353
39138,2014-03-23T00:00:00.000+05:30,8920
39139,2014-03-23T00:00:00.000+05:30,804
39142,2014-03-23T00:00:00.000+05:30,5895
39164,2014-03-23T00:00:00.000+05:30,10770
39168,2014-03-23T00:00:00.000+05:30,11602
39212,2014-03-23T00:00:00.000+05:30,11843
39223,2014-03-23T00:00:00.000+05:30,1815
39243,2014-03-24T00:00:00.000+05:30,4725
39263,2014-03-24T00:00:00.000+05:30,7530
39272,2014-03-24T00:00:00.000+05:30,8354
39277,2014-03-24T00:00:00.000+05:30,3723
39283,2014-03-24T00:00:00.000+05:30,905
39296,2014-03-24T00:00:00.000+05:30,12291
39298,2014-03-24T00:00:00.000+05:30,2678
39316,2014-03-24T00:00:00.000+05:30,9129
39330,2014-03-24T00:00:00.000+05:30,8759
39343,2014-03-25T00:00:00.000+05:30,12423
39358,2014-03-25T00:00:00.000+05:30,7940
39361,2014-03-25T00:00:00.000+05:30,6603
39370,2014-03-25T00:00:00.000+05:30,4564
39371,2014-03-25T00:00:00.000+05:30,10779
39372,2014-03-25T00:00:00.000+05:30,1756
39383,2014-03-25T00:00:00.000+05:30,8810
39406,2014-03-25T00:00:00.000+05:30,11242
39408,2014-03-25T00:00:00.000+05:30,535
39413,2014-03-25T00:00:00.000+05:30,9386
39439,2014-03-26T00:00:00.000+05:30,1465
39462,2014-03-26T00:00:00.000+05:30,11972
39469,2014-03-26T00:00:00.000+05:30,3845
39483,2014-03-26T00:00:00.000+05:30,4394
39485,2014-03-26T00:00:00.000+05:30,3631
39499,2014-03-26T00:00:00.000+05:30,9978
39503,2014-03-26T00:00:00.000+05:30,3379
39504,2014-03-26T00:00:00.000+05:30,2902
39507,2014-03-26T00:00:00.000+05:30,1595
39511,2014-03-26T00:00:00.000+05:30,5665
39514,2014-03-26T00:00:00.000+05:30,2908
39516,2014-03-26T00:00:00.000+05:30,6854
39535,2014-03-26T00:00:00.000+05:30,7823
39539,2014-03-26T00:00:00.000+05:30,11680
39547,2014-03-26T00:00:00.000+05:30,11281
39565,2014-03-26T00:00:00.000+05:30,4789
39567,2014-03-26T00:00:00.000+05:30,1318
39570,2014-03-26T00:00:00.000+05:30,1687
39583,2014-03-26T00:00:00.000+05:30,5028
39586,2014-03-26T00:00:00.000+05:30,10585
39608,2014-03-26T00:00:00.000+05:30,2758
39617,2014-03-26T00:00:00.000+05:30,9988
39618,2014-03-26T00:00:00.000+05:30,9311
39622,2014-03-26T00:00:00.000+05:30,10082
39627,2014-03-26T00:00:00.000+05:30,11594
39646,2014-03-27T00:00:00.000+05:30,3816
39652,2014-03-27T00:00:00.000+05:30,10242
39664,2014-03-27T00:00:00.000+05:30,11767
39673,2014-03-27T00:00:00.000+05:30,1509
39683,2014-03-27T00:00:00.000+05:30,6055
39689,2014-03-27T00:00:00.000+05:30,6722
39699,2014-03-27T00:00:00.000+05:30,12291
39704,2014-03-27T00:00:00.000+05:30,10372
39713,2014-03-27T00:00:00.000+05:30,1278
39724,2014-03-27T00:00:00.000+05:30,8356
39732,2014-03-27T00:00:00.000+05:30,3168
39733,2014-03-27T00:00:00.000+05:30,3888
39734,2014-03-27T00:00:00.000+05:30,5544
39737,2014-03-27T00:00:00.000+05:30,2596
39740,2014-03-27T00:00:00.000+05:30,7531
39753,2014-03-27T00:00:00.000+05:30,3468
39764,2014-03-27T00:00:00.000+05:30,3630
39769,2014-03-27T00:00:00.000+05:30,6238
39777,2014-03-28T00:00:00.000+05:30,3053
39779,2014-03-28T00:00:00.000+05:30,11278
39787,2014-03-28T00:00:00.000+05:30,453
39796,2014-03-28T00:00:00.000+05:30,4199
39801,2014-03-28T00:00:00.000+05:30,9639
39804,2014-03-28T00:00:00.000+05:30,7812
39808,2014-03-28T00:00:00.000+05:30,5454
39813,2014-03-28T00:00:00.000+05:30,739
39826,2014-03-28T00:00:00.000+05:30,8511
39847,2014-03-28T00:00:00.000+05:30,7259
39848,2014-03-28T00:00:00.000+05:30,280
39860,2014-03-28T00:00:00.000+05:30,2571
39870,2014-03-28T00:00:00.000+05:30,2737
39871,2014-03-28T00:00:00.000+05:30,10146
39876,2014-03-28T00:00:00.000+05:30,4090
39896,2014-03-28T00:00:00.000+05:30,8832
39897,2014-03-28T00:00:00.000+05:30,9728
39906,2014-03-28T00:00:00.000+05:30,6789
39908,2014-03-28T00:00:00.000+05:30,5038
39922,2014-03-29T00:00:00.000+05:30,11564
39925,2014-03-29T00:00:00.000+05:30,508
39927,2014-03-29T00:00:00.000+05:30,5941
39936,2014-03-29T00:00:00.000+05:30,2944
39954,2014-03-29T00:00:00.000+05:30,1809
39967,2014-03-29T00:00:00.000+05:30,2063
39970,2014-03-29T00:00:00.000+05:30,7175
39976,2014-03-29T00:00:00.000+05:30,7426
40001,2014-03-30T00:00:00.000+05:30,7525
40015,2014-03-30T00:00:00.000+05:30,2751
40039,2014-03-30T00:00:00.000+05:30,11257
40051,2014-03-30T00:00:00.000+05:30,1286
40053,2014-03-30T00:00:00.000+05:30,9280
40065,2014-03-30T00:00:00.000+05:30,5592
40072,2014-03-30T00:00:00.000+05:30,5764
40083,2014-03-30T00:00:00.000+05:30,5755
40096,2014-03-30T00:00:00.000+05:30,10083
40113,2014-03-30T00:00:00.000+05:30,3558
40115,2014-03-30T00:00:00.000+05:30,1712
40126,2014-03-30T00:00:00.000+05:30,2297
40129,2014-03-30T00:00:00.000+05:30,1492
40142,2014-03-30T00:00:00.000+05:30,10437
40184,2014-03-30T00:00:00.000+05:30,4278
40194,2014-03-30T00:00:00.000+05:30,2913
40201,2014-03-30T00:00:00.000+05:30,1370
40208,2014-03-30T00:00:00.000+05:30,4388
40235,2014-03-31T00:00:00.000+05:30,789
40236,2014-03-31T00:00:00.000+05:30,7088
40238,2014-03-31T00:00:00.000+05:30,662
40242,2014-03-31T00:00:00.000+05:30,3717
40259,2014-03-31T00:00:00.000+05:30,11774
40261,2014-03-31T00:00:00.000+05:30,9523
40263,2014-03-31T00:00:00.000+05:30,2792
40275,2014-03-31T00:00:00.000+05:30,6352
40284,2014-03-31T00:00:00.000+05:30,3956
40311,2014-03-31T00:00:00.000+05:30,8463
40325,2014-03-31T00:00:00.000+05:30,7776
40335,2014-03-31T00:00:00.000+05:30,10812
40348,2014-03-31T00:00:00.000+05:30,11416
40355,2014-03-31T00:00:00.000+05:30,2790
40359,2014-03-31T00:00:00.000+05:30,4149
40361,2014-03-31T00:00:00.000+05:30,10957
40384,2014-03-31T00:00:00.000+05:30,11326
40386,2014-03-31T00:00:00.000+05:30,3735
40429,2014-03-31T00:00:00.000+05:30,7860
40438,2014-03-31T00:00:00.000+05:30,12097
40439,2014-03-31T00:00:00.000+05:30,10202
40455,2014-03-31T00:00:00.000+05:30,12163
40461,2014-03-31T00:00:00.000+05:30,10162
40464,2014-03-31T00:00:00.000+05:30,9718
40477,2014-04-01T00:00:00.000+05:30,4080
40479,2014-04-01T00:00:00.000+05:30,4894
40504,2014-04-01T00:00:00.000+05:30,4913
40518,2014-04-01T00:00:00.000+05:30,1988
40521,2014-04-01T00:00:00.000+05:30,11237
40525,2014-04-01T00:00:00.000+05:30,7752
40538,2014-04-01T00:00:00.000+05:30,6071
40550,2014-04-01T00:00:00.000+05:30,3608
40554,2014-04-01T00:00:00.000+05:30,7919
40562,2014-04-01T00:00:00.000+05:30,6909
40564,2014-04-01T00:00:00.000+05:30,12350
40568,2014-04-01T00:00:00.000+05:30,1104
40570,2014-04-01T00:00:00.000+05:30,10444
40581,2014-04-01T00:00:00.000+05:30,6383
40599,2014-04-01T00:00:00.000+05:30,1735
40611,2014-04-01T00:00:00.000+05:30,4581
40627,2014-04-01T00:00:00.000+05:30,5794
40636,2014-04-01T00:00:00.000+05:30,10600
40637,2014-04-01T00:00:00.000+05:30,10458
40642,2014-04-01T00:00:00.000+05:30,8086
40653,2014-04-01T00:00:00.000+05:30,5583
40678,2014-04-02T00:00:00.000+05:30,9411
40685,2014-04-02T00:00:00.000+05:30,3317
40686,2014-04-02T00:00:00.000+05:30,262
40711,2014-04-02T00:00:00.000+05:30,3720
40713,2014-04-02T00:00:00.000+05:30,9467
40717,2014-04-02T00:00:00.000+05:30,12281
40738,2014-04-02T00:00:00.000+05:30,5405
40746,2014-04-02T00:00:00.000+05:30,8489
40747,2014-04-02T00:00:00.000+05:30,5100
40753,2014-04-02T00:00:00.000+05:30,7856
40759,2014-04-02T00:00:00.000+05:30,369
40763,2014-04-02T00:00:00.000+05:30,5502
40764,2014-04-02T00:00:00.000+05:30,4238
40768,2014-04-02T00:00:00.000+05:30,9490
40769,2014-04-02T00:00:00.000+05:30,10184
40771,2014-04-02T00:00:00.000+05:30,1114
40814,2014-04-02T00:00:00.000+05:30,10369
40818,2014-04-02T00:00:00.000+05:30,3707
40824,2014-04-02T00:00:00.000+05:30,7969
40825,2014-04-02T00:00:00.000+05:30,1427
40827,2014-04-02T00:00:00.000+05:30,9282
40831,2014-04-02T00:00:00.000+05:30,1345
40842,2014-04-02T00:00:00.000+05:30,6165
40844,2014-04-02T00:00:00.000+05:30,2464
40846,2014-04-02T00:00:00.000+05:30,2405
40849,2014-04-02T00:00:00.000+05:30,1143
40856,2014-04-02T00:00:00.000+05:30,1539
40888,2014-04-02T00:00:00.000+05:30,4528
40916,2014-04-03T00:00:00.000+05:30,1522
40925,2014-04-03T00:00:00.000+05:30,9272
40932,2014-04-03T00:00:00.000+05:30,4039
40934,2014-04-03T00:00:00.000+05:30,3298
40940,2014-04-03T00:00:00.000+05:30,11952
40987,2014-04-03T00:00:00.000+05:30,4153
40989,2014-04-03T00:00:00.000+05:30,8482
40994,2014-04-03T00:00:00.000+05:30,8295
40996,2014-04-03T00:00:00.000+05:30,350
40998,2014-04-03T00:00:00.000+05:30,10701
41002,2014-04-03T00:00:00.000+05:30,4068
41020,2014-04-03T00:00:00.000+05:30,1321
41040,2014-04-03T00:00:00.000+05:30,8087
41066,2014-04-03T00:00:00.000+05:30,10503
41075,2014-04-03T00:00:00.000+05:30,4916
41098,2014-04-03T00:00:00.000+05:30,2242
41100,2014-04-03T00:00:00.000+05:30,12180
41109,2014-04-04T00:00:00.000+05:30,7271
41110,2014-04-04T00:00:00.000+05:30,2134
41125,2014-04-04T00:00:00.000+05:30,3648
41130,2014-04-04T00:00:00.000+05:30,2236
41134,2014-04-04T00:00:00.000+05:30,5851
41148,2014-04-04T00:00:00.000+05:30,4426
41160,2014-04-04T00:00:00.000+05:30,882
41172,2014-04-04T00:00:00.000+05:30,11452
41195,2014-04-04T00:00:00.000+05:30,8225
41196,2014-04-04T00:00:00.000+05:30,9066
41222,2014-04-04T00:00:00.000+05:30,11144
41242,2014-04-04T00:00:00.000+05:30,11459
41250,2014-04-04T00:00:00.000+05:30,3302
41273,2014-04-04T00:00:00.000+05:30,7091
41289,2014-04-04T00:00:00.000+05:30,9918
41299,2014-04-04T00:00:00.000+05:30,10122
41309,2014-04-05T00:00:00.000+05:30,10620
41311,2014-04-05T00:00:00.000+05:30,10536
41314,2014-04-05T00:00:00.000+05:30,6532
41319,2014-04-05T00:00:00.000+05:30,3258
41325,2014-04-05T00:00:00.000+05:30,5679
41359,2014-04-05T00:00:00.000+05:30,3339
41387,2014-04-05T00:00:00.000+05:30,3420
41395,2014-04-05T00:00:00.000+05:30,4435
41413,2014-04-05T00:00:00.000+05:30,679
41414,2014-04-05T00:00:00.000+05:30,6398
41417,2014-04-05T00:00:00.000+05:30,2140
41421,2014-04-05T00:00:00.000+05:30,11553
41440,2014-04-06T00:00:00.000+05:30,10873
41468,2014-04-06T00:00:00.000+05:30,11431
41477,2014-04-06T00:00:00.000+05:30,11786
41479,2014-04-06T00:00:00.000+05:30,4582
41489,2014-04-06T00:00:00.000+05:30,10345
41498,2014-04-07T00:00:00.000+05:30,10476
41507,2014-04-07T00:00:00.000+05:30,5161
41515,2014-04-07T00:00:00.000+05:30,9069
41516,2014-04-07T00:00:00.000+05:30,6107
41519,2014-04-07T00:00:00.000+05:30,5089
41524,2014-04-07T00:00:00.000+05:30,3485
41525,2014-04-07T00:00:00.000+05:30,7984
41534,2014-04-07T00:00:00.000+05:30,10043
41538,2014-04-07T00:00:00.000+05:30,7775
41547,2014-04-07T00:00:00.000+05:30,9952
41553,2014-04-07T00:00:00.000+05:30,1793
41607,2014-04-08T00:00:00.000+05:30,4661
41625,2014-04-08T00:00:00.000+05:30,7938
41628,2014-04-08T00:00:00.000+05:30,6016
41662,2014-04-08T00:00:00.000+05:30,10134
41669,2014-04-08T00:00:00.000+05:30,388
41682,2014-04-08T00:00:00.000+05:30,8974
41694,2014-04-08T00:00:00.000+05:30,7820
41695,2014-04-08T00:00:00.000+05:30,8143
41696,2014-04-08T00:00:00.000+05:30,2975
41702,2014-04-08T00:00:00.000+05:30,4147
41738,2014-04-08T00:00:00.000+05:30,8502
41746,2014-04-08T00:00:00.000+05:30,7988
41770,2014-04-09T00:00:00.000+05:30,4647
41796,2014-04-09T00:00:00.000+05:30,11120
41829,2014-04-09T00:00:00.000+05:30,862
41836,2014-04-09T00:00:00.000+05:30,968
41853,2014-04-09T00:00:00.000+05:30,9061
41856,2014-04-09T00:00:00.000+05:30,6769
41872,2014-04-09T00:00:00.000+05:30,8329
41880,2014-04-09T00:00:00.000+05:30,9523
41881,2014-04-09T00:00:00.000+05:30,6553
41891,2014-04-09T00:00:00.000+05:30,704
41892,2014-04-09T00:00:00.000+05:30,7179
41899,2014-04-09T00:00:00.000+05:30,1316
41900,2014-04-09T00:00:00.000+05:30,12129
41902,2014-04-09T00:00:00.000+05:30,3521
41906,2014-04-09T00:00:00.000+05:30,1717
41907,2014-04-09T00:00:00.000+05:30,10018
41916,2014-04-09T00:00:00.000+05:30,3849
41924,2014-04-09T00:00:00.000+05:30,1944
41954,2014-04-09T00:00:00.000+05:30,11615
41956,2014-04-09T00:00:00.000+05:30,9453
41969,2014-04-09T00:00:00.000+05:30,10612
41974,2014-04-09T00:00:00.000+05:30,10927
41978,2014-04-09T00:00:00.000+05:30,270
41989,2014-04-09T00:00:00.000+05:30,435
41990,2014-04-09T00:00:00.000+05:30,10507
42006,2014-04-10T00:00:00.000+05:30,6145
42012,2014-04-10T00:00:00.000+05:30,6969
42019,2014-04-10T00:00:00.000+05:30,10954
42024,2014-04-10T00:00:00.000+05:30,211
42029,2014-04-10T00:00:00.000+05:30,8306
42037,2014-04-10T00:00:00.000+05:30,8555
42048,2014-04-10T00:00:00.000+05:30,11041
42051,2014-04-10T00:00:00.000+05:30,5590
42058,2014-04-10T00:00:00.000+05:30,7980
42059,2014-04-10T00:00:00.000+05:30,4186
42062,2014-04-10T00:00:00.000+05:30,2457
42063,2014-04-10T00:00:00.000+05:30,11782
42070,2014-04-10T00:00:00.000+05:30,10088
42084,2014-04-10T00:00:00.000+05:30,4851
42086,2014-04-10T00:00:00.000+05:30,7865
42094,2014-04-10T00:00:00.000+05:30,10111
42116,2014-04-10T00:00:00.000+05:30,7786
42121,2014-04-10T00:00:00.000+05:30,6521
42125,2014-04-10T00:00:00.000+05:30,607
42126,2014-04-10T00:00:00.000+05:30,7273
42132,2014-04-10T00:00:00.000+05:30,3234
42136,2014-04-10T00:00:00.000+05:30,1099
42138,2014-04-10T00:00:00.000+05:30,11818
42159,2014-04-10T00:00:00.000+05:30,11428
42167,2014-04-10T00:00:00.000+05:30,240
42188,2014-04-10T00:00:00.000+05:30,2430
42191,2014-04-10T00:00:00.000+05:30,3021
42210,2014-04-11T00:00:00.000+05:30,8663
42224,2014-04-11T00:00:00.000+05:30,3513
42235,2014-04-11T00:00:00.000+05:30,9371
42245,2014-04-11T00:00:00.000+05:30,8680
42249,2014-04-11T00:00:00.000+05:30,7682
42254,2014-04-11T00:00:00.000+05:30,9053
42294,2014-04-11T00:00:00.000+05:30,8247
42328,2014-04-11T00:00:00.000+05:30,4924
42329,2014-04-12T00:00:00.000+05:30,11359
42343,2014-04-12T00:00:00.000+05:30,2345
42360,2014-04-12T00:00:00.000+05:30,10758
42372,2014-04-12T00:00:00.000+05:30,10043
42376,2014-04-12T00:00:00.000+05:30,2363
42379,2014-04-12T00:00:00.000+05:30,7001
42411,2014-04-12T00:00:00.000+05:30,1977
42431,2014-04-12T00:00:00.000+05:30,733
42445,2014-04-12T00:00:00.000+05:30,10699
42469,2014-04-12T00:00:00.000+05:30,5034
42488,2014-04-12T00:00:00.000+05:30,1836
42490,2014-04-12T00:00:00.000+05:30,11771
42520,2014-04-12T00:00:00.000+05:30,1063
42523,2014-04-12T00:00:00.000+05:30,11429
42527,2014-04-12T00:00:00.000+05:30,12089
42530,2014-04-13T00:00:00.000+05:30,11850
42531,2014-04-13T00:00:00.000+05:30,222
42542,2014-04-13T00:00:00.000+05:30,542
42543,2014-04-13T00:00:00.000+05:30,4056
42544,2014-04-13T00:00:00.000+05:30,11068
42563,2014-04-13T00:00:00.000+05:30,12024
42564,2014-04-13T00:00:00.000+05:30,7825
42580,2014-04-13T00:00:00.000+05:30,9025
42588,2014-04-13T00:00:00.000+05:30,5034
42591,2014-04-13T00:00:00.000+05:30,371
42600,2014-04-13T00:00:00.000+05:30,11042
42620,2014-04-14T00:00:00.000+05:30,6930
42633,2014-04-14T00:00:00.000+05:30,2670
42641,2014-04-14T00:00:00.000+05:30,11018
42645,2014-04-14T00:00:00.000+05:30,11754
42647,2014-04-14T00:00:00.000+05:30,9969
42660,2014-04-14T00:00:00.000+05:30,10717
42661,2014-04-14T00:00:00.000+05:30,11595
42663,2014-04-14T00:00:00.000+05:30,10244
42666,2014-04-14T00:00:00.000+05:30,8511
42669,2014-04-14T00:00:00.000+05:30,12240
42675,2014-04-14T00:00:00.000+05:30,5828
42682,2014-04-14T00:00:00.000+05:30,8238
42691,2014-04-14T00:00:00.000+05:30,8097
42713,2014-04-15T00:00:00.000+05:30,1857
42717,2014-04-15T00:00:00.000+05:30,5185
42731,2014-04-15T00:00:00.000+05:30,11576
42745,2014-04-15T00:00:00.000+05:30,11984
42748,2014-04-15T00:00:00.000+05:30,9347
42752,2014-04-15T00:00:00.000+05:30,3550
42758,2014-04-15T00:00:00.000+05:30,5952
42764,2014-04-15T00:00:00.000+05:30,11475
42776,2014-04-15T00:00:00.000+05:30,6373
42789,2014-04-15T00:00:00.000+05:30,2773
42792,2014-04-15T00:00:00.000+05:30,6516
42808,2014-04-15T00:00:00.000+05:30,7032
42834,2014-04-16T00:00:00.000+05:30,4321
42851,2014-04-16T00:00:00.000+05:30,5972
42864,2014-04-16T00:00:00.000+05:30,6024
42888,2014-04-16T00:00:00.000+05:30,3712
42890,2014-04-16T00:00:00.000+05:30,1961
42896,2014-04-16T00:00:00.000+05:30,7705
42898,2014-04-16T00:00:00.000+05:30,7770
42899,2014-04-16T00:00:00.000+05:30,3119
42906,2014-04-16T00:00:00.000+05:30,6215
42913,2014-04-16T00:00:00.000+05:30,10692
42930,2014-04-16T00:00:00.000+05:30,4276
42934,2014-04-16T00:00:00.000+05:30,8408
42948,2014-04-17T00:00:00.000+05:30,1157
42950,2014-04-17T00:00:00.000+05:30,8390
42953,2014-04-17T00:00:00.000+05:30,5493
42960,2014-04-17T00:00:00.000+05:30,8300
42966,2014-04-17T00:00:00.000+05:30,4551
42969,2014-04-17T00:00:00.000+05:30,5505
42975,2014-04-17T00:00:00.000+05:30,6010
42985,2014-04-17T00:00:00.000+05:30,5546
42986,2014-04-17T00:00:00.000+05:30,7709
42990,2014-04-17T00:00:00.000+05:30,7948
43013,2014-04-17T00:00:00.000+05:30,6270
43023,2014-04-18T00:00:00.000+05:30,1100
43025,2014-04-18T00:00:00.000+05:30,7950
43035,2014-04-18T00:00:00.000+05:30,10616
43036,2014-04-18T00:00:00.000+05:30,7531
43037,2014-04-18T00:00:00.000+05:30,7754
43048,2014-04-18T00:00:00.000+05:30,12201
43054,2014-04-18T00:00:00.000+05:30,4914
43055,2014-04-18T00:00:00.000+05:30,10324
43056,2014-04-18T00:00:00.000+05:30,3372
43065,2014-04-18T00:00:00.000+05:30,7967
43069,2014-04-18T00:00:00.000+05:30,5955
43076,2014-04-18T00:00:00.000+05:30,10453
43093,2014-04-18T00:00:00.000+05:30,5607
43094,2014-04-18T00:00:00.000+05:30,10149
43096,2014-04-18T00:00:00.000+05:30,5958
43099,2014-04-18T00:00:00.000+05:30,7692
43117,2014-04-18T00:00:00.000+05:30,10061
43122,2014-04-18T00:00:00.000+05:30,8565
43124,2014-04-18T00:00:00.000+05:30,10654
43140,2014-04-18T00:00:00.000+05:30,5839
43160,2014-04-18T00:00:00.000+05:30,3222
43164,2014-04-18T00:00:00.000+05:30,1437
43165,2014-04-18T00:00:00.000+05:30,6146
43178,2014-04-18T00:00:00.000+05:30,10432
43184,2014-04-18T00:00:00.000+05:30,12204
43185,2014-04-18T00:00:00.000+05:30,9556
43200,2014-04-18T00:00:00.000+05:30,2454
43201,2014-04-18T00:00:00.000+05:30,5569
43215,2014-04-18T00:00:00.000+05:30,11807
43217,2014-04-18T00:00:00.000+05:30,6472
43224,2014-04-18T00:00:00.000+05:30,4785
43245,2014-04-19T00:00:00.000+05:30,3380
43263,2014-04-19T00:00:00.000+05:30,6521
43273,2014-04-19T00:00:00.000+05:30,2626
43287,2014-04-19T00:00:00.000+05:30,2366
43289,2014-04-19T00:00:00.000+05:30,4001
43291,2014-04-19T00:00:00.000+05:30,11834
43298,2014-04-19T00:00:00.000+05:30,5534
43301,2014-04-19T00:00:00.000+05:30,1833
43303,2014-04-19T00:00:00.000+05:30,2904
43305,2014-04-19T00:00:00.000+05:30,1349
43348,2014-04-20T00:00:00.000+05:30,10732
43356,2014-04-20T00:00:00.000+05:30,12379
43373,2014-04-20T00:00:00.000+05:30,7356
43388,2014-04-20T00:00:00.000+05:30,7502
43394,2014-04-20T00:00:00.000+05:30,4737
43398,2014-04-20T00:00:00.000+05:30,7819
43409,2014-04-20T00:00:00.000+05:30,4115
43410,2014-04-20T00:00:00.000+05:30,6801
43415,2014-04-20T00:00:00.000+05:30,9544
43435,2014-04-20T00:00:00.000+05:30,4744
43447,2014-04-20T00:00:00.000+05:30,4967
43453,2014-04-20T00:00:00.000+05:30,9330
43455,2014-04-20T00:00:00.000+05:30,5317
43456,2014-04-20T00:00:00.000+05:30,3535
43458,2014-04-20T00:00:00.000+05:30,9002
43487,2014-04-21T00:00:00.000+05:30,1574
43506,2014-04-21T00:00:00.000+05:30,12176
43518,2014-04-21T00:00:00.000+05:30,6451
43525,2014-04-21T00:00:00.000+05:30,11194
43530,2014-04-21T00:00:00.000+05:30,9802
43539,2014-04-21T00:00:00.000+05:30,11398
43548,2014-04-21T00:00:00.000+05:30,10049
43555,2014-04-21T00:00:00.000+05:30,6898
43573,2014-04-21T00:00:00.000+05:30,9251
43590,2014-04-21T00:00:00.000+05:30,10669
43594,2014-04-21T00:00:00.000+05:30,7935
43626,2014-04-21T00:00:00.000+05:30,7365
43635,2014-04-21T00:00:00.000+05:30,4740
43641,2014-04-21T00:00:00.000+05:30,10185
43657,2014-04-21T00:00:00.000+05:30,8902
43671,2014-04-21T00:00:00.000+05:30,10626
43683,2014-04-21T00:00:00.000+05:30,10184
43695,2014-04-21T00:00:00.000+05:30,9549
43696,2014-04-21T00:00:00.000+05:30,1363
43697,2014-04-21T00:00:00.000+05:30,7465
43702,2014-04-21T00:00:00.000+05:30,1715
43731,2014-04-22T00:00:00.000+05:30,11114
43733,2014-04-22T00:00:00.000+05:30,5473
43737,2014-04-22T00:00:00.000+05:30,664
43744,2014-04-22T00:00:00.000+05:30,2341
43754,2014-04-22T00:00:00.000+05:30,5856
43767,2014-04-22T00:00:00.000+05:30,5011
43777,2014-04-22T00:00:00.000+05:30,4932
43790,2014-04-22T00:00:00.000+05:30,628
43797,2014-04-22T00:00:00.000+05:30,9032
43809,2014-04-22T00:00:00.000+05:30,5531
43814,2014-04-22T00:00:00.000+05:30,1677
43815,2014-04-22T00:00:00.000+05:30,12384
43826,2014-04-22T00:00:00.000+05:30,6810
43834,2014-04-23T00:00:00.000+05:30,9830
43843,2014-04-23T00:00:00.000+05:30,7194
43844,2014-04-23T00:00:00.000+05:30,11878
43849,2014-04-23T00:00:00.000+05:30,8471
43873,2014-04-23T00:00:00.000+05:30,3330
43878,2014-04-23T00:00:00.000+05:30,9077
43898,2014-04-23T00:00:00.000+05:30,92
43902,2014-04-23T00:00:00.000+05:30,3006
43905,2014-04-23T00:00:00.000+05:30,4260
43914,2014-04-23T00:00:00.000+05:30,5112
43915,2014-04-23T00:00:00.000+05:30,6097
43918,2014-04-23T00:00:00.000+05:30,6282
43940,2014-04-23T00:00:00.000+05:30,2984
43942,2014-04-23T00:00:00.000+05:30,8816
43948,2014-04-23T00:00:00.000+05:30,5371
43956,2014-04-23T00:00:00.000+05:30,9506
43962,2014-04-23T00:00:00.000+05:30,3261
43974,2014-04-23T00:00:00.000+05:30,12222
43979,2014-04-23T00:00:00.000+05:30,1765
43992,2014-04-23T00:00:00.000+05:30,2126
43996,2014-04-23T00:00:00.000+05:30,2043
44002,2014-04-23T00:00:00.000+05:30,6363
44009,2014-04-24T00:00:00.000+05:30,11175
44025,2014-04-24T00:00:00.000+05:30,7419
44034,2014-04-24T00:00:00.000+05:30,3148
44049,2014-04-24T00:00:00.000+05:30,8621
44051,2014-04-24T00:00:00.000+05:30,11115
44063,2014-04-24T00:00:00.000+05:30,7850
44068,2014-04-24T00:00:00.000+05:30,5717
44080,2014-04-24T00:00:00.000+05:30,4403
44083,2014-04-24T00:00:00.000+05:30,11931
44089,2014-04-24T00:00:00.000+05:30,4633
44092,2014-04-24T00:00:00.000+05:30,1623
44100,2014-04-25T00:00:00.000+05:30,905
44143,2014-04-25T00:00:00.000+05:30,8766
44157,2014-04-25T00:00:00.000+05:30,5765
44163,2014-04-25T00:00:00.000+05:30,748
44166,2014-04-25T00:00:00.000+05:30,11794
44180,2014-04-25T00:00:00.000+05:30,5440
44182,2014-04-25T00:00:00.000+05:30,1311
44188,2014-04-25T00:00:00.000+05:30,4683
44203,2014-04-25T00:00:00.000+05:30,2786
44212,2014-04-25T00:00:00.000+05:30,9555
44217,2014-04-25T00:00:00.000+05:30,999
44227,2014-04-25T00:00:00.000+05:30,949
44285,2014-04-25T00:00:00.000+05:30,1467
44305,2014-04-26T00:00:00.000+05:30,6630
44332,2014-04-26T00:00:00.000+05:30,6491
44335,2014-04-26T00:00:00.000+05:30,9210
44351,2014-04-26T00:00:00.000+05:30,7662
44357,2014-04-26T00:00:00.000+05:30,9074
44370,2014-04-26T00:00:00.000+05:30,6959
44372,2014-04-26T00:00:00.000+05:30,1525
44375,2014-04-26T00:00:00.000+05:30,3503
44378,2014-04-26T00:00:00.000+05:30,5838
44398,2014-04-26T00:00:00.000+05:30,1562
44402,2014-04-26T00:00:00.000+05:30,5306
44404,2014-04-26T00:00:00.000+05:30,2047
44411,2014-04-26T00:00:00.000+05:30,9810
44419,2014-04-26T00:00:00.000+05:30,3408
44455,2014-04-26T00:00:00.000+05:30,10176
44466,2014-04-26T00:00:00.000+05:30,7060
44472,2014-04-26T00:00:00.000+05:30,10877
44487,2014-04-26T00:00:00.000+05:30,1507
44499,2014-04-26T00:00:00.000+05:30,392
44509,2014-04-26T00:00:00.000+05:30,2919
44513,2014-04-26T00:00:00.000+05:30,7044
44530,2014-04-27T00:00:00.000+05:30,3707
44534,2014-04-27T00:00:00.000+05:30,9522
44542,2014-04-27T00:00:00.000+05:30,5187
44543,2014-04-27T00:00:00.000+05:30,6461
44545,2014-04-27T00:00:00.000+05:30,2903
44551,2014-04-27T00:00:00.000+05:30,5198
44553,2014-04-27T00:00:00.000+05:30,6239
44560,2014-04-27T00:00:00.000+05:30,10140
44567,2014-04-27T00:00:00.000+05:30,2588
44577,2014-04-27T00:00:00.000+05:30,2597
44579,2014-04-27T00:00:00.000+05:30,3934
44584,2014-04-27T00:00:00.000+05:30,10932
44606,2014-04-27T00:00:00.000+05:30,1868
44611,2014-04-27T00:00:00.000+05:30,5147
44614,2014-04-27T00:00:00.000+05:30,11204
44631,2014-04-27T00:00:00.000+05:30,2774
44643,2014-04-27T00:00:00.000+05:30,8522
44644,2014-04-27T00:00:00.000+05:30,11451
44645,2014-04-27T00:00:00.000+05:30,3351
44664,2014-04-27T00:00:00.000+05:30,5798
44672,2014-04-27T00:00:00.000+05:30,11501
44685,2014-04-27T00:00:00.000+05:30,8865
44701,2014-04-27T00:00:00.000+05:30,2525
44714,2014-04-27T00:00:00.000+05:30,12110
44727,2014-04-27T00:00:00.000+05:30,5565
44737,2014-04-27T00:00:00.000+05:30,11385
44739,2014-04-27T00:00:00.000+05:30,7415
44740,2014-04-27T00:00:00.000+05:30,4724
44745,2014-04-27T00:00:00.000+05:30,899
44750,2014-04-28T00:00:00.000+05:30,5319
44754,2014-04-28T00:00:00.000+05:30,3376
44757,2014-04-28T00:00:00.000+05:30,6542
44783,2014-04-28T00:00:00.000+05:30,10469
44792,2014-04-28T00:00:00.000+05:30,10277
44793,2014-04-28T00:00:00.000+05:30,6411
44803,2014-04-28T00:00:00.000+05:30,4816
44834,2014-04-28T00:00:00.000+05:30,7761
44835,2014-04-28T00:00:00.000+05:30,6652
44845,2014-04-28T00:00:00.000+05:30,2511
44854,2014-04-29T00:00:00.000+05:30,3731
44858,2014-04-29T00:00:00.000+05:30,3603
44862,2014-04-29T00:00:00.000+05:30,890
44865,2014-04-29T00:00:00.000+05:30,10475
44885,2014-04-29T00:00:00.000+05:30,11004
44898,2014-04-29T00:00:00.000+05:30,1940
44925,2014-04-29T00:00:00.000+05:30,3024
44946,2014-04-29T00:00:00.000+05:30,5769
44949,2014-04-29T00:00:00.000+05:30,6405
44953,2014-04-29T00:00:00.000+05:30,2418
44962,2014-04-29T00:00:00.000+05:30,1290
44963,2014-04-29T00:00:00.000+05:30,8678
44980,2014-04-29T00:00:00.000+05:30,7649
44995,2014-04-29T00:00:00.000+05:30,12419
44997,2014-04-29T00:00:00.000+05:30,7087
45006,2014-04-29T00:00:00.000+05:30,2941
45016,2014-04-29T00:00:00.000+05:30,6339
45017,2014-04-29T00:00:00.000+05:30,7421
45021,2014-04-29T00:00:00.000+05:30,7006
45022,2014-04-29T00:00:00.000+05:30,11735
45033,2014-04-29T00:00:00.000+05:30,1460
45037,2014-04-29T00:00:00.000+05:30,4917
45049,2014-04-29T00:00:00.000+05:30,3228
45058,2014-04-29T00:00:00.000+05:30,2033
45060,2014-04-29T00:00:00.000+05:30,8516
45072,2014-04-30T00:00:00.000+05:30,12243
45080,2014-04-30T00:00:00.000+05:30,6986
45089,2014-04-30T00:00:00.000+05:30,3578
45093,2014-04-30T00:00:00.000+05:30,5284
45122,2014-04-30T00:00:00.000+05:30,8056
45128,2014-04-30T00:00:00.000+05:30,10990
45136,2014-04-30T00:00:00.000+05:30,569
45139,2014-04-30T00:00:00.000+05:30,12234
45140,2014-04-30T00:00:00.000+05:30,10461
45155,2014-04-30T00:00:00.000+05:30,2076
45162,2014-04-30T00:00:00.000+05:30,4994
45195,2014-05-01T00:00:00.000+05:30,7056
45212,2014-05-01T00:00:00.000+05:30,5011
45220,2014-05-01T00:00:00.000+05:30,7631
45228,2014-05-01T00:00:00.000+05:30,10904
45229,2014-05-01T00:00:00.000+05:30,4917
45230,2014-05-01T00:00:00.000+05:30,5786
45307,2014-05-02T00:00:00.000+05:30,3972
45315,2014-05-02T00:00:00.000+05:30,3934
45317,2014-05-02T00:00:00.000+05:30,2672
45319,2014-05-02T00:00:00.000+05:30,3298
45326,2014-05-02T00:00:00.000+05:30,5098
45331,2014-05-02T00:00:00.000+05:30,3291
45343,2014-05-02T00:00:00.000+05:30,5204
45349,2014-05-02T00:00:00.000+05:30,11933
45351,2014-05-02T00:00:00.000+05:30,777
45352,2014-05-02T00:00:00.000+05:30,408
45361,2014-05-02T00:00:00.000+05:30,6690
45379,2014-05-02T00:00:00.000+05:30,578
45391,2014-05-02T00:00:00.000+05:30,4877
45402,2014-05-02T00:00:00.000+05:30,4238
45406,2014-05-02T00:00:00.000+05:30,7721
45426,2014-05-02T00:00:00.000+05:30,2487
45433,2014-05-02T00:00:00.000+05:30,5976
45445,2014-05-03T00:00:00.000+05:30,1443
45464,2014-05-03T00:00:00.000+05:30,6366
45483,2014-05-03T00:00:00.000+05:30,4944
45492,2014-05-03T00:00:00.000+05:30,6587
45495,2014-05-03T00:00:00.000+05:30,5283
45510,2014-05-03T00:00:00.000+05:30,1600
45514,2014-05-03T00:00:00.000+05:30,8603
45517,2014-05-03T00:00:00.000+05:30,11783
45521,2014-05-03T00:00:00.000+05:30,529
45525,2014-05-03T00:00:00.000+05:30,1216
45526,2014-05-03T00:00:00.000+05:30,8254
45529,2014-05-03T00:00:00.000+05:30,5268
45530,2014-05-03T00:00:00.000+05:30,8688
45533,2014-05-03T00:00:00.000+05:30,8774
45535,2014-05-03T00:00:00.000+05:30,2853
45540,2014-05-03T00:00:00.000+05:30,8777
45550,2014-05-03T00:00:00.000+05:30,1340
45553,2014-05-03T00:00:00.000+05:30,7001
45562,2014-05-03T00:00:00.000+05:30,11588
45569,2014-05-03T00:00:00.000+05:30,4159
45571,2014-05-03T00:00:00.000+05:30,10646
45575,2014-05-03T00:00:00.000+05:30,3519
45576,2014-05-03T00:00:00.000+05:30,623
45585,2014-05-03T00:00:00.000+05:30,2442
45587,2014-05-03T00:00:00.000+05:30,9628
45592,2014-05-03T00:00:00.000+05:30,3804
45593,2014-05-03T00:00:00.000+05:30,6060
45598,2014-05-04T00:00:00.000+05:30,9415
45619,2014-05-04T00:00:00.000+05:30,4341
45620,2014-05-04T00:00:00.000+05:30,10361
45626,2014-05-04T00:00:00.000+05:30,9216
45634,2014-05-04T00:00:00.000+05:30,4220
45637,2014-05-04T00:00:00.000+05:30,7906
45650,2014-05-04T00:00:00.000+05:30,6547
45663,2014-05-04T00:00:00.000+05:30,2079
45690,2014-05-04T00:00:00.000+05:30,8930
45698,2014-05-04T00:00:00.000+05:30,8010
45704,2014-05-04T00:00:00.000+05:30,10599
45706,2014-05-04T00:00:00.000+05:30,2033
45721,2014-05-04T00:00:00.000+05:30,7216
45723,2014-05-04T00:00:00.000+05:30,9300
45727,2014-05-04T00:00:00.000+05:30,4720
45731,2014-05-05T00:00:00.000+05:30,2200
45738,2014-05-05T00:00:00.000+05:30,9909
45740,2014-05-05T00:00:00.000+05:30,5871
45748,2014-05-05T00:00:00.000+05:30,8360
45751,2014-05-05T00:00:00.000+05:30,1460
45754,2014-05-05T00:00:00.000+05:30,274
45775,2014-05-05T00:00:00.000+05:30,8198
45784,2014-05-05T00:00:00.000+05:30,5425
45790,2014-05-05T00:00:00.000+05:30,6385
45792,2014-05-05T00:00:00.000+05:30,5532
45798,2014-05-05T00:00:00.000+05:30,145
45815,2014-05-05T00:00:00.000+05:30,8558
45820,2014-05-05T00:00:00.000+05:30,1229
45830,2014-05-05T00:00:00.000+05:30,8181
45850,2014-05-05T00:00:00.000+05:30,10477
45851,2014-05-05T00:00:00.000+05:30,12399
45852,2014-05-05T00:00:00.000+05:30,6732
45861,2014-05-05T00:00:00.000+05:30,2038
45871,2014-05-06T00:00:00.000+05:30,11344
45873,2014-05-06T00:00:00.000+05:30,3091
45877,2014-05-06T00:00:00.000+05:30,11630
45879,2014-05-06T00:00:00.000+05:30,6494
45881,2014-05-06T00:00:00.000+05:30,805
45894,2014-05-06T00:00:00.000+05:30,12431
45912,2014-05-06T00:00:00.000+05:30,8654
45918,2014-05-06T00:00:00.000+05:30,7960
45933,2014-05-06T00:00:00.000+05:30,10379
45935,2014-05-06T00:00:00.000+05:30,3638
45939,2014-05-06T00:00:00.000+05:30,11931
45943,2014-05-06T00:00:00.000+05:30,5448
45946,2014-05-06T00:00:00.000+05:30,6517
45952,2014-05-06T00:00:00.000+05:30,11389
45958,2014-05-06T00:00:00.000+05:30,3830
45966,2014-05-06T00:00:00.000+05:30,337
45986,2014-05-06T00:00:00.000+05:30,6646
45997,2014-05-06T00:00:00.000+05:30,8514
45998,2014-05-06T00:00:00.000+05:30,5850
46003,2014-05-06T00:00:00.000+05:30,12009
46012,2014-05-06T00:00:00.000+05:30,7111
46016,2014-05-06T00:00:00.000+05:30,10265
46017,2014-05-06T00:00:00.000+05:30,433
46027,2014-05-06T00:00:00.000+05:30,5056
46040,2014-05-06T00:00:00.000+05:30,6987
46053,2014-05-06T00:00:00.000+05:30,9947
46056,2014-05-06T00:00:00.000+05:30,3077
46067,2014-05-06T00:00:00.000+05:30,2129
46070,2014-05-06T00:00:00.000+05:30,9518
46072,2014-05-06T00:00:00.000+05:30,12073
46074,2014-05-06T00:00:00.000+05:30,4544
46086,2014-05-06T00:00:00.000+05:30,5493
46101,2014-05-06T00:00:00.000+05:30,3013
46104,2014-05-06T00:00:00.000+05:30,4349
46107,2014-05-06T00:00:00.000+05:30,1930
46120,2014-05-07T00:00:00.000+05:30,5884
46122,2014-05-07T00:00:00.000+05:30,1829
46150,2014-05-07T00:00:00.000+05:30,3812
46155,2014-05-07T00:00:00.000+05:30,8470
46161,2014-05-07T00:00:00.000+05:30,1604
46165,2014-05-07T00:00:00.000+05:30,6157
46171,2014-05-07T00:00:00.000+05:30,4353
46185,2014-05-07T00:00:00.000+05:30,11922
46202,2014-05-07T00:00:00.000+05:30,5817
46205,2014-05-07T00:00:00.000+05:30,6387
46216,2014-05-07T00:00:00.000+05:30,9520
46217,2014-05-07T00:00:00.000+05:30,12431
46219,2014-05-07T00:00:00.000+05:30,2532
46226,2014-05-07T00:00:00.000+05:30,8091
46227,2014-05-07T00:00:00.000+05:30,1153
46232,2014-05-07T00:00:00.000+05:30,10017
46235,2014-05-07T00:00:00.000+05:30,11856
46236,2014-05-07T00:00:00.000+05:30,3576
46238,2014-05-07T00:00:00.000+05:30,1254
46240,2014-05-07T00:00:00.000+05:30,3810
46242,2014-05-07T00:00:00.000+05:30,7316
46244,2014-05-07T00:00:00.000+05:30,10146
46249,2014-05-07T00:00:00.000+05:30,10972
46265,2014-05-07T00:00:00.000+05:30,5449
46285,2014-05-07T00:00:00.000+05:30,11111
46300,2014-05-08T00:00:00.000+05:30,6241
46343,2014-05-08T00:00:00.000+05:30,4884
46350,2014-05-08T00:00:00.000+05:30,9840
46351,2014-05-08T00:00:00.000+05:30,3314
46375,2014-05-09T00:00:00.000+05:30,7461
46383,2014-05-09T00:00:00.000+05:30,9054
46409,2014-05-09T00:00:00.000+05:30,2326
46415,2014-05-09T00:00:00.000+05:30,8662
46438,2014-05-09T00:00:00.000+05:30,1189
46444,2014-05-09T00:00:00.000+05:30,428
46445,2014-05-09T00:00:00.000+05:30,11254
46449,2014-05-09T00:00:00.000+05:30,5316
46452,2014-05-09T00:00:00.000+05:30,9332
46456,2014-05-09T00:00:00.000+05:30,9930
46460,2014-05-09T00:00:00.000+05:30,1110
46461,2014-05-09T00:00:00.000+05:30,6742
46466,2014-05-09T00:00:00.000+05:30,8716
46482,2014-05-09T00:00:00.000+05:30,6113
46492,2014-05-09T00:00:00.000+05:30,5623
46495,2014-05-09T00:00:00.000+05:30,10610
46506,2014-05-09T00:00:00.000+05:30,10420
46514,2014-05-09T00:00:00.000+05:30,10228
46515,2014-05-09T00:00:00.000+05:30,12198
46517,2014-05-09T00:00:00.000+05:30,12173
46529,2014-05-09T00:00:00.000+05:30,436
46543,2014-05-09T00:00:00.000+05:30,6478
46581,2014-05-09T00:00:00.000+05:30,3398
46585,2014-05-09T00:00:00.000+05:30,2467
46586,2014-05-09T00:00:00.000+05:30,6027
46600,2014-05-10T00:00:00.000+05:30,1363
46603,2014-05-10T00:00:00.000+05:30,7973
46609,2014-05-10T00:00:00.000+05:30,4307
46612,2014-05-10T00:00:00.000+05:30,4155
46629,2014-05-10T00:00:00.000+05:30,1599
46631,2014-05-10T00:00:00.000+05:30,2920
46632,2014-05-10T00:00:00.000+05:30,6960
46649,2014-05-10T00:00:00.000+05:30,9141
46656,2014-05-10T00:00:00.000+05:30,7040
46668,2014-05-10T00:00:00.000+05:30,2763
46669,2014-05-10T00:00:00.000+05:30,5691
46691,2014-05-10T00:00:00.000+05:30,361
46700,2014-05-10T00:00:00.000+05:30,8777
46702,2014-05-10T00:00:00.000+05:30,10784
46704,2014-05-10T00:00:00.000+05:30,4340
46730,2014-05-10T00:00:00.000+05:30,6512
46741,2014-05-10T00:00:00.000+05:30,3010
46748,2014-05-10T00:00:00.000+05:30,9460
46766,2014-05-11T00:00:00.000+05:30,1027
46770,2014-05-11T00:00:00.000+05:30,2723
46772,2014-05-11T00:00:00.000+05:30,4496
46777,2014-05-11T00:00:00.000+05:30,9992
46802,2014-05-11T00:00:00.000+05:30,8976
46806,2014-05-11T00:00:00.000+05:30,5711
46817,2014-05-11T00:00:00.000+05:30,11538
46819,2014-05-11T00:00:00.000+05:30,8326
46834,2014-05-11T00:00:00.000+05:30,4463
46839,2014-05-11T00:00:00.000+05:30,10750
46840,2014-05-11T00:00:00.000+05:30,11492
46842,2014-05-11T00:00:00.000+05:30,8926
46843,2014-05-11T00:00:00.000+05:30,4317
46847,2014-05-11T00:00:00.000+05:30,4459
46854,2014-05-11T00:00:00.000+05:30,2355
46860,2014-05-11T00:00:00.000+05:30,186
46875,2014-05-11T00:00:00.000+05:30,3472
46876,2014-05-11T00:00:00.000+05:30,6826
46888,2014-05-11T00:00:00.000+05:30,10859
46895,2014-05-11T00:00:00.000+05:30,4471
46898,2014-05-11T00:00:00.000+05:30,5999
46908,2014-05-11T00:00:00.000+05:30,5216
46914,2014-05-11T00:00:00.000+05:30,575
46920,2014-05-11T00:00:00.000+05:30,8167
46921,2014-05-11T00:00:00.000+05:30,10731
46936,2014-05-12T00:00:00.000+05:30,4347
46966,2014-05-12T00:00:00.000+05:30,6054
46983,2014-05-12T00:00:00.000+05:30,10636
46993,2014-05-12T00:00:00.000+05:30,2997
47000,2014-05-12T00:00:00.000+05:30,5008
47004,2014-05-12T00:00:00.000+05:30,10202
47008,2014-05-12T00:00:00.000+05:30,2755
47024,2014-05-12T00:00:00.000+05:30,8988
47031,2014-05-12T00:00:00.000+05:30,4661
47038,2014-05-12T00:00:00.000+05:30,4938
47051,2014-05-12T00:00:00.000+05:30,4234
47059,2014-05-12T00:00:00.000+05:30,12284
47065,2014-05-12T00:00:00.000+05:30,6806
47066,2014-05-12T00:00:00.000+05:30,1780
47079,2014-05-12T00:00:00.000+05:30,1842
47097,2014-05-12T00:00:00.000+05:30,2563
47154,2014-05-13T00:00:00.000+05:30,2554
47155,2014-05-13T00:00:00.000+05:30,3398
47191,2014-05-13T00:00:00.000+05:30,3658
47197,2014-05-13T00:00:00.000+05:30,5686
47205,2014-05-13T00:00:00.000+05:30,9895
47206,2014-05-13T00:00:00.000+05:30,10665
47217,2014-05-13T00:00:00.000+05:30,6829
47230,2014-05-13T00:00:00.000+05:30,2442
47244,2014-05-13T00:00:00.000+05:30,5086
47245,2014-05-13T00:00:00.000+05:30,9804
47247,2014-05-13T00:00:00.000+05:30,8656
47257,2014-05-13T00:00:00.000+05:30,5297
47267,2014-05-13T00:00:00.000+05:30,5713
47291,2014-05-13T00:00:00.000+05:30,1435
47300,2014-05-13T00:00:00.000+05:30,8529
47301,2014-05-13T00:00:00.000+05:30,4796
47307,2014-05-13T00:00:00.000+05:30,10666
47308,2014-05-13T00:00:00.000+05:30,9189
47317,2014-05-14T00:00:00.000+05:30,3978
47328,2014-05-14T00:00:00.000+05:30,7278
47337,2014-05-14T00:00:00.000+05:30,715
47340,2014-05-14T00:00:00.000+05:30,11191
47351,2014-05-14T00:00:00.000+05:30,11059
47356,2014-05-14T00:00:00.000+05:30,6404
47408,2014-05-14T00:00:00.000+05:30,6400
47414,2014-05-14T00:00:00.000+05:30,6430
47445,2014-05-14T00:00:00.000+05:30,11457
47448,2014-05-14T00:00:00.000+05:30,3925
47464,2014-05-15T00:00:00.000+05:30,3708
47467,2014-05-15T00:00:00.000+05:30,11591
47487,2014-05-15T00:00:00.000+05:30,2877
47490,2014-05-15T00:00:00.000+05:30,4355
47495,2014-05-15T00:00:00.000+05:30,991
47499,2014-05-15T00:00:00.000+05:30,2239
47533,2014-05-15T00:00:00.000+05:30,6265
47537,2014-05-15T00:00:00.000+05:30,5211
47550,2014-05-15T00:00:00.000+05:30,1418
47584,2014-05-15T00:00:00.000+05:30,1767
47589,2014-05-15T00:00:00.000+05:30,1319
47592,2014-05-15T00:00:00.000+05:30,1111
47595,2014-05-16T00:00:00.000+05:30,12076
47605,2014-05-16T00:00:00.000+05:30,2380
47607,2014-05-16T00:00:00.000+05:30,8347
47608,2014-05-16T00:00:00.000+05:30,8540
47609,2014-05-16T00:00:00.000+05:30,8648
47613,2014-05-16T00:00:00.000+05:30,1477
47620,2014-05-16T00:00:00.000+05:30,8010
47625,2014-05-16T00:00:00.000+05:30,5051
47662,2014-05-16T00:00:00.000+05:30,2895
47704,2014-05-16T00:00:00.000+05:30,1024
47711,2014-05-16T00:00:00.000+05:30,8621
47713,2014-05-16T00:00:00.000+05:30,575
47742,2014-05-16T00:00:00.000+05:30,1159
47745,2014-05-16T00:00:00.000+05:30,11952
47747,2014-05-16T00:00:00.000+05:30,695
47751,2014-05-16T00:00:00.000+05:30,1999
47766,2014-05-16T00:00:00.000+05:30,6209
47775,2014-05-16T00:00:00.000+05:30,3736
47797,2014-05-16T00:00:00.000+05:30,10442
47805,2014-05-16T00:00:00.000+05:30,12238
47808,2014-05-16T00:00:00.000+05:30,645
47832,2014-05-17T00:00:00.000+05:30,10090
47835,2014-05-17T00:00:00.000+05:30,9046
47860,2014-05-17T00:00:00.000+05:30,6248
47862,2014-05-17T00:00:00.000+05:30,3259
47874,2014-05-17T00:00:00.000+05:30,189
47897,2014-05-17T00:00:00.000+05:30,9215
47924,2014-05-17T00:00:00.000+05:30,4695
47930,2014-05-17T00:00:00.000+05:30,11602
47931,2014-05-17T00:00:00.000+05:30,10479
47947,2014-05-18T00:00:00.000+05:30,1338
47949,2014-05-18T00:00:00.000+05:30,3226
47958,2014-05-18T00:00:00.000+05:30,9252
47975,2014-05-18T00:00:00.000+05:30,9731
47982,2014-05-18T00:00:00.000+05:30,5689
48004,2014-05-18T00:00:00.000+05:30,11624
48005,2014-05-18T00:00:00.000+05:30,4486
48013,2014-05-18T00:00:00.000+05:30,7071
48014,2014-05-18T00:00:00.000+05:30,10264
48016,2014-05-18T00:00:00.000+05:30,3926
48022,2014-05-18T00:00:00.000+05:30,4044
48039,2014-05-18T00:00:00.000+05:30,10508
48044,2014-05-18T00:00:00.000+05:30,5776
48047,2014-05-18T00:00:00.000+05:30,4717
48053,2014-05-18T00:00:00.000+05:30,9996
48069,2014-05-18T00:00:00.000+05:30,5643
48076,2014-05-18T00:00:00.000+05:30,8103
48081,2014-05-18T00:00:00.000+05:30,10138
48088,2014-05-18T00:00:00.000+05:30,4181
48099,2014-05-18T00:00:00.000+05:30,4433
48106,2014-05-19T00:00:00.000+05:30,6823
48113,2014-05-19T00:00:00.000+05:30,5628
48118,2014-05-19T00:00:00.000+05:30,2222
48123,2014-05-19T00:00:00.000+05:30,1090
48128,2014-05-19T00:00:00.000+05:30,2708
48129,2014-05-19T00:00:00.000+05:30,8031
48145,2014-05-19T00:00:00.000+05:30,4832
48160,2014-05-19T00:00:00.000+05:30,4882
48164,2014-05-19T00:00:00.000+05:30,2911
48166,2014-05-19T00:00:00.000+05:30,5965
48169,2014-05-20T00:00:00.000+05:30,9336
48179,2014-05-20T00:00:00.000+05:30,2446
48180,2014-05-20T00:00:00.000+05:30,9062
48196,2014-05-20T00:00:00.000+05:30,9942
48203,2014-05-20T00:00:00.000+05:30,5990
48207,2014-05-20T00:00:00.000+05:30,7215
48210,2014-05-20T00:00:00.000+05:30,10853
48213,2014-05-20T00:00:00.000+05:30,8070
48229,2014-05-20T00:00:00.000+05:30,3229
48240,2014-05-20T00:00:00.000+05:30,9644
48253,2014-05-20T00:00:00.000+05:30,5416
48256,2014-05-20T00:00:00.000+05:30,5764
48268,2014-05-20T00:00:00.000+05:30,8169
48269,2014-05-20T00:00:00.000+05:30,10013
48285,2014-05-20T00:00:00.000+05:30,7279
48293,2014-05-20T00:00:00.000+05:30,1972
48302,2014-05-20T00:00:00.000+05:30,9181
48315,2014-05-20T00:00:00.000+05:30,2926
48329,2014-05-20T00:00:00.000+05:30,3636
48331,2014-05-20T00:00:00.000+05:30,8171
48332,2014-05-20T00:00:00.000+05:30,8844
48337,2014-05-20T00:00:00.000+05:30,9751
48346,2014-05-20T00:00:00.000+05:30,866
48349,2014-05-20T00:00:00.000+05:30,8681
48365,2014-05-21T00:00:00.000+05:30,10948
48371,2014-05-21T00:00:00.000+05:30,5984
48382,2014-05-21T00:00:00.000+05:30,6919
48386,2014-05-21T00:00:00.000+05:30,7673
48396,2014-05-21T00:00:00.000+05:30,2721
48405,2014-05-21T00:00:00.000+05:30,3415
48411,2014-05-21T00:00:00.000+05:30,7368
48412,2014-05-21T00:00:00.000+05:30,5183
48463,2014-05-21T00:00:00.000+05:30,10517
48492,2014-05-21T00:00:00.000+05:30,2026
48498,2014-05-21T00:00:00.000+05:30,11909
48502,2014-05-21T00:00:00.000+05:30,10124
48510,2014-05-21T00:00:00.000+05:30,7318
48521,2014-05-21T00:00:00.000+05:30,3580
48522,2014-05-21T00:00:00.000+05:30,4339
48541,2014-05-22T00:00:00.000+05:30,9049
48542,2014-05-22T00:00:00.000+05:30,9670
48543,2014-05-22T00:00:00.000+05:30,1554
48547,2014-05-22T00:00:00.000+05:30,6042
48553,2014-05-22T00:00:00.000+05:30,894
48557,2014-05-22T00:00:00.000+05:30,3537
48558,2014-05-22T00:00:00.000+05:30,4452
48561,2014-05-22T00:00:00.000+05:30,6562
48570,2014-05-22T00:00:00.000+05:30,11481
48574,2014-05-22T00:00:00.000+05:30,3631
48583,2014-05-22T00:00:00.000+05:30,10076
48599,2014-05-22T00:00:00.000+05:30,12023
48604,2014-05-23T00:00:00.000+05:30,7633
48609,2014-05-23T00:00:00.000+05:30,6585
48610,2014-05-23T00:00:00.000+05:30,9366
48614,2014-05-23T00:00:00.000+05:30,10490
48640,2014-05-23T00:00:00.000+05:30,10032
48641,2014-05-23T00:00:00.000+05:30,1733
48645,2014-05-23T00:00:00.000+05:30,5858
48652,2014-05-23T00:00:00.000+05:30,11673
48668,2014-05-23T00:00:00.000+05:30,5857
48676,2014-05-23T00:00:00.000+05:30,6489
48694,2014-05-23T00:00:00.000+05:30,10651
48695,2014-05-23T00:00:00.000+05:30,11465
48703,2014-05-23T00:00:00.000+05:30,8818
48733,2014-05-24T00:00:00.000+05:30,927
48744,2014-05-24T00:00:00.000+05:30,2868
48753,2014-05-24T00:00:00.000+05:30,4079
48758,2014-05-24T00:00:00.000+05:30,7160
48765,2014-05-24T00:00:00.000+05:30,6688
48781,2014-05-24T00:00:00.000+05:30,305
48789,2014-05-24T00:00:00.000+05:30,10253
48801,2014-05-24T00:00:00.000+05:30,7509
48806,2014-05-24T00:00:00.000+05:30,6592
48819,2014-05-24T00:00:00.000+05:30,2001
48823,2014-05-24T00:00:00.000+05:30,1285
48849,2014-05-24T00:00:00.000+05:30,4068
48863,2014-05-24T00:00:00.000+05:30,8109
48865,2014-05-24T00:00:00.000+05:30,5243
48868,2014-05-24T00:00:00.000+05:30,5040
48870,2014-05-24T00:00:00.000+05:30,10376
48881,2014-05-24T00:00:00.000+05:30,8624
48888,2014-05-25T00:00:00.000+05:30,9402
48889,2014-05-25T00:00:00.000+05:30,12125
48907,2014-05-25T00:00:00.000+05:30,764
48910,2014-05-25T00:00:00.000+05:30,1929
48913,2014-05-25T00:00:00.000+05:30,8588
48926,2014-05-25T00:00:00.000+05:30,5652
48927,2014-05-25T00:00:00.000+05:30,6670
48938,2014-05-25T00:00:00.000+05:30,74
48952,2014-05-25T00:00:00.000+05:30,288
48976,2014-05-25T00:00:00.000+05:30,1937
48987,2014-05-25T00:00:00.000+05:30,1882
48996,2014-05-26T00:00:00.000+05:30,4815
48997,2014-05-26T00:00:00.000+05:30,12161
49004,2014-05-26T00:00:00.000+05:30,1584
49032,2014-05-26T00:00:00.000+05:30,7861
49038,2014-05-26T00:00:00.000+05:30,5264
49041,2014-05-26T00:00:00.000+05:30,6672
49048,2014-05-26T00:00:00.000+05:30,2131
49073,2014-05-26T00:00:00.000+05:30,5654
49079,2014-05-26T00:00:00.000+05:30,6440
49096,2014-05-26T00:00:00.000+05:30,9161
49098,2014-05-26T00:00:00.000+05:30,1932
49103,2014-05-26T00:00:00.000+05:30,353
49133,2014-05-27T00:00:00.000+05:30,5337
49143,2014-05-27T00:00:00.000+05:30,9636
49149,2014-05-27T00:00:00.000+05:30,276
49166,2014-05-27T00:00:00.000+05:30,9077
49174,2014-05-27T00:00:00.000+05:30,7440
49178,2014-05-27T00:00:00.000+05:30,5089
49192,2014-05-27T00:00:00.000+05:30,8704
49215,2014-05-28T00:00:00.000+05:30,11309
49225,2014-05-28T00:00:00.000+05:30,1833
49228,2014-05-28T00:00:00.000+05:30,10308
49231,2014-05-28T00:00:00.000+05:30,5470
49234,2014-05-28T00:00:00.000+05:30,6573
49239,2014-05-28T00:00:00.000+05:30,3162
49263,2014-05-28T00:00:00.000+05:30,12192
49265,2014-05-28T00:00:00.000+05:30,8333
49266,2014-05-28T00:00:00.000+05:30,4265
49312,2014-05-28T00:00:00.000+05:30,8648
49331,2014-05-28T00:00:00.000+05:30,2776
49344,2014-05-28T00:00:00.000+05:30,643
49346,2014-05-28T00:00:00.000+05:30,5884
49386,2014-05-28T00:00:00.000+05:30,9270
49392,2014-05-28T00:00:00.000+05:30,10872
49399,2014-05-29T00:00:00.000+05:30,6466
49401,2014-05-29T00:00:00.000+05:30,446
49405,2014-05-29T00:00:00.000+05:30,8965
49406,2014-05-29T00:00:00.000+05:30,8839
49418,2014-05-29T00:00:00.000+05:30,1758
49433,2014-05-29T00:00:00.000+05:30,273
49449,2014-05-29T00:00:00.000+05:30,2064
49478,2014-05-29T00:00:00.000+05:30,6427
49483,2014-05-29T00:00:00.000+05:30,2321
49492,2014-05-29T00:00:00.000+05:30,10895
49494,2014-05-29T00:00:00.000+05:30,3331
49543,2014-05-30T00:00:00.000+05:30,8390
49545,2014-05-30T00:00:00.000+05:30,7620
49580,2014-05-30T00:00:00.000+05:30,10351
49601,2014-05-30T00:00:00.000+05:30,11562
49613,2014-05-31T00:00:00.000+05:30,7336
49619,2014-05-31T00:00:00.000+05:30,8812
49624,2014-05-31T00:00:00.000+05:30,509
49626,2014-05-31T00:00:00.000+05:30,7206
49632,2014-05-31T00:00:00.000+05:30,6671
49633,2014-05-31T00:00:00.000+05:30,458
49652,2014-05-31T00:00:00.000+05:30,10444
49668,2014-05-31T00:00:00.000+05:30,8153
49676,2014-05-31T00:00:00.000+05:30,10719
49682,2014-05-31T00:00:00.000+05:30,8123
49703,2014-05-31T00:00:00.000+05:30,6045
49706,2014-05-31T00:00:00.000+05:30,734
49732,2014-05-31T00:00:00.000+05:30,11721
49736,2014-06-01T00:00:00.000+05:30,8753
49748,2014-06-01T00:00:00.000+05:30,1015
49768,2014-06-01T00:00:00.000+05:30,2981
49783,2014-06-01T00:00:00.000+05:30,3283
49787,2014-06-01T00:00:00.000+05:30,5493
49794,2014-06-01T00:00:00.000+05:30,1558
49796,2014-06-01T00:00:00.000+05:30,3117
49815,2014-06-01T00:00:00.000+05:30,10762
49827,2014-06-01T00:00:00.000+05:30,8496
49830,2014-06-01T00:00:00.000+05:30,12336
49874,2014-06-01T00:00:00.000+05:30,5658
49881,2014-06-02T00:00:00.000+05:30,7787
49882,2014-06-02T00:00:00.000+05:30,9121
49894,2014-06-02T00:00:00.000+05:30,2288
49904,2014-06-02T00:00:00.000+05:30,2785
49908,2014-06-02T00:00:00.000+05:30,1457
49951,2014-06-02T00:00:00.000+05:30,3661
49975,2014-06-02T00:00:00.000+05:30,8701
49978,2014-06-02T00:00:00.000+05:30,7508
50028,2014-06-02T00:00:00.000+05:30,12139
50036,2014-06-02T00:00:00.000+05:30,11696
50043,2014-06-02T00:00:00.000+05:30,10434
50045,2014-06-02T00:00:00.000+05:30,4830
50047,2014-06-02T00:00:00.000+05:30,7574
50070,2014-06-03T00:00:00.000+05:30,5827
50097,2014-06-03T00:00:00.000+05:30,10362
50104,2014-06-03T00:00:00.000+05:30,5012
50116,2014-06-03T00:00:00.000+05:30,11987
50145,2014-06-03T00:00:00.000+05:30,7532
50164,2014-06-04T00:00:00.000+05:30,1389
50167,2014-06-04T00:00:00.000+05:30,10283
50169,2014-06-04T00:00:00.000+05:30,6528
50171,2014-06-04T00:00:00.000+05:30,1521
50178,2014-06-04T00:00:00.000+05:30,3428
50190,2014-06-04T00:00:00.000+05:30,11430
50205,2014-06-04T00:00:00.000+05:30,6107
50229,2014-06-05T00:00:00.000+05:30,7116
50231,2014-06-05T00:00:00.000+05:30,12053
50233,2014-06-05T00:00:00.000+05:30,7764
50236,2014-06-05T00:00:00.000+05:30,10046
50258,2014-06-05T00:00:00.000+05:30,10155
50262,2014-06-05T00:00:00.000+05:30,5624
50268,2014-06-05T00:00:00.000+05:30,6336
50279,2014-06-05T00:00:00.000+05:30,1840
50285,2014-06-05T00:00:00.000+05:30,4406
50308,2014-06-05T00:00:00.000+05:30,4723
50312,2014-06-05T00:00:00.000+05:30,5892
50317,2014-06-05T00:00:00.000+05:30,10311
50326,2014-06-05T00:00:00.000+05:30,9482
50336,2014-06-06T00:00:00.000+05:30,780
50345,2014-06-06T00:00:00.000+05:30,6512
50351,2014-06-06T00:00:00.000+05:30,7401
50355,2014-06-06T00:00:00.000+05:30,3648
50373,2014-06-06T00:00:00.000+05:30,2089
50378,2014-06-06T00:00:00.000+05:30,3476
50383,2014-06-06T00:00:00.000+05:30,4788
50385,2014-06-06T00:00:00.000+05:30,5850
50395,2014-06-06T00:00:00.000+05:30,9414
50398,2014-06-06T00:00:00.000+05:30,1566
50400,2014-06-06T00:00:00.000+05:30,5572
50412,2014-06-06T00:00:00.000+05:30,3465
50421,2014-06-06T00:00:00.000+05:30,11429
50430,2014-06-06T00:00:00.000+05:30,2769
50435,2014-06-06T00:00:00.000+05:30,6587
50436,2014-06-06T00:00:00.000+05:30,2420
50444,2014-06-06T00:00:00.000+05:30,4897
50445,2014-06-06T00:00:00.000+05:30,3846
50455,2014-06-06T00:00:00.000+05:30,10317
50459,2014-06-06T00:00:00.000+05:30,7836
50501,2014-06-06T00:00:00.000+05:30,9520
50506,2014-06-06T00:00:00.000+05:30,9260
50518,2014-06-07T00:00:00.000+05:30,2928
50521,2014-06-07T00:00:00.000+05:30,51
50541,2014-06-07T00:00:00.000+05:30,8254
50556,2014-06-07T00:00:00.000+05:30,6516
50568,2014-06-07T00:00:00.000+05:30,1178
50570,2014-06-07T00:00:00.000+05:30,3682
50580,2014-06-07T00:00:00.000+05:30,1332
50602,2014-06-07T00:00:00.000+05:30,8496
50611,2014-06-07T00:00:00.000+05:30,12142
50623,2014-06-07T00:00:00.000+05:30,12231
50624,2014-06-07T00:00:00.000+05:30,2857
50626,2014-06-07T00:00:00.000+05:30,5909
50629,2014-06-07T00:00:00.000+05:30,3351
50634,2014-06-07T00:00:00.000+05:30,5858
50635,2014-06-07T00:00:00.000+05:30,4340
50641,2014-06-07T00:00:00.000+05:30,6467
50645,2014-06-07T00:00:00.000+05:30,4479
50655,2014-06-07T00:00:00.000+05:30,5446
50668,2014-06-08T00:00:00.000+05:30,6448
50673,2014-06-08T00:00:00.000+05:30,8538
50674,2014-06-08T00:00:00.000+05:30,9740
50681,2014-06-08T00:00:00.000+05:30,6858
50700,2014-06-08T00:00:00.000+05:30,4282
50703,2014-06-08T00:00:00.000+05:30,542
50706,2014-06-08T00:00:00.000+05:30,154
50711,2014-06-08T00:00:00.000+05:30,7250
50712,2014-06-08T00:00:00.000+05:30,7417
50721,2014-06-08T00:00:00.000+05:30,792
50728,2014-06-08T00:00:00.000+05:30,10918
50747,2014-06-08T00:00:00.000+05:30,9591
50760,2014-06-08T00:00:00.000+05:30,10232
50763,2014-06-08T00:00:00.000+05:30,3549
50782,2014-06-08T00:00:00.000+05:30,4198
50812,2014-06-08T00:00:00.000+05:30,2205
50840,2014-06-08T00:00:00.000+05:30,274
50846,2014-06-08T00:00:00.000+05:30,10791
50858,2014-06-08T00:00:00.000+05:30,5511
50866,2014-06-09T00:00:00.000+05:30,11884
50886,2014-06-09T00:00:00.000+05:30,10040
50890,2014-06-09T00:00:00.000+05:30,1343
50891,2014-06-09T00:00:00.000+05:30,6156
50892,2014-06-09T00:00:00.000+05:30,7959
50895,2014-06-09T00:00:00.000+05:30,4606
50904,2014-06-09T00:00:00.000+05:30,2452
50909,2014-06-09T00:00:00.000+05:30,8185
50911,2014-06-09T00:00:00.000+05:30,4731
50914,2014-06-09T00:00:00.000+05:30,1914
50922,2014-06-09T00:00:00.000+05:30,6884
50930,2014-06-09T00:00:00.000+05:30,2863
50932,2014-06-09T00:00:00.000+05:30,7319
50937,2014-06-09T00:00:00.000+05:30,2042
50968,2014-06-09T00:00:00.000+05:30,4412
50969,2014-06-09T00:00:00.000+05:30,7624
50975,2014-06-09T00:00:00.000+05:30,12420
50978,2014-06-09T00:00:00.000+05:30,2423
50982,2014-06-09T00:00:00.000+05:30,1219
50985,2014-06-09T00:00:00.000+05:30,4427
50993,2014-06-09T00:00:00.000+05:30,8218
50996,2014-06-09T00:00:00.000+05:30,2385
50999,2014-06-09T00:00:00.000+05:30,841
51019,2014-06-09T00:00:00.000+05:30,9278
51036,2014-06-09T00:00:00.000+05:30,3302
51038,2014-06-09T00:00:00.000+05:30,4654
51044,2014-06-09T00:00:00.000+05:30,5984
51059,2014-06-09T00:00:00.000+05:30,4645
51063,2014-06-09T00:00:00.000+05:30,7020
51067,2014-06-09T00:00:00.000+05:30,1380
51071,2014-06-09T00:00:00.000+05:30,6502
51079,2014-06-09T00:00:00.000+05:30,2031
51086,2014-06-09T00:00:00.000+05:30,9671
51091,2014-06-09T00:00:00.000+05:30,10234
51098,2014-06-10T00:00:00.000+05:30,3973
51105,2014-06-10T00:00:00.000+05:30,11460
51115,2014-06-10T00:00:00.000+05:30,12187
51122,2014-06-10T00:00:00.000+05:30,1928
51132,2014-06-10T00:00:00.000+05:30,856
51144,2014-06-10T00:00:00.000+05:30,6461
51155,2014-06-10T00:00:00.000+05:30,12429
51157,2014-06-10T00:00:00.000+05:30,4
51173,2014-06-10T00:00:00.000+05:30,6730
51175,2014-06-10T00:00:00.000+05:30,9112
51186,2014-06-10T00:00:00.000+05:30,5924
51189,2014-06-10T00:00:00.000+05:30,7081
51192,2014-06-10T00:00:00.000+05:30,455
51201,2014-06-10T00:00:00.000+05:30,1035
51211,2014-06-11T00:00:00.000+05:30,5955
51217,2014-06-11T00:00:00.000+05:30,3891
51231,2014-06-11T00:00:00.000+05:30,10752
51237,2014-06-11T00:00:00.000+05:30,6582
51251,2014-06-11T00:00:00.000+05:30,379
51263,2014-06-11T00:00:00.000+05:30,8915
51274,2014-06-11T00:00:00.000+05:30,3915
51275,2014-06-11T00:00:00.000+05:30,7837
51292,2014-06-12T00:00:00.000+05:30,7254
51306,2014-06-12T00:00:00.000+05:30,7779
51310,2014-06-12T00:00:00.000+05:30,4291
51316,2014-06-12T00:00:00.000+05:30,9834
51320,2014-06-12T00:00:00.000+05:30,8535
51332,2014-06-12T00:00:00.000+05:30,3369
51334,2014-06-12T00:00:00.000+05:30,4728
51363,2014-06-12T00:00:00.000+05:30,576
51366,2014-06-12T00:00:00.000+05:30,6131
51369,2014-06-12T00:00:00.000+05:30,3085
51385,2014-06-12T00:00:00.000+05:30,752
51386,2014-06-12T00:00:00.000+05:30,5971
51392,2014-06-12T00:00:00.000+05:30,9457
51393,2014-06-12T00:00:00.000+05:30,8437
51394,2014-06-12T00:00:00.000+05:30,3384
51423,2014-06-13T00:00:00.000+05:30,5667
51430,2014-06-13T00:00:00.000+05:30,1282
51433,2014-06-13T00:00:00.000+05:30,11836
51441,2014-06-13T00:00:00.000+05:30,4438
51442,2014-06-13T00:00:00.000+05:30,10199
51447,2014-06-13T00:00:00.000+05:30,603
51455,2014-06-13T00:00:00.000+05:30,3179
51472,2014-06-13T00:00:00.000+05:30,3055
51484,2014-06-13T00:00:00.000+05:30,6489
51490,2014-06-13T00:00:00.000+05:30,11783
51502,2014-06-13T00:00:00.000+05:30,5367
51508,2014-06-13T00:00:00.000+05:30,2974
51516,2014-06-13T00:00:00.000+05:30,3720
51523,2014-06-13T00:00:00.000+05:30,2112
51541,2014-06-13T00:00:00.000+05:30,7850
51547,2014-06-13T00:00:00.000+05:30,10785
51560,2014-06-13T00:00:00.000+05:30,832
51563,2014-06-13T00:00:00.000+05:30,7701
51564,2014-06-13T00:00:00.000+05:30,3868
51565,2014-06-13T00:00:00.000+05:30,5040
51570,2014-06-13T00:00:00.000+05:30,9621
51575,2014-06-13T00:00:00.000+05:30,9393
51578,2014-06-13T00:00:00.000+05:30,6466
51584,2014-06-13T00:00:00.000+05:30,8073
51594,2014-06-13T00:00:00.000+05:30,1225
51618,2014-06-13T00:00:00.000+05:30,7999
51620,2014-06-13T00:00:00.000+05:30,2146
51624,2014-06-13T00:00:00.000+05:30,1932
51644,2014-06-14T00:00:00.000+05:30,9824
51653,2014-06-14T00:00:00.000+05:30,3425
51654,2014-06-14T00:00:00.000+05:30,5500
51660,2014-06-14T00:00:00.000+05:30,4815
51663,2014-06-14T00:00:00.000+05:30,5016
51672,2014-06-14T00:00:00.000+05:30,117
51678,2014-06-14T00:00:00.000+05:30,6020
51680,2014-06-14T00:00:00.000+05:30,5421
51686,2014-06-14T00:00:00.000+05:30,9627
51699,2014-06-14T00:00:00.000+05:30,2900
51715,2014-06-14T00:00:00.000+05:30,7903
51729,2014-06-14T00:00:00.000+05:30,12077
51765,2014-06-14T00:00:00.000+05:30,7795
51766,2014-06-14T00:00:00.000+05:30,10335
51767,2014-06-14T00:00:00.000+05:30,331
51776,2014-06-14T00:00:00.000+05:30,6252
51779,2014-06-14T00:00:00.000+05:30,11352
51787,2014-06-14T00:00:00.000+05:30,11278
51791,2014-06-14T00:00:00.000+05:30,9560
51799,2014-06-14T00:00:00.000+05:30,10521
51829,2014-06-14T00:00:00.000+05:30,7128
51838,2014-06-14T00:00:00.000+05:30,9655
51840,2014-06-14T00:00:00.000+05:30,8081
51842,2014-06-15T00:00:00.000+05:30,5298
51844,2014-06-15T00:00:00.000+05:30,9552
51858,2014-06-15T00:00:00.000+05:30,10429
51861,2014-06-15T00:00:00.000+05:30,9837
51866,2014-06-15T00:00:00.000+05:30,1860
51869,2014-06-15T00:00:00.000+05:30,11631
51881,2014-06-15T00:00:00.000+05:30,10859
51890,2014-06-15T00:00:00.000+05:30,9459
51903,2014-06-15T00:00:00.000+05:30,4693
51925,2014-06-15T00:00:00.000+05:30,11711
51933,2014-06-15T00:00:00.000+05:30,7811
51935,2014-06-15T00:00:00.000+05:30,11702
51949,2014-06-16T00:00:00.000+05:30,5640
51950,2014-06-16T00:00:00.000+05:30,10971
51973,2014-06-16T00:00:00.000+05:30,12082
51976,2014-06-16T00:00:00.000+05:30,9775
51977,2014-06-16T00:00:00.000+05:30,4478
52000,2014-06-16T00:00:00.000+05:30,8094
52005,2014-06-16T00:00:00.000+05:30,2515
52012,2014-06-16T00:00:00.000+05:30,2126
52016,2014-06-16T00:00:00.000+05:30,139
52019,2014-06-16T00:00:00.000+05:30,8851
52020,2014-06-16T00:00:00.000+05:30,10816
52023,2014-06-16T00:00:00.000+05:30,731
52024,2014-06-16T00:00:00.000+05:30,1731
52034,2014-06-16T00:00:00.000+05:30,9048
52041,2014-06-16T00:00:00.000+05:30,7835
52047,2014-06-16T00:00:00.000+05:30,11968
52048,2014-06-16T00:00:00.000+05:30,3311
52051,2014-06-16T00:00:00.000+05:30,1731
52053,2014-06-16T00:00:00.000+05:30,9531
52068,2014-06-16T00:00:00.000+05:30,7120
52075,2014-06-16T00:00:00.000+05:30,4547
52099,2014-06-16T00:00:00.000+05:30,1604
52103,2014-06-16T00:00:00.000+05:30,4144
52127,2014-06-16T00:00:00.000+05:30,1860
52138,2014-06-16T00:00:00.000+05:30,5472
52142,2014-06-16T00:00:00.000+05:30,11102
52169,2014-06-17T00:00:00.000+05:30,4588
52172,2014-06-17T00:00:00.000+05:30,10251
52186,2014-06-17T00:00:00.000+05:30,9993
52187,2014-06-17T00:00:00.000+05:30,4463
52189,2014-06-17T00:00:00.000+05:30,6936
52197,2014-06-17T00:00:00.000+05:30,8475
52203,2014-06-17T00:00:00.000+05:30,11548
52206,2014-06-17T00:00:00.000+05:30,11784
52207,2014-06-17T00:00:00.000+05:30,7118
52217,2014-06-17T00:00:00.000+05:30,10137
52225,2014-06-17T00:00:00.000+05:30,10423
52226,2014-06-17T00:00:00.000+05:30,1240
52249,2014-06-17T00:00:00.000+05:30,7483
52253,2014-06-17T00:00:00.000+05:30,6180
52263,2014-06-17T00:00:00.000+05:30,11370
52268,2014-06-18T00:00:00.000+05:30,2228
52271,2014-06-18T00:00:00.000+05:30,3332
52277,2014-06-18T00:00:00.000+05:30,5110
52287,2014-06-18T00:00:00.000+05:30,4607
52303,2014-06-18T00:00:00.000+05:30,4016
52318,2014-06-18T00:00:00.000+05:30,1680
52336,2014-06-18T00:00:00.000+05:30,870
52338,2014-06-18T00:00:00.000+05:30,3034
52362,2014-06-18T00:00:00.000+05:30,8916
52365,2014-06-18T00:00:00.000+05:30,5267
52376,2014-06-18T00:00:00.000+05:30,1092
52377,2014-06-18T00:00:00.000+05:30,9296
52380,2014-06-18T00:00:00.000+05:30,4412
52388,2014-06-18T00:00:00.000+05:30,3541
52390,2014-06-18T00:00:00.000+05:30,5058
52395,2014-06-18T00:00:00.000+05:30,9999
52397,2014-06-18T00:00:00.000+05:30,11833
52404,2014-06-18T00:00:00.000+05:30,801
52405,2014-06-18T00:00:00.000+05:30,12325
52409,2014-06-18T00:00:00.000+05:30,126
52416,2014-06-19T00:00:00.000+05:30,2813
52421,2014-06-19T00:00:00.000+05:30,9928
52425,2014-06-19T00:00:00.000+05:30,6638
52426,2014-06-19T00:00:00.000+05:30,8677
52433,2014-06-19T00:00:00.000+05:30,10615
52471,2014-06-19T00:00:00.000+05:30,10422
52484,2014-06-19T00:00:00.000+05:30,1886
52491,2014-06-19T00:00:00.000+05:30,620
52499,2014-06-19T00:00:00.000+05:30,5821
52516,2014-06-19T00:00:00.000+05:30,3098
52518,2014-06-19T00:00:00.000+05:30,3223
52528,2014-06-19T00:00:00.000+05:30,98
52537,2014-06-19T00:00:00.000+05:30,1089
52540,2014-06-19T00:00:00.000+05:30,6008
52541,2014-06-19T00:00:00.000+05:30,11146
52551,2014-06-19T00:00:00.000+05:30,11689
52555,2014-06-19T00:00:00.000+05:30,11938
52563,2014-06-19T00:00:00.000+05:30,12100
52571,2014-06-19T00:00:00.000+05:30,10982
52572,2014-06-19T00:00:00.000+05:30,12138
52596,2014-06-19T00:00:00.000+05:30,5407
52599,2014-06-19T00:00:00.000+05:30,6550
52603,2014-06-19T00:00:00.000+05:30,5968
52612,2014-06-19T00:00:00.000+05:30,11341
52613,2014-06-19T00:00:00.000+05:30,1889
52614,2014-06-19T00:00:00.000+05:30,1870
52625,2014-06-19T00:00:00.000+05:30,10272
52628,2014-06-19T00:00:00.000+05:30,6748
52631,2014-06-19T00:00:00.000+05:30,1378
52633,2014-06-19T00:00:00.000+05:30,9191
52659,2014-06-20T00:00:00.000+05:30,4997
52663,2014-06-20T00:00:00.000+05:30,8665
52669,2014-06-20T00:00:00.000+05:30,8453
52672,2014-06-20T00:00:00.000+05:30,11186
52680,2014-06-20T00:00:00.000+05:30,1885
52687,2014-06-20T00:00:00.000+05:30,3947
52700,2014-06-20T00:00:00.000+05:30,2868
52704,2014-06-20T00:00:00.000+05:30,6270
52707,2014-06-20T00:00:00.000+05:30,8501
52708,2014-06-20T00:00:00.000+05:30,8803
52712,2014-06-20T00:00:00.000+05:30,4529
52723,2014-06-20T00:00:00.000+05:30,2015
52729,2014-06-20T00:00:00.000+05:30,7240
52732,2014-06-20T00:00:00.000+05:30,842
52739,2014-06-21T00:00:00.000+05:30,10398
52756,2014-06-21T00:00:00.000+05:30,10095
52763,2014-06-21T00:00:00.000+05:30,6316
52773,2014-06-21T00:00:00.000+05:30,6778
52780,2014-06-21T00:00:00.000+05:30,4270
52804,2014-06-21T00:00:00.000+05:30,3237
52806,2014-06-22T00:00:00.000+05:30,11175
52839,2014-06-22T00:00:00.000+05:30,11533
52845,2014-06-22T00:00:00.000+05:30,3756
52846,2014-06-22T00:00:00.000+05:30,8476
52857,2014-06-22T00:00:00.000+05:30,2800
52896,2014-06-23T00:00:00.000+05:30,10293
52910,2014-06-23T00:00:00.000+05:30,1638
52920,2014-06-23T00:00:00.000+05:30,1257
52926,2014-06-23T00:00:00.000+05:30,2763
52929,2014-06-23T00:00:00.000+05:30,11825
52931,2014-06-23T00:00:00.000+05:30,10152
52941,2014-06-23T00:00:00.000+05:30,10687
52945,2014-06-23T00:00:00.000+05:30,9328
52958,2014-06-23T00:00:00.000+05:30,7103
52963,2014-06-23T00:00:00.000+05:30,7990
52971,2014-06-23T00:00:00.000+05:30,5033
52991,2014-06-23T00:00:00.000+05:30,9472
52992,2014-06-23T00:00:00.000+05:30,7991
53003,2014-06-24T00:00:00.000+05:30,11313
53007,2014-06-24T00:00:00.000+05:30,10774
53014,2014-06-24T00:00:00.000+05:30,6151
53026,2014-06-24T00:00:00.000+05:30,8194
53030,2014-06-24T00:00:00.000+05:30,11932
53033,2014-06-24T00:00:00.000+05:30,415
53034,2014-06-24T00:00:00.000+05:30,1708
53060,2014-06-24T00:00:00.000+05:30,9646
53070,2014-06-24T00:00:00.000+05:30,1120
53076,2014-06-24T00:00:00.000+05:30,7503
53078,2014-06-24T00:00:00.000+05:30,2137
53080,2014-06-24T00:00:00.000+05:30,2115
53083,2014-06-24T00:00:00.000+05:30,11615
53093,2014-06-24T00:00:00.000+05:30,11455
53123,2014-06-25T00:00:00.000+05:30,11081
53141,2014-06-25T00:00:00.000+05:30,5193
53161,2014-06-25T00:00:00.000+05:30,5449
53164,2014-06-25T00:00:00.000+05:30,8633
53192,2014-06-25T00:00:00.000+05:30,2227
53196,2014-06-25T00:00:00.000+05:30,6343
53197,2014-06-25T00:00:00.000+05:30,4149
53200,2014-06-25T00:00:00.000+05:30,6100
53205,2014-06-25T00:00:00.000+05:30,9705
53210,2014-06-25T00:00:00.000+05:30,10158
53232,2014-06-25T00:00:00.000+05:30,7997
53245,2014-06-25T00:00:00.000+05:30,7433
53247,2014-06-25T00:00:00.000+05:30,7667
53254,2014-06-25T00:00:00.000+05:30,2698
53271,2014-06-25T00:00:00.000+05:30,7597
53276,2014-06-25T00:00:00.000+05:30,10726
53284,2014-06-25T00:00:00.000+05:30,12211
53289,2014-06-25T00:00:00.000+05:30,9476
53291,2014-06-25T00:00:00.000+05:30,9858
53297,2014-06-25T00:00:00.000+05:30,3686
53308,2014-06-25T00:00:00.000+05:30,4630
53310,2014-06-25T00:00:00.000+05:30,12414
53338,2014-06-26T00:00:00.000+05:30,5349
53353,2014-06-26T00:00:00.000+05:30,2957
53362,2014-06-26T00:00:00.000+05:30,7563
53375,2014-06-26T00:00:00.000+05:30,7054
53378,2014-06-26T00:00:00.000+05:30,9939
53396,2014-06-26T00:00:00.000+05:30,2407
53404,2014-06-26T00:00:00.000+05:30,5070
53409,2014-06-26T00:00:00.000+05:30,2021
53421,2014-06-26T00:00:00.000+05:30,9500
53423,2014-06-26T00:00:00.000+05:30,2177
53427,2014-06-26T00:00:00.000+05:30,6067
53433,2014-06-26T00:00:00.000+05:30,8292
53435,2014-06-26T00:00:00.000+05:30,8790
53441,2014-06-26T00:00:00.000+05:30,1345
53442,2014-06-26T00:00:00.000+05:30,4411
53447,2014-06-26T00:00:00.000+05:30,5497
53462,2014-06-26T00:00:00.000+05:30,125
53468,2014-06-27T00:00:00.000+05:30,3428
53488,2014-06-27T00:00:00.000+05:30,1072
53518,2014-06-27T00:00:00.000+05:30,5161
53528,2014-06-27T00:00:00.000+05:30,10940
53530,2014-06-27T00:00:00.000+05:30,6680
53533,2014-06-27T00:00:00.000+05:30,10625
53536,2014-06-27T00:00:00.000+05:30,12131
53543,2014-06-27T00:00:00.000+05:30,10076
53555,2014-06-27T00:00:00.000+05:30,5199
53559,2014-06-27T00:00:00.000+05:30,4663
53569,2014-06-27T00:00:00.000+05:30,1637
53594,2014-06-27T00:00:00.000+05:30,5555
53634,2014-06-27T00:00:00.000+05:30,2134
53639,2014-06-27T00:00:00.000+05:30,582
53660,2014-06-27T00:00:00.000+05:30,5002
53667,2014-06-27T00:00:00.000+05:30,8117
53669,2014-06-27T00:00:00.000+05:30,5714
53673,2014-06-27T00:00:00.000+05:30,5824
53682,2014-06-27T00:00:00.000+05:30,10669
53683,2014-06-27T00:00:00.000+05:30,5739
53689,2014-06-28T00:00:00.000+05:30,5865
53716,2014-06-28T00:00:00.000+05:30,7905
53733,2014-06-28T00:00:00.000+05:30,2356
53739,2014-06-28T00:00:00.000+05:30,6004
53745,2014-06-28T00:00:00.000+05:30,1475
53747,2014-06-28T00:00:00.000+05:30,11347
53753,2014-06-28T00:00:00.000+05:30,8668
53754,2014-06-28T00:00:00.000+05:30,2169
53758,2014-06-28T00:00:00.000+05:30,418
53768,2014-06-28T00:00:00.000+05:30,6840
53770,2014-06-28T00:00:00.000+05:30,6527
53775,2014-06-28T00:00:00.000+05:30,586
53781,2014-06-28T00:00:00.000+05:30,510
53788,2014-06-28T00:00:00.000+05:30,7619
53792,2014-06-29T00:00:00.000+05:30,4022
53794,2014-06-29T00:00:00.000+05:30,9307
53799,2014-06-29T00:00:00.000+05:30,8696
53806,2014-06-29T00:00:00.000+05:30,3578
53807,2014-06-29T00:00:00.000+05:30,2638
53813,2014-06-29T00:00:00.000+05:30,5503
53826,2014-06-29T00:00:00.000+05:30,9928
53837,2014-06-29T00:00:00.000+05:30,1561
53841,2014-06-29T00:00:00.000+05:30,11220
53868,2014-06-30T00:00:00.000+05:30,11605
53881,2014-06-30T00:00:00.000+05:30,10417
53898,2014-06-30T00:00:00.000+05:30,5030
53899,2014-06-30T00:00:00.000+05:30,7396
53921,2014-06-30T00:00:00.000+05:30,6434
53937,2014-06-30T00:00:00.000+05:30,4775
53949,2014-06-30T00:00:00.000+05:30,11050
53954,2014-06-30T00:00:00.000+05:30,5241
53956,2014-06-30T00:00:00.000+05:30,4275
53964,2014-06-30T00:00:00.000+05:30,9731
53977,2014-06-30T00:00:00.000+05:30,5236
54007,2014-07-01T00:00:00.000+05:30,11772
54018,2014-07-01T00:00:00.000+05:30,4034
54020,2014-07-01T00:00:00.000+05:30,3175
54061,2014-07-01T00:00:00.000+05:30,8578
54062,2014-07-01T00:00:00.000+05:30,4540
54069,2014-07-01T00:00:00.000+05:30,4390
54071,2014-07-01T00:00:00.000+05:30,11179
54079,2014-07-01T00:00:00.000+05:30,646
54086,2014-07-01T00:00:00.000+05:30,1803
54093,2014-07-01T00:00:00.000+05:30,12194
54113,2014-07-01T00:00:00.000+05:30,8690
54122,2014-07-01T00:00:00.000+05:30,4762
54135,2014-07-01T00:00:00.000+05:30,8556
54144,2014-07-01T00:00:00.000+05:30,9528
54159,2014-07-01T00:00:00.000+05:30,3262
54167,2014-07-02T00:00:00.000+05:30,6200
54185,2014-07-02T00:00:00.000+05:30,9853
54201,2014-07-02T00:00:00.000+05:30,7828
54206,2014-07-02T00:00:00.000+05:30,10133
54225,2014-07-02T00:00:00.000+05:30,685
54236,2014-07-02T00:00:00.000+05:30,12064
54244,2014-07-02T00:00:00.000+05:30,3440
54254,2014-07-02T00:00:00.000+05:30,7566
54255,2014-07-02T00:00:00.000+05:30,3220
54259,2014-07-02T00:00:00.000+05:30,518
54263,2014-07-02T00:00:00.000+05:30,2361
54282,2014-07-03T00:00:00.000+05:30,9901
54295,2014-07-03T00:00:00.000+05:30,2128
54306,2014-07-03T00:00:00.000+05:30,6032
54327,2014-07-03T00:00:00.000+05:30,8358
54333,2014-07-03T00:00:00.000+05:30,7744
54339,2014-07-03T00:00:00.000+05:30,7189
54350,2014-07-03T00:00:00.000+05:30,9
54353,2014-07-03T00:00:00.000+05:30,5337
54369,2014-07-03T00:00:00.000+05:30,3262
54377,2014-07-03T00:00:00.000+05:30,11405
54384,2014-07-03T00:00:00.000+05:30,481
54422,2014-07-03T00:00:00.000+05:30,12079
54432,2014-07-03T00:00:00.000+05:30,11681
54442,2014-07-04T00:00:00.000+05:30,12234
