34648,2014-02-23T00:00:00.000+05:30,6897
58254,2013-08-14T00:00:00.000+05:30,112
57266,2014-07-21T00:00:00.000+05:30,2907
29756,2014-01-25T00:00:00.000+05:30,11056
62938,2014-02-07T00:00:00.000+05:30,8340
36567,2014-03-06T00:00:00.000+05:30,10001
65044,2014-04-28T00:00:00.000+05:30,7167
53365,2014-06-26T00:00:00.000+05:30,1701
20145,2013-11-27T00:00:00.000+05:30,244
35214,2014-02-27T00:00:00.000+05:30,388
20467,2013-11-29T00:00:00.000+05:30,7252
58332,2013-08-16T00:00:00.000+05:30,6199
54210,2014-07-02T00:00:00.000+05:30,2147
37042,2014-03-10T00:00:00.000+05:30,4667
37701,2014-03-14T00:00:00.000+05:30,12226
20163,2013-11-27T00:00:00.000+05:30,6234
32727,2014-02-12T00:00:00.000+05:30,2565
48799,2014-05-24T00:00:00.000+05:30,9311
33610,2014-02-17T00:00:00.000+05:30,4980
56652,2014-07-18T00:00:00.000+05:30,2644
59688,2013-10-09T00:00:00.000+05:30,8220
24251,2013-12-22T00:00:00.000+05:30,7765
29954,2014-01-27T00:00:00.000+05:30,10173
37589,2014-03-13T00:00:00.000+05:30,4884
39482,2014-03-26T00:00:00.000+05:30,10975
66186,2014-06-10T00:00:00.000+05:30,9341
51804,2014-06-14T00:00:00.000+05:30,2180
3904,2013-08-17T00:00:00.000+05:30,4646
64701,2014-04-15T00:00:00.000+05:30,10568
55679,2014-07-12T00:00:00.000+05:30,8929
13117,2013-10-13T00:00:00.000+05:30,4604
6911,2013-09-06T00:00:00.000+05:30,3580
3278,2013-08-12T00:00:00.000+05:30,4195
4726,2013-08-23T00:00:00.000+05:30,1390
56789,2014-07-19T00:00:00.000+05:30,7260
25906,2014-01-01T00:00:00.000+05:30,10950
23710,2013-12-19T00:00:00.000+05:30,3926
35684,2014-03-01T00:00:00.000+05:30,6682
32433,2014-02-10T00:00:00.000+05:30,10809
4464,2013-08-20T00:00:00.000+05:30,6406
20549,2013-11-29T00:00:00.000+05:30,10131
47741,2014-05-16T00:00:00.000+05:30,9557
63649,2014-03-05T00:00:00.000+05:30,5053
9737,2013-09-24T00:00:00.000+05:30,9426
48260,2014-05-20T00:00:00.000+05:30,7179
66987,2014-07-09T00:00:00.000+05:30,8994
51848,2014-06-15T00:00:00.000+05:30,1562
7587,2013-09-09T00:00:00.000+05:30,10689
48319,2014-05-20T00:00:00.000+05:30,12332
17571,2013-11-11T00:00:00.000+05:30,3964
3778,2013-08-16T00:00:00.000+05:30,9375
63716,2014-03-07T00:00:00.000+05:30,12022
2254,2013-08-06T00:00:00.000+05:30,1850
28467,2014-01-16T00:00:00.000+05:30,4538
45254,2014-05-01T00:00:00.000+05:30,8546
26130,2014-01-03T00:00:00.000+05:30,5187
33447,2014-02-16T00:00:00.000+05:30,4067
43938,2014-04-23T00:00:00.000+05:30,5402
37198,2014-03-11T00:00:00.000+05:30,2927
46593,2014-05-10T00:00:00.000+05:30,7660
41454,2014-04-06T00:00:00.000+05:30,1748
29126,2014-01-21T00:00:00.000+05:30,3808
3207,2013-08-12T00:00:00.000+05:30,5810
52737,2014-06-20T00:00:00.000+05:30,10114
33500,2014-02-16T00:00:00.000+05:30,6235
30015,2014-01-27T00:00:00.000+05:30,3886
43110,2014-04-18T00:00:00.000+05:30,3859
198,2013-07-26T00:00:00.000+05:30,7436
42401,2014-04-12T00:00:00.000+05:30,10441
44541,2014-04-27T00:00:00.000+05:30,11164
34217,2014-02-20T00:00:00.000+05:30,7256
19417,2013-11-22T00:00:00.000+05:30,12079
13109,2013-10-13T00:00:00.000+05:30,7860
35061,2014-02-25T00:00:00.000+05:30,6774
38498,2014-03-19T00:00:00.000+05:30,10727
54660,2014-07-05T00:00:00.000+05:30,4974
20095,2013-11-27T00:00:00.000+05:30,122
31443,2014-02-04T00:00:00.000+05:30,2989
1104,2013-07-31T00:00:00.000+05:30,10883
64165,2014-03-26T00:00:00.000+05:30,6779
35816,2014-03-02T00:00:00.000+05:30,11042
49994,2014-06-02T00:00:00.000+05:30,3466
20472,2013-11-29T00:00:00.000+05:30,7208
24590,2013-12-24T00:00:00.000+05:30,3831
52358,2014-06-18T00:00:00.000+05:30,10713
48025,2014-05-18T00:00:00.000+05:30,1600
59034,2013-09-13T00:00:00.000+05:30,12363
57965,2013-08-02T00:00:00.000+05:30,9198
42965,2014-04-17T00:00:00.000+05:30,11177
21525,2013-12-04T00:00:00.000+05:30,1872
29695,2014-01-24T00:00:00.000+05:30,9157
31681,2014-02-06T00:00:00.000+05:30,9380
24903,2013-12-26T00:00:00.000+05:30,7571
52771,2014-06-21T00:00:00.000+05:30,4081
26058,2014-01-02T00:00:00.000+05:30,9051
37607,2014-03-13T00:00:00.000+05:30,10858
30133,2014-01-28T00:00:00.000+05:30,6835
23579,2013-12-18T00:00:00.000+05:30,1906
56357,2014-07-16T00:00:00.000+05:30,6268
58836,2013-09-05T00:00:00.000+05:30,10555
8972,2013-09-19T00:00:00.000+05:30,285
15527,2013-11-01T00:00:00.000+05:30,1695
3644,2013-08-15T00:00:00.000+05:30,7213
2649,2013-08-08T00:00:00.000+05:30,4137
16450,2013-11-05T00:00:00.000+05:30,9871
24726,2013-12-25T00:00:00.000+05:30,5179
49264,2014-05-28T00:00:00.000+05:30,2951
54765,2014-07-06T00:00:00.000+05:30,558
61543,2013-12-17T00:00:00.000+05:30,7109
61696,2013-12-22T00:00:00.000+05:30,8903
21071,2013-12-01T00:00:00.000+05:30,12384
30430,2014-01-30T00:00:00.000+05:30,4827
10705,2013-09-28T00:00:00.000+05:30,8091
14697,2013-10-26T00:00:00.000+05:30,3005
47883,2014-05-17T00:00:00.000+05:30,9489
39239,2014-03-24T00:00:00.000+05:30,10097
47296,2014-05-13T00:00:00.000+05:30,6590
47698,2014-05-16T00:00:00.000+05:30,7306
8871,2013-09-18T00:00:00.000+05:30,7771
25867,2013-12-31T00:00:00.000+05:30,8815
10055,2013-09-25T00:00:00.000+05:30,4067
10735,2013-09-29T00:00:00.000+05:30,79
68491,2014-05-24T00:00:00.000+05:30,7736
46311,2014-05-08T00:00:00.000+05:30,970
58086,2013-08-07T00:00:00.000+05:30,2692
57130,2014-07-20T00:00:00.000+05:30,9933
51647,2014-06-14T00:00:00.000+05:30,5158
68644,2014-07-09T00:00:00.000+05:30,4115
14245,2013-10-23T00:00:00.000+05:30,11804
32275,2014-02-09T00:00:00.000+05:30,7488
31262,2014-02-03T00:00:00.000+05:30,7206
36730,2014-03-07T00:00:00.000+05:30,11246
16860,2013-11-07T00:00:00.000+05:30,3161
12943,2013-10-12T00:00:00.000+05:30,585
42458,2014-04-12T00:00:00.000+05:30,7016
19626,2013-11-23T00:00:00.000+05:30,552
63286,2014-02-19T00:00:00.000+05:30,11088
17139,2013-11-09T00:00:00.000+05:30,5929
32362,2014-02-10T00:00:00.000+05:30,5654
514,2013-07-28T00:00:00.000+05:30,10962
54818,2014-07-07T00:00:00.000+05:30,10411
21288,2013-12-03T00:00:00.000+05:30,8086
38602,2014-03-20T00:00:00.000+05:30,1654
47504,2014-05-15T00:00:00.000+05:30,9749
34088,2014-02-19T00:00:00.000+05:30,12063
30923,2014-02-01T00:00:00.000+05:30,55
31662,2014-02-06T00:00:00.000+05:30,11422
19214,2013-11-21T00:00:00.000+05:30,10893
39441,2014-03-26T00:00:00.000+05:30,8509
23077,2013-12-15T00:00:00.000+05:30,10628
9058,2013-09-19T00:00:00.000+05:30,381
10175,2013-09-26T00:00:00.000+05:30,8631
46091,2014-05-06T00:00:00.000+05:30,9805
53803,2014-06-29T00:00:00.000+05:30,5352
45821,2014-05-05T00:00:00.000+05:30,9587
44798,2014-04-28T00:00:00.000+05:30,4472
41574,2014-04-08T00:00:00.000+05:30,5739
15825,2013-11-03T00:00:00.000+05:30,12309
2240,2013-08-06T00:00:00.000+05:30,1984
23213,2013-12-15T00:00:00.000+05:30,9864
53130,2014-06-25T00:00:00.000+05:30,7672
3180,2013-08-12T00:00:00.000+05:30,10252
19680,2013-11-24T00:00:00.000+05:30,5122
25742,2013-12-31T00:00:00.000+05:30,4912
55244,2014-07-09T00:00:00.000+05:30,1367
19279,2013-11-22T00:00:00.000+05:30,7484
7154,2013-09-07T00:00:00.000+05:30,5546
36931,2014-03-10T00:00:00.000+05:30,12140
3183,2013-08-12T00:00:00.000+05:30,4216
37099,2014-03-10T00:00:00.000+05:30,9654
39394,2014-03-25T00:00:00.000+05:30,4751
52290,2014-06-18T00:00:00.000+05:30,4308
61815,2013-12-27T00:00:00.000+05:30,1206
6575,2013-09-04T00:00:00.000+05:30,8658
48898,2014-05-25T00:00:00.000+05:30,4938
36476,2014-03-06T00:00:00.000+05:30,10303
29565,2014-01-23T00:00:00.000+05:30,8837
53593,2014-06-27T00:00:00.000+05:30,9712
50842,2014-06-08T00:00:00.000+05:30,6234
30156,2014-01-28T00:00:00.000+05:30,1524
34645,2014-02-23T00:00:00.000+05:30,736
18808,2013-11-19T00:00:00.000+05:30,6725
57583,2014-07-23T00:00:00.000+05:30,9221
58986,2013-09-11T00:00:00.000+05:30,960
37389,2014-03-12T00:00:00.000+05:30,6631
6848,2013-09-06T00:00:00.000+05:30,3907
8090,2013-09-13T00:00:00.000+05:30,5097
27078,2014-01-09T00:00:00.000+05:30,6961
44093,2014-04-24T00:00:00.000+05:30,2539
42779,2014-04-15T00:00:00.000+05:30,4454
43496,2014-04-21T00:00:00.000+05:30,818
60200,2013-10-29T00:00:00.000+05:30,1916
49945,2014-06-02T00:00:00.000+05:30,10639
5415,2013-08-26T00:00:00.000+05:30,12371
35017,2014-02-25T00:00:00.000+05:30,2948
13248,2013-10-14T00:00:00.000+05:30,596
33287,2014-02-15T00:00:00.000+05:30,8266
21216,2013-12-03T00:00:00.000+05:30,11836
31632,2014-02-06T00:00:00.000+05:30,6047
14859,2013-10-27T00:00:00.000+05:30,1266
22458,2013-12-10T00:00:00.000+05:30,1582
2466,2013-08-07T00:00:00.000+05:30,2285
32417,2014-02-10T00:00:00.000+05:30,6835
35499,2014-02-28T00:00:00.000+05:30,3789
21981,2013-12-06T00:00:00.000+05:30,12154
21927,2013-12-06T00:00:00.000+05:30,4732
52676,2014-06-20T00:00:00.000+05:30,2128
22332,2013-12-09T00:00:00.000+05:30,3595
43237,2014-04-19T00:00:00.000+05:30,601
58957,2013-09-09T00:00:00.000+05:30,3085
45712,2014-05-04T00:00:00.000+05:30,4276
19401,2013-11-22T00:00:00.000+05:30,1643
25840,2013-12-31T00:00:00.000+05:30,8027
11157,2013-10-02T00:00:00.000+05:30,7901
19476,2013-11-23T00:00:00.000+05:30,2958
38970,2014-03-22T00:00:00.000+05:30,3281
40190,2014-03-30T00:00:00.000+05:30,541
15569,2013-11-01T00:00:00.000+05:30,5151
9199,2013-09-21T00:00:00.000+05:30,1374
3466,2013-08-14T00:00:00.000+05:30,10312
4691,2013-08-22T00:00:00.000+05:30,5371
42015,2014-04-10T00:00:00.000+05:30,12406
2027,2013-08-05T00:00:00.000+05:30,8357
20558,2013-11-29T00:00:00.000+05:30,8668
68379,2014-04-23T00:00:00.000+05:30,8018
58622,2013-08-27T00:00:00.000+05:30,7985
36473,2014-03-06T00:00:00.000+05:30,9973
26274,2014-01-03T00:00:00.000+05:30,11834
64014,2014-03-20T00:00:00.000+05:30,1812
5196,2013-08-25T00:00:00.000+05:30,9899
16353,2013-11-05T00:00:00.000+05:30,9731
14167,2013-10-22T00:00:00.000+05:30,11196
54898,2014-07-07T00:00:00.000+05:30,5156
57540,2014-07-23T00:00:00.000+05:30,11857
63455,2014-02-26T00:00:00.000+05:30,6747
43552,2014-04-21T00:00:00.000+05:30,3663
21627,2013-12-05T00:00:00.000+05:30,4079
50509,2014-06-06T00:00:00.000+05:30,2083
17846,2013-11-12T00:00:00.000+05:30,3222
5660,2013-08-29T00:00:00.000+05:30,2768
56968,2014-07-20T00:00:00.000+05:30,10639
56465,2014-07-17T00:00:00.000+05:30,1200
65798,2014-05-28T00:00:00.000+05:30,4249
39080,2014-03-23T00:00:00.000+05:30,9965
27444,2014-01-11T00:00:00.000+05:30,4882
36747,2014-03-07T00:00:00.000+05:30,3235
59893,2013-10-16T00:00:00.000+05:30,7383
27368,2014-01-11T00:00:00.000+05:30,5670
31951,2014-02-07T00:00:00.000+05:30,5808
19152,2013-11-21T00:00:00.000+05:30,1978
9149,2013-09-20T00:00:00.000+05:30,5805
29403,2014-01-22T00:00:00.000+05:30,520
1409,2013-08-01T00:00:00.000+05:30,1905
47420,2014-05-14T00:00:00.000+05:30,1881
53087,2014-06-24T00:00:00.000+05:30,10252
67245,2014-07-19T00:00:00.000+05:30,10103
29534,2014-01-23T00:00:00.000+05:30,10429
54967,2014-07-08T00:00:00.000+05:30,2961
48585,2014-05-22T00:00:00.000+05:30,5168
35897,2014-03-03T00:00:00.000+05:30,1801
61538,2013-12-17T00:00:00.000+05:30,6214
50324,2014-06-05T00:00:00.000+05:30,9031
53861,2014-06-29T00:00:00.000+05:30,8025
14135,2013-10-21T00:00:00.000+05:30,7332
46304,2014-05-08T00:00:00.000+05:30,12107
7673,2013-09-10T00:00:00.000+05:30,2497
4673,2013-08-22T00:00:00.000+05:30,140
48292,2014-05-20T00:00:00.000+05:30,7626
52801,2014-06-21T00:00:00.000+05:30,2413
13678,2013-10-18T00:00:00.000+05:30,7505
5214,2013-08-25T00:00:00.000+05:30,3021
975,2013-07-30T00:00:00.000+05:30,638
4225,2013-08-18T00:00:00.000+05:30,6459
33912,2014-02-18T00:00:00.000+05:30,1711
25269,2013-12-28T00:00:00.000+05:30,10374
34411,2014-02-21T00:00:00.000+05:30,4196
34022,2014-02-19T00:00:00.000+05:30,450
27885,2014-01-13T00:00:00.000+05:30,11225
62642,2014-01-27T00:00:00.000+05:30,4866
54314,2014-07-03T00:00:00.000+05:30,10841
45151,2014-04-30T00:00:00.000+05:30,11892
60754,2013-11-19T00:00:00.000+05:30,7777
34583,2014-02-23T00:00:00.000+05:30,1558
12700,2013-10-11T00:00:00.000+05:30,4552
5720,2013-08-29T00:00:00.000+05:30,11100
24467,2013-12-23T00:00:00.000+05:30,10748
43145,2014-04-18T00:00:00.000+05:30,502
49820,2014-06-01T00:00:00.000+05:30,12146
23675,2013-12-19T00:00:00.000+05:30,7135
32667,2014-02-11T00:00:00.000+05:30,2748
50508,2014-06-06T00:00:00.000+05:30,3372
65579,2014-05-18T00:00:00.000+05:30,3392
65129,2014-05-02T00:00:00.000+05:30,1006
38056,2014-03-16T00:00:00.000+05:30,11789
67010,2014-07-09T00:00:00.000+05:30,10125
30664,2014-01-31T00:00:00.000+05:30,4133
6709,2013-09-05T00:00:00.000+05:30,1246
23007,2013-12-14T00:00:00.000+05:30,656
50970,2014-06-09T00:00:00.000+05:30,2890
18568,2013-11-17T00:00:00.000+05:30,7316
50093,2014-06-03T00:00:00.000+05:30,2878
30358,2014-01-30T00:00:00.000+05:30,107
21050,2013-12-01T00:00:00.000+05:30,4627
57760,2013-07-25T00:00:00.000+05:30,8330
64572,2014-04-11T00:00:00.000+05:30,1921
40803,2014-04-02T00:00:00.000+05:30,7783
25525,2013-12-30T00:00:00.000+05:30,10192
35944,2014-03-03T00:00:00.000+05:30,8790
58327,2013-08-16T00:00:00.000+05:30,10842
27057,2014-01-09T00:00:00.000+05:30,5318
35591,2014-03-01T00:00:00.000+05:30,9564
31162,2014-02-02T00:00:00.000+05:30,11391
7335,2013-09-08T00:00:00.000+05:30,5447
6845,2013-09-06T00:00:00.000+05:30,655
36356,2014-03-05T00:00:00.000+05:30,11595
51454,2014-06-13T00:00:00.000+05:30,1659
50714,2014-06-08T00:00:00.000+05:30,7600
4259,2013-08-19T00:00:00.000+05:30,764
34061,2014-02-19T00:00:00.000+05:30,6341
507,2013-07-27T00:00:00.000+05:30,4730
43102,2014-04-18T00:00:00.000+05:30,1181
3455,2013-08-14T00:00:00.000+05:30,8607
53097,2014-06-24T00:00:00.000+05:30,11989
63934,2014-03-18T00:00:00.000+05:30,5626
34292,2014-02-21T00:00:00.000+05:30,6024
61667,2013-12-22T00:00:00.000+05:30,5284
54796,2014-07-06T00:00:00.000+05:30,2158
17589,2013-11-11T00:00:00.000+05:30,7834
42801,2014-04-15T00:00:00.000+05:30,11453
11979,2013-10-06T00:00:00.000+05:30,11645
29351,2014-01-22T00:00:00.000+05:30,5486
44416,2014-04-26T00:00:00.000+05:30,8368
8653,2013-09-17T00:00:00.000+05:30,5245
38922,2014-03-22T00:00:00.000+05:30,6125
34464,2014-02-22T00:00:00.000+05:30,4580
48780,2014-05-24T00:00:00.000+05:30,7339
44058,2014-04-24T00:00:00.000+05:30,4516
26882,2014-01-07T00:00:00.000+05:30,9701
25470,2013-12-30T00:00:00.000+05:30,2055
52088,2014-06-16T00:00:00.000+05:30,89
31430,2014-02-04T00:00:00.000+05:30,8998
8403,2013-09-15T00:00:00.000+05:30,2426
50000,2014-06-02T00:00:00.000+05:30,6827
67133,2014-07-15T00:00:00.000+05:30,5197
10346,2013-09-27T00:00:00.000+05:30,7723
41733,2014-04-08T00:00:00.000+05:30,2759
23931,2013-12-20T00:00:00.000+05:30,10523
25813,2013-12-31T00:00:00.000+05:30,9378
1831,2013-08-03T00:00:00.000+05:30,9699
8543,2013-09-16T00:00:00.000+05:30,7601
64364,2014-04-05T00:00:00.000+05:30,2921
6461,2013-09-03T00:00:00.000+05:30,564
36451,2014-03-05T00:00:00.000+05:30,4996
64638,2014-04-13T00:00:00.000+05:30,1677
7421,2013-09-09T00:00:00.000+05:30,8814
10987,2013-09-30T00:00:00.000+05:30,5432
21885,2013-12-06T00:00:00.000+05:30,10713
45300,2014-05-02T00:00:00.000+05:30,4989
68375,2014-04-22T00:00:00.000+05:30,9709
39444,2014-03-26T00:00:00.000+05:30,4235
50103,2014-06-03T00:00:00.000+05:30,6863
7352,2013-09-08T00:00:00.000+05:30,8116
27473,2014-01-11T00:00:00.000+05:30,12357
55530,2014-07-11T00:00:00.000+05:30,3203
19827,2013-11-24T00:00:00.000+05:30,6057
68616,2014-06-29T00:00:00.000+05:30,1475
44805,2014-04-28T00:00:00.000+05:30,9437
32349,2014-02-10T00:00:00.000+05:30,2317
2002,2013-08-04T00:00:00.000+05:30,9355
49419,2014-05-29T00:00:00.000+05:30,9599
58822,2013-09-04T00:00:00.000+05:30,1974
66114,2014-06-08T00:00:00.000+05:30,3749
52265,2014-06-18T00:00:00.000+05:30,8442
15933,2013-11-03T00:00:00.000+05:30,10266
22551,2013-12-10T00:00:00.000+05:30,11183
22048,2013-12-07T00:00:00.000+05:30,10280
47570,2014-05-15T00:00:00.000+05:30,3728
2353,2013-08-06T00:00:00.000+05:30,4186
23175,2013-12-15T00:00:00.000+05:30,8430
16516,2013-11-05T00:00:00.000+05:30,6827
68714,2013-09-06T00:00:00.000+05:30,8889
34522,2014-02-22T00:00:00.000+05:30,3289
53825,2014-06-29T00:00:00.000+05:30,7479
34355,2014-02-21T00:00:00.000+05:30,9812
292,2013-07-26T00:00:00.000+05:30,11971
64863,2014-04-22T00:00:00.000+05:30,6806
61450,2013-12-14T00:00:00.000+05:30,4904
10545,2013-09-27T00:00:00.000+05:30,10180
9861,2013-09-24T00:00:00.000+05:30,3640
9850,2013-09-24T00:00:00.000+05:30,3615
15532,2013-11-01T00:00:00.000+05:30,1713
956,2013-07-30T00:00:00.000+05:30,4484
39401,2014-03-25T00:00:00.000+05:30,2292
13447,2013-10-15T00:00:00.000+05:30,2770
46771,2014-05-11T00:00:00.000+05:30,7654
15531,2013-11-01T00:00:00.000+05:30,2209
49104,2014-05-26T00:00:00.000+05:30,832
49716,2014-05-31T00:00:00.000+05:30,4954
43760,2014-04-22T00:00:00.000+05:30,4366
10720,2013-09-28T00:00:00.000+05:30,9312
54362,2014-07-03T00:00:00.000+05:30,3314
68006,2014-01-12T00:00:00.000+05:30,6842
1046,2013-07-30T00:00:00.000+05:30,11047
35572,2014-03-01T00:00:00.000+05:30,4574
1915,2013-08-04T00:00:00.000+05:30,3241
61517,2013-12-17T00:00:00.000+05:30,8892
5813,2013-08-29T00:00:00.000+05:30,415
5935,2013-08-30T00:00:00.000+05:30,6932
5921,2013-08-30T00:00:00.000+05:30,4007
11061,2013-10-01T00:00:00.000+05:30,698
21759,2013-12-05T00:00:00.000+05:30,11434
67643,2013-09-22T00:00:00.000+05:30,3463
58290,2013-08-14T00:00:00.000+05:30,2936
27037,2014-01-09T00:00:00.000+05:30,6488
31063,2014-02-02T00:00:00.000+05:30,2897
67284,2014-07-20T00:00:00.000+05:30,4605
25937,2014-01-01T00:00:00.000+05:30,9405
46545,2014-05-09T00:00:00.000+05:30,11254
48810,2014-05-24T00:00:00.000+05:30,11302
38856,2014-03-21T00:00:00.000+05:30,5928
67662,2013-09-29T00:00:00.000+05:30,4789
19259,2013-11-22T00:00:00.000+05:30,979
15088,2013-10-28T00:00:00.000+05:30,7166
59903,2013-10-17T00:00:00.000+05:30,4394
61581,2013-12-18T00:00:00.000+05:30,8422
60248,2013-10-31T00:00:00.000+05:30,9085
4575,2013-08-22T00:00:00.000+05:30,3462
12649,2013-10-11T00:00:00.000+05:30,2789
31399,2014-02-04T00:00:00.000+05:30,2940
50787,2014-06-08T00:00:00.000+05:30,10428
39034,2014-03-22T00:00:00.000+05:30,10167
59436,2013-09-29T00:00:00.000+05:30,4758
53738,2014-06-28T00:00:00.000+05:30,5245
61903,2014-01-01T00:00:00.000+05:30,4518
2079,2013-08-05T00:00:00.000+05:30,881
51975,2014-06-16T00:00:00.000+05:30,2956
50021,2014-06-02T00:00:00.000+05:30,303
26217,2014-01-03T00:00:00.000+05:30,5283
67950,2013-12-26T00:00:00.000+05:30,11048
6618,2013-09-05T00:00:00.000+05:30,1167
17500,2013-11-11T00:00:00.000+05:30,2347
24004,2013-12-21T00:00:00.000+05:30,4272
55598,2014-07-12T00:00:00.000+05:30,7791
6925,2013-09-06T00:00:00.000+05:30,11858
531,2013-07-28T00:00:00.000+05:30,1950
38476,2014-03-19T00:00:00.000+05:30,6385
66885,2014-07-05T00:00:00.000+05:30,4907
48708,2014-05-23T00:00:00.000+05:30,10908
18508,2013-11-16T00:00:00.000+05:30,7202
12710,2013-10-11T00:00:00.000+05:30,4597
63320,2014-02-21T00:00:00.000+05:30,6611
65685,2014-05-22T00:00:00.000+05:30,2790
50485,2014-06-06T00:00:00.000+05:30,11096
5123,2013-08-25T00:00:00.000+05:30,2422
13169,2013-10-13T00:00:00.000+05:30,8649
20637,2013-11-29T00:00:00.000+05:30,8437
20530,2013-11-29T00:00:00.000+05:30,1301
6551,2013-09-04T00:00:00.000+05:30,4401
63998,2014-03-20T00:00:00.000+05:30,4897
43477,2014-04-20T00:00:00.000+05:30,458
9066,2013-09-19T00:00:00.000+05:30,7100
39481,2014-03-26T00:00:00.000+05:30,10096
6966,2013-09-06T00:00:00.000+05:30,7827
22160,2013-12-07T00:00:00.000+05:30,4667
31790,2014-02-06T00:00:00.000+05:30,8321
7694,2013-09-10T00:00:00.000+05:30,3684
9916,2013-09-25T00:00:00.000+05:30,12179
1394,2013-08-01T00:00:00.000+05:30,6857
2612,2013-08-08T00:00:00.000+05:30,9879
18546,2013-11-17T00:00:00.000+05:30,4337
55400,2014-07-10T00:00:00.000+05:30,5427
48785,2014-05-24T00:00:00.000+05:30,11422
49088,2014-05-26T00:00:00.000+05:30,4210
31763,2014-02-06T00:00:00.000+05:30,149
23582,2013-12-18T00:00:00.000+05:30,10178
16730,2013-11-06T00:00:00.000+05:30,5231
17330,2013-11-09T00:00:00.000+05:30,5314
12989,2013-10-13T00:00:00.000+05:30,596
24245,2013-12-22T00:00:00.000+05:30,8064
23067,2013-12-15T00:00:00.000+05:30,5099
36635,2014-03-06T00:00:00.000+05:30,10062
15119,2013-10-29T00:00:00.000+05:30,5661
60410,2013-11-05T00:00:00.000+05:30,7250
41154,2014-04-04T00:00:00.000+05:30,9666
13145,2013-10-13T00:00:00.000+05:30,6240
64342,2014-04-04T00:00:00.000+05:30,12334
38473,2014-03-19T00:00:00.000+05:30,10809
5425,2013-08-26T00:00:00.000+05:30,8217
54564,2014-07-05T00:00:00.000+05:30,9927
65446,2014-05-12T00:00:00.000+05:30,424
10254,2013-09-26T00:00:00.000+05:30,6585
61974,2014-01-04T00:00:00.000+05:30,3738
59240,2013-09-22T00:00:00.000+05:30,1531
13292,2013-10-14T00:00:00.000+05:30,2978
43174,2014-04-18T00:00:00.000+05:30,6581
38150,2014-03-16T00:00:00.000+05:30,11707
50270,2014-06-05T00:00:00.000+05:30,9415
68204,2014-03-03T00:00:00.000+05:30,12349
59831,2013-10-14T00:00:00.000+05:30,6250
17303,2013-11-09T00:00:00.000+05:30,7488
17536,2013-11-11T00:00:00.000+05:30,8395
36940,2014-03-10T00:00:00.000+05:30,3626
39129,2014-03-23T00:00:00.000+05:30,399
46030,2014-05-06T00:00:00.000+05:30,11586
30808,2014-02-01T00:00:00.000+05:30,4484
35985,2014-03-03T00:00:00.000+05:30,10885
46316,2014-05-08T00:00:00.000+05:30,11248
24510,2013-12-24T00:00:00.000+05:30,8385
64930,2014-04-24T00:00:00.000+05:30,10969
9757,2013-09-24T00:00:00.000+05:30,6154
21634,2013-12-05T00:00:00.000+05:30,83
36099,2014-03-04T00:00:00.000+05:30,8124
53259,2014-06-25T00:00:00.000+05:30,4135
48671,2014-05-23T00:00:00.000+05:30,4491
52311,2014-06-18T00:00:00.000+05:30,8458
56976,2014-07-20T00:00:00.000+05:30,11813
784,2013-07-29T00:00:00.000+05:30,3321
53199,2014-06-25T00:00:00.000+05:30,1042
15222,2013-10-30T00:00:00.000+05:30,5676
44424,2014-04-26T00:00:00.000+05:30,2360
5922,2013-08-30T00:00:00.000+05:30,1737
50304,2014-06-05T00:00:00.000+05:30,814
62712,2014-01-29T00:00:00.000+05:30,10456
816,2013-07-29T00:00:00.000+05:30,794
1763,2013-08-03T00:00:00.000+05:30,4914
52446,2014-06-19T00:00:00.000+05:30,1236
43007,2014-04-17T00:00:00.000+05:30,10972
30043,2014-01-27T00:00:00.000+05:30,10442
24272,2013-12-22T00:00:00.000+05:30,11195
58958,2013-09-09T00:00:00.000+05:30,313
5616,2013-08-28T00:00:00.000+05:30,3077
29223,2014-01-21T00:00:00.000+05:30,8065
5218,2013-08-25T00:00:00.000+05:30,7136
3203,2013-08-12T00:00:00.000+05:30,11202
7569,2013-09-09T00:00:00.000+05:30,10671
24785,2013-12-25T00:00:00.000+05:30,9456
8697,2013-09-18T00:00:00.000+05:30,2908
39573,2014-03-26T00:00:00.000+05:30,11407
43082,2014-04-18T00:00:00.000+05:30,1877
67125,2014-07-15T00:00:00.000+05:30,11068
7336,2013-09-08T00:00:00.000+05:30,9821
45178,2014-05-01T00:00:00.000+05:30,4021
64197,2014-03-28T00:00:00.000+05:30,6449
39422,2014-03-26T00:00:00.000+05:30,435
26388,2014-01-05T00:00:00.000+05:30,4886
44818,2014-04-28T00:00:00.000+05:30,8423
57580,2014-07-23T00:00:00.000+05:30,4049
47050,2014-05-12T00:00:00.000+05:30,8410
26624,2014-01-06T00:00:00.000+05:30,691
52877,2014-06-22T00:00:00.000+05:30,11387
29097,2014-01-21T00:00:00.000+05:30,2260
59982,2013-10-19T00:00:00.000+05:30,5014
67737,2013-10-24T00:00:00.000+05:30,11393
41,2013-07-25T00:00:00.000+05:30,8136
64496,2014-04-09T00:00:00.000+05:30,1052
45578,2014-05-03T00:00:00.000+05:30,6893
34270,2014-02-20T00:00:00.000+05:30,9925
47901,2014-05-17T00:00:00.000+05:30,3650
17127,2013-11-09T00:00:00.000+05:30,5732
15662,2013-11-01T00:00:00.000+05:30,11093
11937,2013-10-06T00:00:00.000+05:30,1797
63844,2014-03-14T00:00:00.000+05:30,12313
55134,2014-07-08T00:00:00.000+05:30,6493
30892,2014-02-01T00:00:00.000+05:30,4424
68715,2013-09-09T00:00:00.000+05:30,12034
7120,2013-09-07T00:00:00.000+05:30,9114
48040,2014-05-18T00:00:00.000+05:30,9150
15688,2013-11-02T00:00:00.000+05:30,6989
8635,2013-09-17T00:00:00.000+05:30,1656
68777,2014-01-02T00:00:00.000+05:30,11022
16971,2013-11-08T00:00:00.000+05:30,9393
17223,2013-11-09T00:00:00.000+05:30,12091
62451,2014-01-21T00:00:00.000+05:30,2444
9575,2013-09-23T00:00:00.000+05:30,9747
57864,2013-07-29T00:00:00.000+05:30,8807
52002,2014-06-16T00:00:00.000+05:30,4100
13367,2013-10-15T00:00:00.000+05:30,12084
16977,2013-11-08T00:00:00.000+05:30,8987
46858,2014-05-11T00:00:00.000+05:30,5659
53619,2014-06-27T00:00:00.000+05:30,9094
40718,2014-04-02T00:00:00.000+05:30,8061
34243,2014-02-20T00:00:00.000+05:30,11503
57384,2014-07-22T00:00:00.000+05:30,8897
25160,2013-12-27T00:00:00.000+05:30,10446
50519,2014-06-07T00:00:00.000+05:30,3623
68499,2014-05-26T00:00:00.000+05:30,10220
64689,2014-04-15T00:00:00.000+05:30,497
17505,2013-11-11T00:00:00.000+05:30,9616
37961,2014-03-15T00:00:00.000+05:30,8528
57181,2014-07-21T00:00:00.000+05:30,2186
52399,2014-06-18T00:00:00.000+05:30,6799
34117,2014-02-19T00:00:00.000+05:30,938
43943,2014-04-23T00:00:00.000+05:30,10291
31715,2014-02-06T00:00:00.000+05:30,3389
49163,2014-05-27T00:00:00.000+05:30,7926
11216,2013-10-02T00:00:00.000+05:30,7722
42859,2014-04-16T00:00:00.000+05:30,3421
25992,2014-01-02T00:00:00.000+05:30,11202
43236,2014-04-19T00:00:00.000+05:30,3297
53267,2014-06-25T00:00:00.000+05:30,3926
68633,2014-07-05T00:00:00.000+05:30,10481
49412,2014-05-29T00:00:00.000+05:30,7033
6873,2013-09-06T00:00:00.000+05:30,3765
24135,2013-12-21T00:00:00.000+05:30,11401
22982,2013-12-13T00:00:00.000+05:30,11272
33841,2014-02-18T00:00:00.000+05:30,1071
33616,2014-02-17T00:00:00.000+05:30,4194
38854,2014-03-21T00:00:00.000+05:30,677
42996,2014-04-17T00:00:00.000+05:30,6216
13683,2013-10-18T00:00:00.000+05:30,221
11234,2013-10-02T00:00:00.000+05:30,4861
35147,2014-02-26T00:00:00.000+05:30,7711
30368,2014-01-30T00:00:00.000+05:30,5484
53448,2014-06-26T00:00:00.000+05:30,9070
53580,2014-06-27T00:00:00.000+05:30,2466
34971,2014-02-25T00:00:00.000+05:30,1669
25681,2013-12-31T00:00:00.000+05:30,10136
3793,2013-08-16T00:00:00.000+05:30,6564
59063,2013-09-14T00:00:00.000+05:30,6287
32699,2014-02-12T00:00:00.000+05:30,7575
1079,2013-07-31T00:00:00.000+05:30,10348
5809,2013-08-29T00:00:00.000+05:30,9746
19453,2013-11-23T00:00:00.000+05:30,3261
66090,2014-06-07T00:00:00.000+05:30,1017
18261,2013-11-14T00:00:00.000+05:30,6729
25770,2013-12-31T00:00:00.000+05:30,4434
17808,2013-11-12T00:00:00.000+05:30,2215
5146,2013-08-25T00:00:00.000+05:30,10210
54008,2014-07-01T00:00:00.000+05:30,10453
44354,2014-04-26T00:00:00.000+05:30,2254
45735,2014-05-05T00:00:00.000+05:30,11156
33669,2014-02-17T00:00:00.000+05:30,1068
51549,2014-06-13T00:00:00.000+05:30,9071
56499,2014-07-17T00:00:00.000+05:30,1045
52905,2014-06-23T00:00:00.000+05:30,2581
41729,2014-04-08T00:00:00.000+05:30,5828
3599,2013-08-15T00:00:00.000+05:30,2224
58013,2013-08-04T00:00:00.000+05:30,3116
53370,2014-06-26T00:00:00.000+05:30,4815
54602,2014-07-05T00:00:00.000+05:30,3829
20989,2013-12-01T00:00:00.000+05:30,5461
40313,2014-03-31T00:00:00.000+05:30,3897
17277,2013-11-09T00:00:00.000+05:30,9968
27795,2014-01-13T00:00:00.000+05:30,3655
42654,2014-04-14T00:00:00.000+05:30,8934
53628,2014-06-27T00:00:00.000+05:30,2164
10900,2013-09-30T00:00:00.000+05:30,8266
38491,2014-03-19T00:00:00.000+05:30,11627
51887,2014-06-15T00:00:00.000+05:30,3504
28820,2014-01-19T00:00:00.000+05:30,4505
23843,2013-12-20T00:00:00.000+05:30,9777
10846,2013-09-30T00:00:00.000+05:30,4550
19532,2013-11-23T00:00:00.000+05:30,8852
289,2013-07-26T00:00:00.000+05:30,1195
61593,2013-12-19T00:00:00.000+05:30,11019
53103,2014-06-25T00:00:00.000+05:30,9501
12837,2013-10-12T00:00:00.000+05:30,6581
28133,2014-01-15T00:00:00.000+05:30,1275
54455,2014-07-04T00:00:00.000+05:30,194
35907,2014-03-03T00:00:00.000+05:30,2509
15906,2013-11-03T00:00:00.000+05:30,27
16761,2013-11-06T00:00:00.000+05:30,11722
26705,2014-01-06T00:00:00.000+05:30,9052
47415,2014-05-14T00:00:00.000+05:30,5691
42601,2014-04-13T00:00:00.000+05:30,1906
51479,2014-06-13T00:00:00.000+05:30,3531
43045,2014-04-18T00:00:00.000+05:30,3775
24753,2013-12-25T00:00:00.000+05:30,7948
56903,2014-07-19T00:00:00.000+05:30,2150
45582,2014-05-03T00:00:00.000+05:30,4049
25587,2013-12-30T00:00:00.000+05:30,2569
25042,2013-12-26T00:00:00.000+05:30,10291
16491,2013-11-05T00:00:00.000+05:30,9855
6401,2013-09-03T00:00:00.000+05:30,2287
12490,2013-10-09T00:00:00.000+05:30,1372
31885,2014-02-07T00:00:00.000+05:30,2139
54961,2014-07-08T00:00:00.000+05:30,9816
33845,2014-02-18T00:00:00.000+05:30,2507
15333,2013-10-31T00:00:00.000+05:30,5658
31857,2014-02-07T00:00:00.000+05:30,7845
16201,2013-11-04T00:00:00.000+05:30,137
16721,2013-11-06T00:00:00.000+05:30,4029
3993,2013-08-17T00:00:00.000+05:30,7201
15545,2013-11-01T00:00:00.000+05:30,4127
14377,2013-10-23T00:00:00.000+05:30,777
10402,2013-09-27T00:00:00.000+05:30,2870
54963,2014-07-08T00:00:00.000+05:30,6623
66864,2014-07-05T00:00:00.000+05:30,12301
25499,2013-12-30T00:00:00.000+05:30,676
37408,2014-03-12T00:00:00.000+05:30,10557
60526,2013-11-10T00:00:00.000+05:30,10871
28240,2014-01-15T00:00:00.000+05:30,4324
51402,2014-06-12T00:00:00.000+05:30,6342
22542,2013-12-10T00:00:00.000+05:30,5797
65933,2014-06-02T00:00:00.000+05:30,9128
35500,2014-02-28T00:00:00.000+05:30,11897
25295,2013-12-28T00:00:00.000+05:30,7682
10393,2013-09-27T00:00:00.000+05:30,8223
20108,2013-11-27T00:00:00.000+05:30,725
9435,2013-09-22T00:00:00.000+05:30,11623
49733,2014-06-01T00:00:00.000+05:30,8572
33255,2014-02-15T00:00:00.000+05:30,10362
2181,2013-08-06T00:00:00.000+05:30,6677
67324,2014-07-22T00:00:00.000+05:30,12378
38010,2014-03-15T00:00:00.000+05:30,8869
61911,2014-01-01T00:00:00.000+05:30,6048
25505,2013-12-30T00:00:00.000+05:30,9619
41150,2014-04-04T00:00:00.000+05:30,4524
9445,2013-09-22T00:00:00.000+05:30,10718
36626,2014-03-06T00:00:00.000+05:30,11109
1219,2013-07-31T00:00:00.000+05:30,6728
33749,2014-02-18T00:00:00.000+05:30,5160
610,2013-07-28T00:00:00.000+05:30,1866
42884,2014-04-16T00:00:00.000+05:30,3369
18313,2013-11-14T00:00:00.000+05:30,5992
56449,2014-07-17T00:00:00.000+05:30,9609
40128,2014-03-30T00:00:00.000+05:30,6022
24562,2013-12-24T00:00:00.000+05:30,7519
30161,2014-01-28T00:00:00.000+05:30,2660
43423,2014-04-20T00:00:00.000+05:30,10799
10931,2013-09-30T00:00:00.000+05:30,874
29601,2014-01-23T00:00:00.000+05:30,11406
26531,2014-01-05T00:00:00.000+05:30,8264
53168,2014-06-25T00:00:00.000+05:30,10817
16562,2013-11-06T00:00:00.000+05:30,2568
9762,2013-09-24T00:00:00.000+05:30,1527
49884,2014-06-02T00:00:00.000+05:30,12042
45294,2014-05-02T00:00:00.000+05:30,525
23723,2013-12-19T00:00:00.000+05:30,6630
14549,2013-10-24T00:00:00.000+05:30,1792
27,2013-07-25T00:00:00.000+05:30,3241
28121,2014-01-15T00:00:00.000+05:30,12135
14921,2013-10-27T00:00:00.000+05:30,5514
22850,2013-12-12T00:00:00.000+05:30,3080
11875,2013-10-05T00:00:00.000+05:30,3493
20855,2013-11-30T00:00:00.000+05:30,6586
18697,2013-11-18T00:00:00.000+05:30,10049
34425,2014-02-21T00:00:00.000+05:30,4831
48158,2014-05-19T00:00:00.000+05:30,3532
23487,2013-12-18T00:00:00.000+05:30,90
56599,2014-07-18T00:00:00.000+05:30,1499
26673,2014-01-06T00:00:00.000+05:30,5272
38388,2014-03-18T00:00:00.000+05:30,1215
47057,2014-05-12T00:00:00.000+05:30,1554
57563,2014-07-23T00:00:00.000+05:30,11280
64598,2014-04-12T00:00:00.000+05:30,5455
45244,2014-05-01T00:00:00.000+05:30,10735
3942,2013-08-17T00:00:00.000+05:30,5293
60128,2013-10-25T00:00:00.000+05:30,6902
66281,2014-06-13T00:00:00.000+05:30,8848
9116,2013-09-20T00:00:00.000+05:30,8579
11230,2013-10-02T00:00:00.000+05:30,3435
62096,2014-01-08T00:00:00.000+05:30,10665
7877,2013-09-11T00:00:00.000+05:30,12376
17812,2013-11-12T00:00:00.000+05:30,2905
23384,2013-12-17T00:00:00.000+05:30,4035
5535,2013-08-27T00:00:00.000+05:30,6443
35966,2014-03-03T00:00:00.000+05:30,1374
53209,2014-06-25T00:00:00.000+05:30,4358
25543,2013-12-30T00:00:00.000+05:30,6597
60839,2013-11-22T00:00:00.000+05:30,2145
62163,2014-01-10T00:00:00.000+05:30,8384
15988,2013-11-03T00:00:00.000+05:30,11147
3128,2013-08-11T00:00:00.000+05:30,430
51279,2014-06-11T00:00:00.000+05:30,9740
31724,2014-02-06T00:00:00.000+05:30,2180
9020,2013-09-19T00:00:00.000+05:30,7921
9936,2013-09-25T00:00:00.000+05:30,4732
4130,2013-08-18T00:00:00.000+05:30,12057
30500,2014-01-30T00:00:00.000+05:30,11554
40036,2014-03-30T00:00:00.000+05:30,3539
29132,2014-01-21T00:00:00.000+05:30,995
18202,2013-11-14T00:00:00.000+05:30,10248
32976,2014-02-13T00:00:00.000+05:30,914
62436,2014-01-21T00:00:00.000+05:30,5913
1486,2013-08-01T00:00:00.000+05:30,11106
485,2013-07-27T00:00:00.000+05:30,3976
44046,2014-04-24T00:00:00.000+05:30,5197
12910,2013-10-12T00:00:00.000+05:30,3838
25923,2014-01-01T00:00:00.000+05:30,4251
54257,2014-07-02T00:00:00.000+05:30,5054
58980,2013-09-10T00:00:00.000+05:30,2265
40644,2014-04-01T00:00:00.000+05:30,864
36599,2014-03-06T00:00:00.000+05:30,9597
28064,2014-01-14T00:00:00.000+05:30,8327
16371,2013-11-05T00:00:00.000+05:30,3642
6484,2013-09-03T00:00:00.000+05:30,6844
6291,2013-09-02T00:00:00.000+05:30,10831
51684,2014-06-14T00:00:00.000+05:30,7401
56916,2014-07-20T00:00:00.000+05:30,5563
51675,2014-06-14T00:00:00.000+05:30,6199
21452,2013-12-04T00:00:00.000+05:30,11747
9546,2013-09-23T00:00:00.000+05:30,11894
15267,2013-10-30T00:00:00.000+05:30,8338
50470,2014-06-06T00:00:00.000+05:30,8569
32081,2014-02-08T00:00:00.000+05:30,5994
510,2013-07-28T00:00:00.000+05:30,7533
22856,2013-12-12T00:00:00.000+05:30,9853
34513,2014-02-22T00:00:00.000+05:30,11542
27418,2014-01-11T00:00:00.000+05:30,12228
30115,2014-01-28T00:00:00.000+05:30,8893
10645,2013-09-28T00:00:00.000+05:30,5859
37530,2014-03-13T00:00:00.000+05:30,8657
55183,2014-07-08T00:00:00.000+05:30,7424
37510,2014-03-12T00:00:00.000+05:30,9353
66517,2014-06-21T00:00:00.000+05:30,249
7386,2013-09-09T00:00:00.000+05:30,7956
50939,2014-06-09T00:00:00.000+05:30,9027
38989,2014-03-22T00:00:00.000+05:30,1101
23157,2013-12-15T00:00:00.000+05:30,3033
37037,2014-03-10T00:00:00.000+05:30,5234
37565,2014-03-13T00:00:00.000+05:30,9326
2066,2013-08-05T00:00:00.000+05:30,1954
30361,2014-01-30T00:00:00.000+05:30,3294
45216,2014-05-01T00:00:00.000+05:30,9622
12854,2013-10-12T00:00:00.000+05:30,11574
4785,2013-08-23T00:00:00.000+05:30,11589
41914,2014-04-09T00:00:00.000+05:30,3790
68251,2014-03-20T00:00:00.000+05:30,2571
47654,2014-05-16T00:00:00.000+05:30,3129
13293,2013-10-14T00:00:00.000+05:30,3798
44001,2014-04-23T00:00:00.000+05:30,8431
16970,2013-11-08T00:00:00.000+05:30,12156
39894,2014-03-28T00:00:00.000+05:30,3524
38847,2014-03-21T00:00:00.000+05:30,3226
8007,2013-09-12T00:00:00.000+05:30,8944
67678,2013-10-06T00:00:00.000+05:30,5247
53292,2014-06-25T00:00:00.000+05:30,12216
46548,2014-05-09T00:00:00.000+05:30,1495
61536,2013-12-17T00:00:00.000+05:30,8123
27921,2014-01-13T00:00:00.000+05:30,6611
11329,2013-10-03T00:00:00.000+05:30,1859
21501,2013-12-04T00:00:00.000+05:30,4336
359,2013-07-27T00:00:00.000+05:30,6020
45461,2014-05-03T00:00:00.000+05:30,4741
22630,2013-12-11T00:00:00.000+05:30,5551
41470,2014-04-06T00:00:00.000+05:30,1784
26286,2014-01-03T00:00:00.000+05:30,8029
30866,2014-02-01T00:00:00.000+05:30,10048
37362,2014-03-12T00:00:00.000+05:30,3688
50862,2014-06-08T00:00:00.000+05:30,11289
21321,2013-12-03T00:00:00.000+05:30,10677
22315,2013-12-08T00:00:00.000+05:30,7676
36243,2014-03-04T00:00:00.000+05:30,8956
20420,2013-11-28T00:00:00.000+05:30,5197
21032,2013-12-01T00:00:00.000+05:30,8490
44189,2014-04-25T00:00:00.000+05:30,608
35322,2014-02-27T00:00:00.000+05:30,5301
26423,2014-01-05T00:00:00.000+05:30,10382
1066,2013-07-30T00:00:00.000+05:30,11037
45061,2014-04-29T00:00:00.000+05:30,3242
58317,2013-08-16T00:00:00.000+05:30,11627
13561,2013-10-17T00:00:00.000+05:30,9042
1551,2013-08-02T00:00:00.000+05:30,7264
24823,2013-12-26T00:00:00.000+05:30,9880
38112,2014-03-16T00:00:00.000+05:30,4391
61158,2013-12-03T00:00:00.000+05:30,5069
8375,2013-09-15T00:00:00.000+05:30,7098
40968,2014-04-03T00:00:00.000+05:30,9387
68446,2014-05-13T00:00:00.000+05:30,4147
68319,2014-04-07T00:00:00.000+05:30,6695
48472,2014-05-21T00:00:00.000+05:30,7473
36307,2014-03-04T00:00:00.000+05:30,7695
7972,2013-09-12T00:00:00.000+05:30,2032
16723,2013-11-06T00:00:00.000+05:30,10903
62631,2014-01-27T00:00:00.000+05:30,9872
38778,2014-03-21T00:00:00.000+05:30,5336
41883,2014-04-09T00:00:00.000+05:30,676
32532,2014-02-11T00:00:00.000+05:30,6244
49898,2014-06-02T00:00:00.000+05:30,10145
53993,2014-06-30T00:00:00.000+05:30,5300
61320,2013-12-10T00:00:00.000+05:30,4312
37038,2014-03-10T00:00:00.000+05:30,1913
6189,2013-09-02T00:00:00.000+05:30,1386
10766,2013-09-29T00:00:00.000+05:30,3359
54329,2014-07-03T00:00:00.000+05:30,3359
10162,2013-09-26T00:00:00.000+05:30,2375
68663,2014-07-15T00:00:00.000+05:30,6176
33080,2014-02-14T00:00:00.000+05:30,7178
42347,2014-04-12T00:00:00.000+05:30,3361
8818,2013-09-18T00:00:00.000+05:30,2787
22059,2013-12-07T00:00:00.000+05:30,2095
33908,2014-02-18T00:00:00.000+05:30,8952
24184,2013-12-22T00:00:00.000+05:30,5330
68002,2014-01-11T00:00:00.000+05:30,9889
28180,2014-01-15T00:00:00.000+05:30,4669
21095,2013-12-01T00:00:00.000+05:30,2790
3613,2013-08-15T00:00:00.000+05:30,9685
29845,2014-01-26T00:00:00.000+05:30,4179
4732,2013-08-23T00:00:00.000+05:30,2914
11518,2013-10-04T00:00:00.000+05:30,8853
40752,2014-04-02T00:00:00.000+05:30,4946
14985,2013-10-28T00:00:00.000+05:30,4029
6812,2013-09-06T00:00:00.000+05:30,7937
48461,2014-05-21T00:00:00.000+05:30,7517
43485,2014-04-21T00:00:00.000+05:30,625
6961,2013-09-06T00:00:00.000+05:30,4523
2191,2013-08-06T00:00:00.000+05:30,8643
42104,2014-04-10T00:00:00.000+05:30,5062
39576,2014-03-26T00:00:00.000+05:30,8815
49037,2014-05-26T00:00:00.000+05:30,1514
9438,2013-09-22T00:00:00.000+05:30,9784
4546,2013-08-21T00:00:00.000+05:30,8711
238,2013-07-26T00:00:00.000+05:30,4939
66735,2014-06-29T00:00:00.000+05:30,5805
23428,2013-12-17T00:00:00.000+05:30,10043
9135,2013-09-20T00:00:00.000+05:30,5422
18409,2013-11-15T00:00:00.000+05:30,8300
65264,2014-05-06T00:00:00.000+05:30,9047
48200,2014-05-20T00:00:00.000+05:30,3056
7425,2013-09-09T00:00:00.000+05:30,7028
29264,2014-01-21T00:00:00.000+05:30,3881
68580,2014-06-22T00:00:00.000+05:30,4751
21084,2013-12-01T00:00:00.000+05:30,10226
953,2013-07-30T00:00:00.000+05:30,368
67074,2014-07-13T00:00:00.000+05:30,477
51868,2014-06-15T00:00:00.000+05:30,5557
20762,2013-11-30T00:00:00.000+05:30,10157
67287,2014-07-20T00:00:00.000+05:30,11314
6747,2013-09-05T00:00:00.000+05:30,3692
61159,2013-12-03T00:00:00.000+05:30,3187
51140,2014-06-10T00:00:00.000+05:30,3034
19900,2013-11-24T00:00:00.000+05:30,531
37606,2014-03-13T00:00:00.000+05:30,4752
45717,2014-05-04T00:00:00.000+05:30,11035
50529,2014-06-07T00:00:00.000+05:30,9747
25155,2013-12-27T00:00:00.000+05:30,1257
34110,2014-02-19T00:00:00.000+05:30,3840
15168,2013-10-29T00:00:00.000+05:30,1491
63150,2014-02-14T00:00:00.000+05:30,10497
56807,2014-07-19T00:00:00.000+05:30,1543
46940,2014-05-12T00:00:00.000+05:30,3790
1282,2013-07-31T00:00:00.000+05:30,9392
62335,2014-01-18T00:00:00.000+05:30,4743
49091,2014-05-26T00:00:00.000+05:30,3375
8035,2013-09-12T00:00:00.000+05:30,75
57826,2013-07-27T00:00:00.000+05:30,5072
11761,2013-10-05T00:00:00.000+05:30,3843
34667,2014-02-23T00:00:00.000+05:30,3498
13092,2013-10-13T00:00:00.000+05:30,3294
60855,2013-11-22T00:00:00.000+05:30,8016
4454,2013-08-20T00:00:00.000+05:30,6592
19034,2013-11-20T00:00:00.000+05:30,561
55310,2014-07-10T00:00:00.000+05:30,3742
41415,2014-04-05T00:00:00.000+05:30,181
13634,2013-10-17T00:00:00.000+05:30,8551
67429,2013-07-28T00:00:00.000+05:30,10365
27427,2014-01-11T00:00:00.000+05:30,9866
41703,2014-04-08T00:00:00.000+05:30,4071
35070,2014-02-25T00:00:00.000+05:30,10708
30454,2014-01-30T00:00:00.000+05:30,11517
40423,2014-03-31T00:00:00.000+05:30,5762
23451,2013-12-18T00:00:00.000+05:30,3235
13931,2013-10-20T00:00:00.000+05:30,287
38446,2014-03-18T00:00:00.000+05:30,6557
10330,2013-09-27T00:00:00.000+05:30,10810
61307,2013-12-10T00:00:00.000+05:30,8675
57160,2014-07-21T00:00:00.000+05:30,4590
17082,2013-11-08T00:00:00.000+05:30,5812
50277,2014-06-05T00:00:00.000+05:30,538
11692,2013-10-05T00:00:00.000+05:30,8691
52057,2014-06-16T00:00:00.000+05:30,4928
22365,2013-12-09T00:00:00.000+05:30,9446
33428,2014-02-16T00:00:00.000+05:30,9268
2860,2013-08-10T00:00:00.000+05:30,4397
19067,2013-11-20T00:00:00.000+05:30,1635
42394,2014-04-12T00:00:00.000+05:30,4320
16612,2013-11-06T00:00:00.000+05:30,10137
58049,2013-08-05T00:00:00.000+05:30,9353
36989,2014-03-10T00:00:00.000+05:30,7876
23284,2013-12-16T00:00:00.000+05:30,2087
57744,2014-07-24T00:00:00.000+05:30,12397
32359,2014-02-10T00:00:00.000+05:30,9842
67759,2013-10-31T00:00:00.000+05:30,10759
22801,2013-12-12T00:00:00.000+05:30,9240
48373,2014-05-21T00:00:00.000+05:30,9740
49384,2014-05-28T00:00:00.000+05:30,3358
66409,2014-06-18T00:00:00.000+05:30,5617
13355,2013-10-15T00:00:00.000+05:30,5923
53484,2014-06-27T00:00:00.000+05:30,11077
13952,2013-10-20T00:00:00.000+05:30,4806
26351,2014-01-04T00:00:00.000+05:30,12224
58873,2013-09-06T00:00:00.000+05:30,11590
48456,2014-05-21T00:00:00.000+05:30,7039
61089,2013-11-30T00:00:00.000+05:30,6687
54601,2014-07-05T00:00:00.000+05:30,10966
7824,2013-09-11T00:00:00.000+05:30,10679
25791,2013-12-31T00:00:00.000+05:30,9271
4452,2013-08-20T00:00:00.000+05:30,9395
773,2013-07-29T00:00:00.000+05:30,10414
44623,2014-04-27T00:00:00.000+05:30,11573
2418,2013-08-07T00:00:00.000+05:30,7554
18732,2013-11-18T00:00:00.000+05:30,7523
11560,2013-10-04T00:00:00.000+05:30,2205
5293,2013-08-26T00:00:00.000+05:30,157
56566,2014-07-18T00:00:00.000+05:30,9097
18133,2013-11-14T00:00:00.000+05:30,11423
40084,2014-03-30T00:00:00.000+05:30,9266
31217,2014-02-03T00:00:00.000+05:30,479
56679,2014-07-18T00:00:00.000+05:30,11797
52564,2014-06-19T00:00:00.000+05:30,529
29528,2014-01-23T00:00:00.000+05:30,6466
38220,2014-03-17T00:00:00.000+05:30,4004
31606,2014-02-06T00:00:00.000+05:30,1883
32828,2014-02-12T00:00:00.000+05:30,7160
37672,2014-03-14T00:00:00.000+05:30,8875
58617,2013-08-27T00:00:00.000+05:30,587
20232,2013-11-28T00:00:00.000+05:30,8398
62508,2014-01-23T00:00:00.000+05:30,1931
64676,2014-04-15T00:00:00.000+05:30,9388
30030,2014-01-27T00:00:00.000+05:30,3460
65347,2014-05-09T00:00:00.000+05:30,10368
32615,2014-02-11T00:00:00.000+05:30,4559
3908,2013-08-17T00:00:00.000+05:30,9723
7092,2013-09-07T00:00:00.000+05:30,8861
66737,2014-06-29T00:00:00.000+05:30,9880
5363,2013-08-26T00:00:00.000+05:30,3228
25874,2013-12-31T00:00:00.000+05:30,11565
35324,2014-02-27T00:00:00.000+05:30,9290
47194,2014-05-13T00:00:00.000+05:30,6992
35321,2014-02-27T00:00:00.000+05:30,1312
32249,2014-02-09T00:00:00.000+05:30,3005
11956,2013-10-06T00:00:00.000+05:30,4244
21249,2013-12-03T00:00:00.000+05:30,10731
22653,2013-12-11T00:00:00.000+05:30,3020
22763,2013-12-11T00:00:00.000+05:30,12256
50299,2014-06-05T00:00:00.000+05:30,34
1331,2013-08-01T00:00:00.000+05:30,1426
56288,2014-07-16T00:00:00.000+05:30,908
46177,2014-05-07T00:00:00.000+05:30,2343
33685,2014-02-17T00:00:00.000+05:30,6620
30588,2014-01-31T00:00:00.000+05:30,11159
44526,2014-04-27T00:00:00.000+05:30,6887
37474,2014-03-12T00:00:00.000+05:30,7403
25877,2014-01-01T00:00:00.000+05:30,5549
8649,2013-09-17T00:00:00.000+05:30,8704
34367,2014-02-21T00:00:00.000+05:30,1471
15570,2013-11-01T00:00:00.000+05:30,8024
59232,2013-09-22T00:00:00.000+05:30,10820
42640,2014-04-14T00:00:00.000+05:30,6230
10473,2013-09-27T00:00:00.000+05:30,6149
24083,2013-12-21T00:00:00.000+05:30,4386
60820,2013-11-21T00:00:00.000+05:30,6510
1496,2013-08-01T00:00:00.000+05:30,5858
26390,2014-01-05T00:00:00.000+05:30,6857
33461,2014-02-16T00:00:00.000+05:30,11278
19935,2013-11-25T00:00:00.000+05:30,11895
53381,2014-06-26T00:00:00.000+05:30,6615
54656,2014-07-05T00:00:00.000+05:30,345
41357,2014-04-05T00:00:00.000+05:30,4888
23087,2013-12-15T00:00:00.000+05:30,5693
28591,2014-01-17T00:00:00.000+05:30,11450
65765,2014-05-25T00:00:00.000+05:30,4706
40607,2014-04-01T00:00:00.000+05:30,2740
52850,2014-06-22T00:00:00.000+05:30,9374
68466,2014-05-18T00:00:00.000+05:30,334
16726,2013-11-06T00:00:00.000+05:30,3276
5583,2013-08-28T00:00:00.000+05:30,4195
2765,2013-08-09T00:00:00.000+05:30,10657
29404,2014-01-22T00:00:00.000+05:30,7073
58080,2013-08-07T00:00:00.000+05:30,1802
54584,2014-07-05T00:00:00.000+05:30,8967
46332,2014-05-08T00:00:00.000+05:30,10348
56113,2014-07-15T00:00:00.000+05:30,6498
1272,2013-07-31T00:00:00.000+05:30,3127
44724,2014-04-27T00:00:00.000+05:30,2949
47053,2014-05-12T00:00:00.000+05:30,8962
65459,2014-05-13T00:00:00.000+05:30,9233
20007,2013-11-26T00:00:00.000+05:30,1796
22220,2013-12-08T00:00:00.000+05:30,7186
14992,2013-10-28T00:00:00.000+05:30,8458
59040,2013-09-13T00:00:00.000+05:30,6480
5059,2013-08-24T00:00:00.000+05:30,7790
19244,2013-11-22T00:00:00.000+05:30,3395
16475,2013-11-05T00:00:00.000+05:30,1994
6026,2013-08-31T00:00:00.000+05:30,2009
42584,2014-04-13T00:00:00.000+05:30,1735
68209,2014-03-04T00:00:00.000+05:30,6051
14812,2013-10-27T00:00:00.000+05:30,1259
68013,2014-01-14T00:00:00.000+05:30,11369
47818,2014-05-17T00:00:00.000+05:30,8169
37215,2014-03-11T00:00:00.000+05:30,9513
21692,2013-12-05T00:00:00.000+05:30,1489
27411,2014-01-11T00:00:00.000+05:30,9621
42744,2014-04-15T00:00:00.000+05:30,9905
49592,2014-05-30T00:00:00.000+05:30,4778
16274,2013-11-04T00:00:00.000+05:30,11372
3479,2013-08-14T00:00:00.000+05:30,11596
48653,2014-05-23T00:00:00.000+05:30,3043
4902,2013-08-24T00:00:00.000+05:30,2401
48563,2014-05-22T00:00:00.000+05:30,5254
46288,2014-05-07T00:00:00.000+05:30,732
49886,2014-06-02T00:00:00.000+05:30,5015
66549,2014-06-22T00:00:00.000+05:30,967
39829,2014-03-28T00:00:00.000+05:30,4938
50320,2014-06-05T00:00:00.000+05:30,3475
59393,2013-09-27T00:00:00.000+05:30,9539
24987,2013-12-26T00:00:00.000+05:30,2261
68215,2014-03-07T00:00:00.000+05:30,182
29105,2014-01-21T00:00:00.000+05:30,3600
68058,2014-01-25T00:00:00.000+05:30,943
20822,2013-11-30T00:00:00.000+05:30,1774
8179,2013-09-14T00:00:00.000+05:30,9750
36119,2014-03-04T00:00:00.000+05:30,10083
21945,2013-12-06T00:00:00.000+05:30,2163
38535,2014-03-19T00:00:00.000+05:30,2071
11193,2013-10-02T00:00:00.000+05:30,3502
51527,2014-06-13T00:00:00.000+05:30,11087
57257,2014-07-21T00:00:00.000+05:30,9585
44601,2014-04-27T00:00:00.000+05:30,12201
55003,2014-07-08T00:00:00.000+05:30,179
51468,2014-06-13T00:00:00.000+05:30,9241
58546,2013-08-24T00:00:00.000+05:30,10624
20887,2013-11-30T00:00:00.000+05:30,1558
7330,2013-09-08T00:00:00.000+05:30,1246
65352,2014-05-09T00:00:00.000+05:30,8933
28580,2014-01-17T00:00:00.000+05:30,11576
53113,2014-06-25T00:00:00.000+05:30,6689
65851,2014-05-30T00:00:00.000+05:30,2313
33866,2014-02-18T00:00:00.000+05:30,9933
62014,2014-01-05T00:00:00.000+05:30,77
24524,2013-12-24T00:00:00.000+05:30,2072
7224,2013-09-08T00:00:00.000+05:30,4651
4935,2013-08-24T00:00:00.000+05:30,4431
16624,2013-11-06T00:00:00.000+05:30,3807
52653,2014-06-20T00:00:00.000+05:30,2844
30290,2014-01-29T00:00:00.000+05:30,10898
55240,2014-07-09T00:00:00.000+05:30,11285
14552,2013-10-24T00:00:00.000+05:30,4487
27131,2014-01-09T00:00:00.000+05:30,89
64640,2014-04-13T00:00:00.000+05:30,8789
68071,2014-01-29T00:00:00.000+05:30,5209
38033,2014-03-16T00:00:00.000+05:30,2932
23301,2013-12-16T00:00:00.000+05:30,7069
59581,2013-10-03T00:00:00.000+05:30,7344
44982,2014-04-29T00:00:00.000+05:30,5419
50946,2014-06-09T00:00:00.000+05:30,4896
16766,2013-11-06T00:00:00.000+05:30,548
64502,2014-04-09T00:00:00.000+05:30,8479
53043,2014-06-24T00:00:00.000+05:30,4171
16919,2013-11-07T00:00:00.000+05:30,1725
28485,2014-01-16T00:00:00.000+05:30,9352
27406,2014-01-11T00:00:00.000+05:30,1598
40183,2014-03-30T00:00:00.000+05:30,1714
10874,2013-09-30T00:00:00.000+05:30,11204
41402,2014-04-05T00:00:00.000+05:30,5410
36146,2014-03-04T00:00:00.000+05:30,3296
36505,2014-03-06T00:00:00.000+05:30,11492
5974,2013-08-31T00:00:00.000+05:30,10013
25277,2013-12-28T00:00:00.000+05:30,11130
50883,2014-06-09T00:00:00.000+05:30,111
64820,2014-04-20T00:00:00.000+05:30,3025
14258,2013-10-23T00:00:00.000+05:30,2118
7854,2013-09-11T00:00:00.000+05:30,11058
54705,2014-07-05T00:00:00.000+05:30,7171
5466,2013-08-27T00:00:00.000+05:30,11973
9665,2013-09-24T00:00:00.000+05:30,11132
2229,2013-08-06T00:00:00.000+05:30,10391
58953,2013-09-09T00:00:00.000+05:30,9308
49646,2014-05-31T00:00:00.000+05:30,4530
50212,2014-06-04T00:00:00.000+05:30,2798
42921,2014-04-16T00:00:00.000+05:30,5504
35277,2014-02-27T00:00:00.000+05:30,2889
36860,2014-03-08T00:00:00.000+05:30,2532
45497,2014-05-03T00:00:00.000+05:30,2272
61748,2013-12-25T00:00:00.000+05:30,2245
49093,2014-05-26T00:00:00.000+05:30,2748
22126,2013-12-07T00:00:00.000+05:30,9735
41504,2014-04-07T00:00:00.000+05:30,9789
3691,2013-08-15T00:00:00.000+05:30,862
45932,2014-05-06T00:00:00.000+05:30,6488
32731,2014-02-12T00:00:00.000+05:30,8782
26449,2014-01-05T00:00:00.000+05:30,6737
24772,2013-12-25T00:00:00.000+05:30,10762
40862,2014-04-02T00:00:00.000+05:30,608
61200,2013-12-04T00:00:00.000+05:30,7951
11773,2013-10-05T00:00:00.000+05:30,4284
52060,2014-06-16T00:00:00.000+05:30,10977
61787,2013-12-26T00:00:00.000+05:30,1619
52542,2014-06-19T00:00:00.000+05:30,12014
39745,2014-03-27T00:00:00.000+05:30,6749
48209,2014-05-20T00:00:00.000+05:30,2325
26170,2014-01-03T00:00:00.000+05:30,4818
6562,2013-09-04T00:00:00.000+05:30,2506
52467,2014-06-19T00:00:00.000+05:30,6084
18418,2013-11-15T00:00:00.000+05:30,7369
52327,2014-06-18T00:00:00.000+05:30,10555
45739,2014-05-05T00:00:00.000+05:30,6903
30699,2014-01-31T00:00:00.000+05:30,2411
38077,2014-03-16T00:00:00.000+05:30,4747
703,2013-07-29T00:00:00.000+05:30,1871
41639,2014-04-08T00:00:00.000+05:30,11731
9792,2013-09-24T00:00:00.000+05:30,9863
32207,2014-02-09T00:00:00.000+05:30,6301
55114,2014-07-08T00:00:00.000+05:30,7671
38239,2014-03-17T00:00:00.000+05:30,6756
22819,2013-12-12T00:00:00.000+05:30,10368
3127,2013-08-11T00:00:00.000+05:30,2765
2221,2013-08-06T00:00:00.000+05:30,3696
5552,2013-08-27T00:00:00.000+05:30,11379
33214,2014-02-15T00:00:00.000+05:30,7740
50765,2014-06-08T00:00:00.000+05:30,954
8312,2013-09-14T00:00:00.000+05:30,1739
39438,2014-03-26T00:00:00.000+05:30,7481
21619,2013-12-05T00:00:00.000+05:30,11426
41037,2014-04-03T00:00:00.000+05:30,5650
39794,2014-03-28T00:00:00.000+05:30,9885
29120,2014-01-21T00:00:00.000+05:30,7213
20713,2013-11-30T00:00:00.000+05:30,7331
32448,2014-02-10T00:00:00.000+05:30,9086
25829,2013-12-31T00:00:00.000+05:30,633
16833,2013-11-07T00:00:00.000+05:30,2740
67409,2014-07-24T00:00:00.000+05:30,4140
66156,2014-06-09T00:00:00.000+05:30,10174
7353,2013-09-08T00:00:00.000+05:30,9054
11586,2013-10-04T00:00:00.000+05:30,10003
61150,2013-12-03T00:00:00.000+05:30,5687
55867,2014-07-13T00:00:00.000+05:30,3520
20229,2013-11-28T00:00:00.000+05:30,9949
55486,2014-07-11T00:00:00.000+05:30,9528
7622,2013-09-10T00:00:00.000+05:30,6109
57780,2013-07-25T00:00:00.000+05:30,4369
39084,2014-03-23T00:00:00.000+05:30,5008
13374,2013-10-15T00:00:00.000+05:30,4459
45390,2014-05-02T00:00:00.000+05:30,19
60404,2013-11-05T00:00:00.000+05:30,6984
2801,2013-08-10T00:00:00.000+05:30,11806
20283,2013-11-28T00:00:00.000+05:30,11606
26428,2014-01-05T00:00:00.000+05:30,6599
19288,2013-11-22T00:00:00.000+05:30,6307
829,2013-07-29T00:00:00.000+05:30,8977
12901,2013-10-12T00:00:00.000+05:30,1120
14289,2013-10-23T00:00:00.000+05:30,2290
47075,2014-05-12T00:00:00.000+05:30,9447
34705,2014-02-24T00:00:00.000+05:30,8561
6817,2013-09-06T00:00:00.000+05:30,6867
14078,2013-10-21T00:00:00.000+05:30,6167
26545,2014-01-05T00:00:00.000+05:30,2395
6384,2013-09-03T00:00:00.000+05:30,5029
28695,2014-01-18T00:00:00.000+05:30,9817
66582,2014-06-23T00:00:00.000+05:30,11094
41465,2014-04-06T00:00:00.000+05:30,1347
38406,2014-03-18T00:00:00.000+05:30,7572
54718,2014-07-05T00:00:00.000+05:30,11671
16547,2013-11-05T00:00:00.000+05:30,1099
38574,2014-03-20T00:00:00.000+05:30,7312
38327,2014-03-18T00:00:00.000+05:30,803
56796,2014-07-19T00:00:00.000+05:30,1591
12233,2013-10-08T00:00:00.000+05:30,3753
25968,2014-01-01T00:00:00.000+05:30,10158
27253,2014-01-10T00:00:00.000+05:30,3554
12832,2013-10-12T00:00:00.000+05:30,5217
20463,2013-11-29T00:00:00.000+05:30,9517
17225,2013-11-09T00:00:00.000+05:30,6381
23221,2013-12-15T00:00:00.000+05:30,3765
19096,2013-11-20T00:00:00.000+05:30,8372
11245,2013-10-02T00:00:00.000+05:30,6518
42381,2014-04-12T00:00:00.000+05:30,3017
47030,2014-05-12T00:00:00.000+05:30,9205
54157,2014-07-01T00:00:00.000+05:30,8543
14098,2013-10-21T00:00:00.000+05:30,3659
21339,2013-12-03T00:00:00.000+05:30,7037
68037,2014-01-20T00:00:00.000+05:30,3232
60352,2013-11-03T00:00:00.000+05:30,12125
13680,2013-10-18T00:00:00.000+05:30,10351
17430,2013-11-10T00:00:00.000+05:30,5627
18378,2013-11-15T00:00:00.000+05:30,2640
9583,2013-09-23T00:00:00.000+05:30,2750
48659,2014-05-23T00:00:00.000+05:30,3350
790,2013-07-29T00:00:00.000+05:30,103
68470,2014-05-19T00:00:00.000+05:30,3270
39418,2014-03-25T00:00:00.000+05:30,7633
60794,2013-11-20T00:00:00.000+05:30,7258
21534,2013-12-04T00:00:00.000+05:30,11216
64162,2014-03-26T00:00:00.000+05:30,6524
43656,2014-04-21T00:00:00.000+05:30,2270
25100,2013-12-27T00:00:00.000+05:30,8433
28759,2014-01-19T00:00:00.000+05:30,11702
24894,2013-12-26T00:00:00.000+05:30,5786
50490,2014-06-06T00:00:00.000+05:30,8894
67890,2013-12-09T00:00:00.000+05:30,5272
4908,2013-08-24T00:00:00.000+05:30,12379
1476,2013-08-01T00:00:00.000+05:30,8560
10862,2013-09-30T00:00:00.000+05:30,3335
7799,2013-09-10T00:00:00.000+05:30,2767
47594,2014-05-16T00:00:00.000+05:30,8450
43547,2014-04-21T00:00:00.000+05:30,5755
25629,2013-12-30T00:00:00.000+05:30,5738
26124,2014-01-03T00:00:00.000+05:30,352
48972,2014-05-25T00:00:00.000+05:30,6582
41155,2014-04-04T00:00:00.000+05:30,11829
34050,2014-02-19T00:00:00.000+05:30,6836
37716,2014-03-14T00:00:00.000+05:30,9233
8902,2013-09-19T00:00:00.000+05:30,4492
12327,2013-10-08T00:00:00.000+05:30,192
42003,2014-04-10T00:00:00.000+05:30,7234
20556,2013-11-29T00:00:00.000+05:30,5106
22329,2013-12-09T00:00:00.000+05:30,3176
5600,2013-08-28T00:00:00.000+05:30,3597
58012,2013-08-04T00:00:00.000+05:30,3514
48690,2014-05-23T00:00:00.000+05:30,546
51649,2014-06-14T00:00:00.000+05:30,1556
68409,2014-05-01T00:00:00.000+05:30,11684
15619,2013-11-01T00:00:00.000+05:30,1071
758,2013-07-29T00:00:00.000+05:30,1244
12204,2013-10-08T00:00:00.000+05:30,1670
24528,2013-12-24T00:00:00.000+05:30,9211
14911,2013-10-27T00:00:00.000+05:30,2851
44077,2014-04-24T00:00:00.000+05:30,3634
37629,2014-03-13T00:00:00.000+05:30,5815
20026,2013-11-26T00:00:00.000+05:30,5920
45837,2014-05-05T00:00:00.000+05:30,9932
23755,2013-12-20T00:00:00.000+05:30,11106
13455,2013-10-15T00:00:00.000+05:30,5397
59949,2013-10-18T00:00:00.000+05:30,5713
24932,2013-12-26T00:00:00.000+05:30,6488
18834,2013-11-19T00:00:00.000+05:30,6855
2323,2013-08-06T00:00:00.000+05:30,5746
46282,2014-05-07T00:00:00.000+05:30,10503
4960,2013-08-24T00:00:00.000+05:30,8848
67311,2014-07-21T00:00:00.000+05:30,10985
30023,2014-01-27T00:00:00.000+05:30,7744
3317,2013-08-12T00:00:00.000+05:30,12058
60613,2013-11-14T00:00:00.000+05:30,3756
15129,2013-10-29T00:00:00.000+05:30,2636
61455,2013-12-14T00:00:00.000+05:30,7331
9824,2013-09-24T00:00:00.000+05:30,5381
21622,2013-12-05T00:00:00.000+05:30,2169
33510,2014-02-16T00:00:00.000+05:30,2633
8143,2013-09-14T00:00:00.000+05:30,5644
15364,2013-10-31T00:00:00.000+05:30,2130
26176,2014-01-03T00:00:00.000+05:30,4612
66228,2014-06-11T00:00:00.000+05:30,7710
51499,2014-06-13T00:00:00.000+05:30,2930
68055,2014-01-24T00:00:00.000+05:30,7348
54958,2014-07-08T00:00:00.000+05:30,4043
65296,2014-05-08T00:00:00.000+05:30,10795
52222,2014-06-17T00:00:00.000+05:30,8447
49432,2014-05-29T00:00:00.000+05:30,2902
60886,2013-11-23T00:00:00.000+05:30,5409
55626,2014-07-12T00:00:00.000+05:30,3257
66932,2014-07-07T00:00:00.000+05:30,9106
29728,2014-01-24T00:00:00.000+05:30,12129
34776,2014-02-24T00:00:00.000+05:30,6379
55449,2014-07-10T00:00:00.000+05:30,10988
15411,2013-10-31T00:00:00.000+05:30,9596
65088,2014-04-30T00:00:00.000+05:30,4495
55414,2014-07-10T00:00:00.000+05:30,8957
46448,2014-05-09T00:00:00.000+05:30,2731
10271,2013-09-26T00:00:00.000+05:30,9334
30676,2014-01-31T00:00:00.000+05:30,7041
59260,2013-09-23T00:00:00.000+05:30,7864
18599,2013-11-17T00:00:00.000+05:30,5388
62438,2014-01-21T00:00:00.000+05:30,7234
24723,2013-12-25T00:00:00.000+05:30,11870
4645,2013-08-22T00:00:00.000+05:30,11880
42038,2014-04-10T00:00:00.000+05:30,439
14199,2013-10-22T00:00:00.000+05:30,4000
47102,2014-05-12T00:00:00.000+05:30,3969
22761,2013-12-11T00:00:00.000+05:30,152
68698,2013-08-07T00:00:00.000+05:30,9100
14974,2013-10-27T00:00:00.000+05:30,2133
59199,2013-09-20T00:00:00.000+05:30,3670
23071,2013-12-15T00:00:00.000+05:30,11368
57813,2013-07-27T00:00:00.000+05:30,5787
12414,2013-10-08T00:00:00.000+05:30,5658
41025,2014-04-03T00:00:00.000+05:30,3675
39836,2014-03-28T00:00:00.000+05:30,8710
18885,2013-11-19T00:00:00.000+05:30,9309
63469,2014-02-26T00:00:00.000+05:30,1857
64913,2014-04-23T00:00:00.000+05:30,1965
63786,2014-03-12T00:00:00.000+05:30,7634
42031,2014-04-10T00:00:00.000+05:30,7387
25648,2013-12-31T00:00:00.000+05:30,3498
20911,2013-11-30T00:00:00.000+05:30,12301
36872,2014-03-08T00:00:00.000+05:30,11800
24157,2013-12-22T00:00:00.000+05:30,2341
23363,2013-12-17T00:00:00.000+05:30,2657
38339,2014-03-18T00:00:00.000+05:30,3730
29153,2014-01-21T00:00:00.000+05:30,2378
27842,2014-01-13T00:00:00.000+05:30,3605
14880,2013-10-27T00:00:00.000+05:30,2894
55111,2014-07-08T00:00:00.000+05:30,374
9380,2013-09-22T00:00:00.000+05:30,10072
8008,2013-09-12T00:00:00.000+05:30,8698
52630,2014-06-19T00:00:00.000+05:30,2097
954,2013-07-30T00:00:00.000+05:30,5066
15440,2013-10-31T00:00:00.000+05:30,5162
58385,2013-08-18T00:00:00.000+05:30,2525
36882,2014-03-08T00:00:00.000+05:30,4687
15471,2013-10-31T00:00:00.000+05:30,2444
3220,2013-08-12T00:00:00.000+05:30,2585
42081,2014-04-10T00:00:00.000+05:30,275
23472,2013-12-18T00:00:00.000+05:30,8187
37522,2014-03-13T00:00:00.000+05:30,1248
4885,2013-08-24T00:00:00.000+05:30,3468
60716,2013-11-18T00:00:00.000+05:30,8206
59225,2013-09-21T00:00:00.000+05:30,5146
39246,2014-03-24T00:00:00.000+05:30,8147
38154,2014-03-16T00:00:00.000+05:30,1138
10981,2013-09-30T00:00:00.000+05:30,5333
38829,2014-03-21T00:00:00.000+05:30,7694
61933,2014-01-02T00:00:00.000+05:30,2376
49635,2014-05-31T00:00:00.000+05:30,3973
5635,2013-08-28T00:00:00.000+05:30,2195
62673,2014-01-28T00:00:00.000+05:30,9223
45070,2014-04-30T00:00:00.000+05:30,10277
749,2013-07-29T00:00:00.000+05:30,9270
34515,2014-02-22T00:00:00.000+05:30,6431
42951,2014-04-17T00:00:00.000+05:30,6471
26329,2014-01-04T00:00:00.000+05:30,9579
49986,2014-06-02T00:00:00.000+05:30,4722
61058,2013-11-28T00:00:00.000+05:30,1494
36315,2014-03-05T00:00:00.000+05:30,388
35146,2014-02-26T00:00:00.000+05:30,6319
22042,2013-12-07T00:00:00.000+05:30,466
20106,2013-11-27T00:00:00.000+05:30,6411
9952,2013-09-25T00:00:00.000+05:30,5331
9980,2013-09-25T00:00:00.000+05:30,8261
2500,2013-08-07T00:00:00.000+05:30,2389
57096,2014-07-20T00:00:00.000+05:30,1131
16148,2013-11-04T00:00:00.000+05:30,9364
40474,2014-04-01T00:00:00.000+05:30,2734
48459,2014-05-21T00:00:00.000+05:30,9379
8166,2013-09-14T00:00:00.000+05:30,857
30758,2014-01-31T00:00:00.000+05:30,3415
46025,2014-05-06T00:00:00.000+05:30,2010
12897,2013-10-12T00:00:00.000+05:30,3810
46815,2014-05-11T00:00:00.000+05:30,3831
9176,2013-09-20T00:00:00.000+05:30,11232
55163,2014-07-08T00:00:00.000+05:30,11876
7262,2013-09-08T00:00:00.000+05:30,10745
37069,2014-03-10T00:00:00.000+05:30,6506
18827,2013-11-19T00:00:00.000+05:30,5444
66476,2014-06-20T00:00:00.000+05:30,12315
19538,2013-11-23T00:00:00.000+05:30,6591
53279,2014-06-25T00:00:00.000+05:30,4851
7602,2013-09-10T00:00:00.000+05:30,12022
59535,2013-10-02T00:00:00.000+05:30,4034
61900,2014-01-01T00:00:00.000+05:30,9306
30693,2014-01-31T00:00:00.000+05:30,199
32013,2014-02-08T00:00:00.000+05:30,12138
27104,2014-01-09T00:00:00.000+05:30,2873
25379,2013-12-28T00:00:00.000+05:30,9608
15347,2013-10-31T00:00:00.000+05:30,5190
19951,2013-11-25T00:00:00.000+05:30,5169
18244,2013-11-14T00:00:00.000+05:30,8664
11520,2013-10-04T00:00:00.000+05:30,712
45025,2014-04-29T00:00:00.000+05:30,2691
19356,2013-11-22T00:00:00.000+05:30,11443
67726,2013-10-19T00:00:00.000+05:30,1982
64110,2014-03-24T00:00:00.000+05:30,207
29531,2014-01-23T00:00:00.000+05:30,1099
14101,2013-10-21T00:00:00.000+05:30,11648
33788,2014-02-18T00:00:00.000+05:30,11417
12512,2013-10-09T00:00:00.000+05:30,6694
14630,2013-10-25T00:00:00.000+05:30,10482
3967,2013-08-17T00:00:00.000+05:30,3107
22074,2013-12-07T00:00:00.000+05:30,1674
12709,2013-10-11T00:00:00.000+05:30,10480
20159,2013-11-27T00:00:00.000+05:30,1544
10898,2013-09-30T00:00:00.000+05:30,8392
24871,2013-12-26T00:00:00.000+05:30,11005
28022,2014-01-14T00:00:00.000+05:30,12241
48303,2014-05-20T00:00:00.000+05:30,11127
20836,2013-11-30T00:00:00.000+05:30,3175
20039,2013-11-26T00:00:00.000+05:30,6237
29328,2014-01-22T00:00:00.000+05:30,2776
54992,2014-07-08T00:00:00.000+05:30,4859
2946,2013-08-10T00:00:00.000+05:30,6800
46725,2014-05-10T00:00:00.000+05:30,2431
33037,2014-02-14T00:00:00.000+05:30,8047
32171,2014-02-09T00:00:00.000+05:30,440
66877,2014-07-05T00:00:00.000+05:30,8027
29539,2014-01-23T00:00:00.000+05:30,8694
8756,2013-09-18T00:00:00.000+05:30,6961
24869,2013-12-26T00:00:00.000+05:30,11588
1798,2013-08-03T00:00:00.000+05:30,11207
27124,2014-01-09T00:00:00.000+05:30,881
18188,2013-11-14T00:00:00.000+05:30,8085
20249,2013-11-28T00:00:00.000+05:30,3118
51328,2014-06-12T00:00:00.000+05:30,11960
50875,2014-06-09T00:00:00.000+05:30,9557
26086,2014-01-03T00:00:00.000+05:30,1624
55338,2014-07-10T00:00:00.000+05:30,12396
55175,2014-07-08T00:00:00.000+05:30,12167
23481,2013-12-18T00:00:00.000+05:30,2171
37061,2014-03-10T00:00:00.000+05:30,254
9770,2013-09-24T00:00:00.000+05:30,1998
22995,2013-12-13T00:00:00.000+05:30,5042
64069,2014-03-23T00:00:00.000+05:30,11417
33823,2014-02-18T00:00:00.000+05:30,2364
65335,2014-05-09T00:00:00.000+05:30,10206
42879,2014-04-16T00:00:00.000+05:30,1908
54748,2014-07-06T00:00:00.000+05:30,7977
62575,2014-01-24T00:00:00.000+05:30,3630
68192,2014-02-28T00:00:00.000+05:30,7771
30068,2014-01-27T00:00:00.000+05:30,4557
5631,2013-08-28T00:00:00.000+05:30,4647
61560,2013-12-18T00:00:00.000+05:30,11858
20014,2013-11-26T00:00:00.000+05:30,7988
39327,2014-03-24T00:00:00.000+05:30,3622
53146,2014-06-25T00:00:00.000+05:30,5657
10575,2013-09-28T00:00:00.000+05:30,9274
46190,2014-05-07T00:00:00.000+05:30,5878
36135,2014-03-04T00:00:00.000+05:30,8420
1608,2013-08-02T00:00:00.000+05:30,8732
49159,2014-05-27T00:00:00.000+05:30,8426
33734,2014-02-18T00:00:00.000+05:30,9607
2560,2013-08-07T00:00:00.000+05:30,8796
3784,2013-08-16T00:00:00.000+05:30,2544
24625,2013-12-24T00:00:00.000+05:30,4527
6244,2013-09-02T00:00:00.000+05:30,5638
21590,2013-12-05T00:00:00.000+05:30,3594
31516,2014-02-05T00:00:00.000+05:30,1265
24859,2013-12-26T00:00:00.000+05:30,1532
48027,2014-05-18T00:00:00.000+05:30,7650
46215,2014-05-07T00:00:00.000+05:30,7050
59829,2013-10-14T00:00:00.000+05:30,2051
61190,2013-12-04T00:00:00.000+05:30,6566
62914,2014-02-06T00:00:00.000+05:30,6315
60185,2013-10-28T00:00:00.000+05:30,4876
5353,2013-08-26T00:00:00.000+05:30,8926
3662,2013-08-15T00:00:00.000+05:30,424
26566,2014-01-05T00:00:00.000+05:30,10315
52900,2014-06-23T00:00:00.000+05:30,3382
45231,2014-05-01T00:00:00.000+05:30,6891
27099,2014-01-09T00:00:00.000+05:30,6489
64462,2014-04-07T00:00:00.000+05:30,9913
13630,2013-10-17T00:00:00.000+05:30,6850
8997,2013-09-19T00:00:00.000+05:30,1886
21092,2013-12-01T00:00:00.000+05:30,8795
51357,2014-06-12T00:00:00.000+05:30,7333
30498,2014-01-30T00:00:00.000+05:30,10886
17857,2013-11-12T00:00:00.000+05:30,350
30302,2014-01-29T00:00:00.000+05:30,8875
56880,2014-07-19T00:00:00.000+05:30,7794
20579,2013-11-29T00:00:00.000+05:30,289
56587,2014-07-18T00:00:00.000+05:30,8749
49577,2014-05-30T00:00:00.000+05:30,8199
22659,2013-12-11T00:00:00.000+05:30,5951
56824,2014-07-19T00:00:00.000+05:30,1595
29224,2014-01-21T00:00:00.000+05:30,9713
45225,2014-05-01T00:00:00.000+05:30,11939
61712,2013-12-23T00:00:00.000+05:30,10882
38488,2014-03-19T00:00:00.000+05:30,4768
26851,2014-01-07T00:00:00.000+05:30,4715
18395,2013-11-15T00:00:00.000+05:30,138
40445,2014-03-31T00:00:00.000+05:30,3012
30988,2014-02-01T00:00:00.000+05:30,8189
30098,2014-01-28T00:00:00.000+05:30,132
68523,2014-06-05T00:00:00.000+05:30,1432
67480,2013-08-10T00:00:00.000+05:30,11410
45479,2014-05-03T00:00:00.000+05:30,9400
33384,2014-02-16T00:00:00.000+05:30,717
28628,2014-01-18T00:00:00.000+05:30,3812
31110,2014-02-02T00:00:00.000+05:30,3787
20868,2013-11-30T00:00:00.000+05:30,5378
67004,2014-07-09T00:00:00.000+05:30,6123
26752,2014-01-07T00:00:00.000+05:30,1482
67396,2014-07-24T00:00:00.000+05:30,282
39479,2014-03-26T00:00:00.000+05:30,6374
65753,2014-05-24T00:00:00.000+05:30,5570
61393,2013-12-13T00:00:00.000+05:30,8948
13651,2013-10-17T00:00:00.000+05:30,8643
7788,2013-09-10T00:00:00.000+05:30,4476
59915,2013-10-17T00:00:00.000+05:30,9718
37418,2014-03-12T00:00:00.000+05:30,539
19871,2013-11-24T00:00:00.000+05:30,5385
1249,2013-07-31T00:00:00.000+05:30,4014
30876,2014-02-01T00:00:00.000+05:30,10960
40303,2014-03-31T00:00:00.000+05:30,9426
40560,2014-04-01T00:00:00.000+05:30,6060
44628,2014-04-27T00:00:00.000+05:30,5176
37268,2014-03-11T00:00:00.000+05:30,9155
51298,2014-06-12T00:00:00.000+05:30,9272
26064,2014-01-02T00:00:00.000+05:30,11387
12077,2013-10-06T00:00:00.000+05:30,10549
49047,2014-05-26T00:00:00.000+05:30,5493
3490,2013-08-14T00:00:00.000+05:30,6448
63486,2014-02-27T00:00:00.000+05:30,2586
65330,2014-05-09T00:00:00.000+05:30,9153
67425,2013-07-27T00:00:00.000+05:30,12325
20044,2013-11-26T00:00:00.000+05:30,12321
67772,2013-11-03T00:00:00.000+05:30,3342
58289,2013-08-14T00:00:00.000+05:30,1886
64107,2014-03-24T00:00:00.000+05:30,12359
63374,2014-02-23T00:00:00.000+05:30,3924
24611,2013-12-24T00:00:00.000+05:30,2020
20122,2013-11-27T00:00:00.000+05:30,821
20590,2013-11-29T00:00:00.000+05:30,6965
26495,2014-01-05T00:00:00.000+05:30,7924
29713,2014-01-24T00:00:00.000+05:30,7186
42356,2014-04-12T00:00:00.000+05:30,10717
12787,2013-10-11T00:00:00.000+05:30,2794
57596,2014-07-24T00:00:00.000+05:30,2634
33171,2014-02-15T00:00:00.000+05:30,8409
6431,2013-09-03T00:00:00.000+05:30,714
23308,2013-12-16T00:00:00.000+05:30,8289
17385,2013-11-10T00:00:00.000+05:30,9563
64090,2014-03-23T00:00:00.000+05:30,6485
37086,2014-03-10T00:00:00.000+05:30,10620
46651,2014-05-10T00:00:00.000+05:30,4654
23872,2013-12-20T00:00:00.000+05:30,5146
27943,2014-01-14T00:00:00.000+05:30,3347
16534,2013-11-05T00:00:00.000+05:30,637
32445,2014-02-10T00:00:00.000+05:30,956
33181,2014-02-15T00:00:00.000+05:30,10525
50264,2014-06-05T00:00:00.000+05:30,10253
68056,2014-01-25T00:00:00.000+05:30,7158
21779,2013-12-06T00:00:00.000+05:30,3219
62762,2014-01-31T00:00:00.000+05:30,1628
67854,2013-11-27T00:00:00.000+05:30,2356
40784,2014-04-02T00:00:00.000+05:30,8502
11113,2013-10-01T00:00:00.000+05:30,5519
11608,2013-10-04T00:00:00.000+05:30,6016
39465,2014-03-26T00:00:00.000+05:30,711
52406,2014-06-18T00:00:00.000+05:30,5445
20276,2013-11-28T00:00:00.000+05:30,10182
51718,2014-06-14T00:00:00.000+05:30,5071
16490,2013-11-05T00:00:00.000+05:30,7136
40156,2014-03-30T00:00:00.000+05:30,5573
31572,2014-02-05T00:00:00.000+05:30,7157
36264,2014-03-04T00:00:00.000+05:30,7479
56997,2014-07-20T00:00:00.000+05:30,2725
58384,2013-08-18T00:00:00.000+05:30,11697
42278,2014-04-11T00:00:00.000+05:30,10457
55247,2014-07-09T00:00:00.000+05:30,9515
56096,2014-07-15T00:00:00.000+05:30,6134
39875,2014-03-28T00:00:00.000+05:30,1602
38502,2014-03-19T00:00:00.000+05:30,9567
14105,2013-10-21T00:00:00.000+05:30,12424
24315,2013-12-22T00:00:00.000+05:30,8704
59540,2013-10-02T00:00:00.000+05:30,9701
60218,2013-10-30T00:00:00.000+05:30,1016
9749,2013-09-24T00:00:00.000+05:30,8685
47553,2014-05-15T00:00:00.000+05:30,1670
8351,2013-09-14T00:00:00.000+05:30,1282
18791,2013-11-18T00:00:00.000+05:30,224
40296,2014-03-31T00:00:00.000+05:30,6569
21567,2013-12-05T00:00:00.000+05:30,9431
63243,2014-02-17T00:00:00.000+05:30,1603
6869,2013-09-06T00:00:00.000+05:30,2199
315,2013-07-26T00:00:00.000+05:30,4375
58949,2013-09-09T00:00:00.000+05:30,226
63244,2014-02-17T00:00:00.000+05:30,8469
2672,2013-08-08T00:00:00.000+05:30,7324
35645,2014-03-01T00:00:00.000+05:30,3519
4967,2013-08-24T00:00:00.000+05:30,5861
27182,2014-01-10T00:00:00.000+05:30,1747
52178,2014-06-17T00:00:00.000+05:30,5930
22548,2013-12-10T00:00:00.000+05:30,241
38428,2014-03-18T00:00:00.000+05:30,1597
65928,2014-06-02T00:00:00.000+05:30,7662
17131,2013-11-09T00:00:00.000+05:30,12401
66494,2014-06-20T00:00:00.000+05:30,12425
48531,2014-05-21T00:00:00.000+05:30,1709
68214,2014-03-07T00:00:00.000+05:30,6998
22402,2013-12-09T00:00:00.000+05:30,9147
45097,2014-04-30T00:00:00.000+05:30,5178
1385,2013-08-01T00:00:00.000+05:30,12198
31250,2014-02-03T00:00:00.000+05:30,1470
21500,2013-12-04T00:00:00.000+05:30,3085
25315,2013-12-28T00:00:00.000+05:30,11065
8177,2013-09-14T00:00:00.000+05:30,10964
8163,2013-09-14T00:00:00.000+05:30,10588
19853,2013-11-24T00:00:00.000+05:30,5414
45419,2014-05-02T00:00:00.000+05:30,5285
60706,2013-11-17T00:00:00.000+05:30,2616
14786,2013-10-26T00:00:00.000+05:30,3252
37690,2014-03-14T00:00:00.000+05:30,4860
54343,2014-07-03T00:00:00.000+05:30,8936
16874,2013-11-07T00:00:00.000+05:30,254
42205,2014-04-10T00:00:00.000+05:30,530
17514,2013-11-11T00:00:00.000+05:30,7413
29551,2014-01-23T00:00:00.000+05:30,4258
6497,2013-09-03T00:00:00.000+05:30,6993
34319,2014-02-21T00:00:00.000+05:30,7043
40953,2014-04-03T00:00:00.000+05:30,12062
2141,2013-08-05T00:00:00.000+05:30,5269
19396,2013-11-22T00:00:00.000+05:30,1503
136,2013-07-26T00:00:00.000+05:30,9126
24806,2013-12-26T00:00:00.000+05:30,2264
39249,2014-03-24T00:00:00.000+05:30,4623
52307,2014-06-18T00:00:00.000+05:30,7285
19467,2013-11-23T00:00:00.000+05:30,5866
63912,2014-03-17T00:00:00.000+05:30,6710
36960,2014-03-10T00:00:00.000+05:30,7383
7731,2013-09-10T00:00:00.000+05:30,11214
8270,2013-09-14T00:00:00.000+05:30,2549
46676,2014-05-10T00:00:00.000+05:30,6932
46041,2014-05-06T00:00:00.000+05:30,11667
34951,2014-02-25T00:00:00.000+05:30,9074
62185,2014-01-11T00:00:00.000+05:30,8431
25320,2013-12-28T00:00:00.000+05:30,9232
68329,2014-04-09T00:00:00.000+05:30,6688
35490,2014-02-28T00:00:00.000+05:30,11062
5114,2013-08-25T00:00:00.000+05:30,3014
2786,2013-08-10T00:00:00.000+05:30,11505
14288,2013-10-23T00:00:00.000+05:30,8198
64272,2014-04-01T00:00:00.000+05:30,6444
51124,2014-06-10T00:00:00.000+05:30,3379
52781,2014-06-21T00:00:00.000+05:30,5287
24128,2013-12-21T00:00:00.000+05:30,9563
14015,2013-10-20T00:00:00.000+05:30,9213
50545,2014-06-07T00:00:00.000+05:30,2996
41232,2014-04-04T00:00:00.000+05:30,9664
28059,2014-01-14T00:00:00.000+05:30,10883
15928,2013-11-03T00:00:00.000+05:30,5790
19560,2013-11-23T00:00:00.000+05:30,6643
64532,2014-04-10T00:00:00.000+05:30,11659
48874,2014-05-24T00:00:00.000+05:30,10165
62579,2014-01-25T00:00:00.000+05:30,2796
30759,2014-01-31T00:00:00.000+05:30,1810
39658,2014-03-27T00:00:00.000+05:30,9867
5847,2013-08-29T00:00:00.000+05:30,75
25176,2013-12-27T00:00:00.000+05:30,10758
48402,2014-05-21T00:00:00.000+05:30,10739
40621,2014-04-01T00:00:00.000+05:30,11988
62500,2014-01-23T00:00:00.000+05:30,5696
10174,2013-09-26T00:00:00.000+05:30,1090
49472,2014-05-29T00:00:00.000+05:30,11627
18324,2013-11-14T00:00:00.000+05:30,6528
26740,2014-01-06T00:00:00.000+05:30,3422
7730,2013-09-10T00:00:00.000+05:30,10197
64948,2014-04-25T00:00:00.000+05:30,2088
44317,2014-04-26T00:00:00.000+05:30,10846
63190,2014-02-15T00:00:00.000+05:30,2240
13573,2013-10-17T00:00:00.000+05:30,706
15967,2013-11-03T00:00:00.000+05:30,2069
63217,2014-02-15T00:00:00.000+05:30,9125
8363,2013-09-14T00:00:00.000+05:30,3436
43414,2014-04-20T00:00:00.000+05:30,3111
17281,2013-11-09T00:00:00.000+05:30,6787
55024,2014-07-08T00:00:00.000+05:30,2970
30660,2014-01-31T00:00:00.000+05:30,5874
25944,2014-01-01T00:00:00.000+05:30,7542
21604,2013-12-05T00:00:00.000+05:30,8742
46755,2014-05-11T00:00:00.000+05:30,2567
37424,2014-03-12T00:00:00.000+05:30,2052
62771,2014-01-31T00:00:00.000+05:30,8254
56890,2014-07-19T00:00:00.000+05:30,9588
60694,2013-11-17T00:00:00.000+05:30,10542
37354,2014-03-12T00:00:00.000+05:30,5267
40892,2014-04-02T00:00:00.000+05:30,2025
42652,2014-04-14T00:00:00.000+05:30,8631
39798,2014-03-28T00:00:00.000+05:30,452
31010,2014-02-01T00:00:00.000+05:30,2656
24441,2013-12-23T00:00:00.000+05:30,12018
29623,2014-01-23T00:00:00.000+05:30,2437
12677,2013-10-11T00:00:00.000+05:30,10572
32490,2014-02-10T00:00:00.000+05:30,6191
2490,2013-08-07T00:00:00.000+05:30,1011
37463,2014-03-12T00:00:00.000+05:30,6559
53391,2014-06-26T00:00:00.000+05:30,1554
65642,2014-05-20T00:00:00.000+05:30,9779
38871,2014-03-22T00:00:00.000+05:30,11525
14937,2013-10-27T00:00:00.000+05:30,10557
65841,2014-05-29T00:00:00.000+05:30,6533
3321,2013-08-12T00:00:00.000+05:30,12231
14699,2013-10-26T00:00:00.000+05:30,12028
8708,2013-09-18T00:00:00.000+05:30,1080
25521,2013-12-30T00:00:00.000+05:30,3285
62711,2014-01-29T00:00:00.000+05:30,10748
64876,2014-04-22T00:00:00.000+05:30,5982
27889,2014-01-13T00:00:00.000+05:30,2727
340,2013-07-26T00:00:00.000+05:30,7995
11223,2013-10-02T00:00:00.000+05:30,3184
30561,2014-01-30T00:00:00.000+05:30,2476
15275,2013-10-30T00:00:00.000+05:30,11930
64436,2014-04-07T00:00:00.000+05:30,5279
63611,2014-03-04T00:00:00.000+05:30,5722
67627,2013-09-16T00:00:00.000+05:30,4294
66869,2014-07-05T00:00:00.000+05:30,2828
32680,2014-02-12T00:00:00.000+05:30,3761
24960,2013-12-26T00:00:00.000+05:30,3173
63994,2014-03-19T00:00:00.000+05:30,6625
62659,2014-01-27T00:00:00.000+05:30,5163
56162,2014-07-15T00:00:00.000+05:30,8873
54799,2014-07-06T00:00:00.000+05:30,10778
46535,2014-05-09T00:00:00.000+05:30,11927
45250,2014-05-01T00:00:00.000+05:30,3580
47071,2014-05-12T00:00:00.000+05:30,6939
16708,2013-11-06T00:00:00.000+05:30,2587
38059,2014-03-16T00:00:00.000+05:30,3766
52508,2014-06-19T00:00:00.000+05:30,903
10169,2013-09-26T00:00:00.000+05:30,10631
16820,2013-11-07T00:00:00.000+05:30,10695
40346,2014-03-31T00:00:00.000+05:30,1355
21554,2013-12-05T00:00:00.000+05:30,2744
55537,2014-07-11T00:00:00.000+05:30,1513
11179,2013-10-02T00:00:00.000+05:30,12377
43703,2014-04-21T00:00:00.000+05:30,11624
42780,2014-04-15T00:00:00.000+05:30,3821
51390,2014-06-12T00:00:00.000+05:30,5686
11639,2013-10-04T00:00:00.000+05:30,133
5075,2013-08-24T00:00:00.000+05:30,9073
41391,2014-04-05T00:00:00.000+05:30,12104
52137,2014-06-16T00:00:00.000+05:30,11506
25645,2013-12-31T00:00:00.000+05:30,79
21765,2013-12-06T00:00:00.000+05:30,11986
43090,2014-04-18T00:00:00.000+05:30,10494
32993,2014-02-13T00:00:00.000+05:30,2026
17542,2013-11-11T00:00:00.000+05:30,8486
56738,2014-07-19T00:00:00.000+05:30,6992
14717,2013-10-26T00:00:00.000+05:30,838
41247,2014-04-04T00:00:00.000+05:30,1753
22966,2013-12-13T00:00:00.000+05:30,633
2252,2013-08-06T00:00:00.000+05:30,80
12120,2013-10-07T00:00:00.000+05:30,4039
7497,2013-09-09T00:00:00.000+05:30,4627
4313,2013-08-19T00:00:00.000+05:30,4926
32872,2014-02-13T00:00:00.000+05:30,749
17511,2013-11-11T00:00:00.000+05:30,10961
64078,2014-03-23T00:00:00.000+05:30,10939
12257,2013-10-08T00:00:00.000+05:30,7595
22556,2013-12-10T00:00:00.000+05:30,5025
21365,2013-12-03T00:00:00.000+05:30,4876
60687,2013-11-17T00:00:00.000+05:30,11029
9615,2013-09-23T00:00:00.000+05:30,9701
54493,2014-07-04T00:00:00.000+05:30,4949
10302,2013-09-26T00:00:00.000+05:30,10593
48476,2014-05-21T00:00:00.000+05:30,6113
22177,2013-12-07T00:00:00.000+05:30,4322
11134,2013-10-02T00:00:00.000+05:30,3928
15993,2013-11-03T00:00:00.000+05:30,2837
15920,2013-11-03T00:00:00.000+05:30,2902
1942,2013-08-04T00:00:00.000+05:30,5837
41233,2014-04-04T00:00:00.000+05:30,10236
44196,2014-04-25T00:00:00.000+05:30,11114
20347,2013-11-28T00:00:00.000+05:30,5519
30998,2014-02-01T00:00:00.000+05:30,8820
5647,2013-08-28T00:00:00.000+05:30,8409
60611,2013-11-14T00:00:00.000+05:30,9993
42358,2014-04-12T00:00:00.000+05:30,753
34612,2014-02-23T00:00:00.000+05:30,6488
29185,2014-01-21T00:00:00.000+05:30,7807
60594,2013-11-14T00:00:00.000+05:30,3099
22102,2013-12-07T00:00:00.000+05:30,10507
68163,2014-02-21T00:00:00.000+05:30,9382
44094,2014-04-24T00:00:00.000+05:30,5897
64084,2014-03-23T00:00:00.000+05:30,72
65260,2014-05-06T00:00:00.000+05:30,3454
14563,2013-10-25T00:00:00.000+05:30,4471
50052,2014-06-02T00:00:00.000+05:30,8952
35564,2014-03-01T00:00:00.000+05:30,1262
37652,2014-03-14T00:00:00.000+05:30,7479
12660,2013-10-11T00:00:00.000+05:30,11615
55313,2014-07-10T00:00:00.000+05:30,9415
26189,2014-01-03T00:00:00.000+05:30,6269
66076,2014-06-07T00:00:00.000+05:30,2883
62070,2014-01-08T00:00:00.000+05:30,1172
32123,2014-02-09T00:00:00.000+05:30,2467
21239,2013-12-03T00:00:00.000+05:30,12038
55584,2014-07-11T00:00:00.000+05:30,1920
65531,2014-05-16T00:00:00.000+05:30,4311
36980,2014-03-10T00:00:00.000+05:30,7829
60785,2013-11-20T00:00:00.000+05:30,4985
68795,2014-02-09T00:00:00.000+05:30,6950
29102,2014-01-21T00:00:00.000+05:30,10164
19972,2013-11-25T00:00:00.000+05:30,1013
38256,2014-03-18T00:00:00.000+05:30,11757
11596,2013-10-04T00:00:00.000+05:30,5837
58046,2013-08-04T00:00:00.000+05:30,11633
21145,2013-12-02T00:00:00.000+05:30,9710
9684,2013-09-24T00:00:00.000+05:30,11160
32729,2014-02-12T00:00:00.000+05:30,1578
54734,2014-07-05T00:00:00.000+05:30,1062
8665,2013-09-17T00:00:00.000+05:30,3204
51784,2014-06-14T00:00:00.000+05:30,6514
624,2013-07-28T00:00:00.000+05:30,1821
58609,2013-08-26T00:00:00.000+05:30,10500
31863,2014-02-07T00:00:00.000+05:30,915
39253,2014-03-24T00:00:00.000+05:30,11093
8276,2013-09-14T00:00:00.000+05:30,8600
58662,2013-08-28T00:00:00.000+05:30,10822
57957,2013-08-01T00:00:00.000+05:30,9526
12208,2013-10-08T00:00:00.000+05:30,6030
44649,2014-04-27T00:00:00.000+05:30,2901
57195,2014-07-21T00:00:00.000+05:30,359
68405,2014-04-30T00:00:00.000+05:30,6224
42730,2014-04-15T00:00:00.000+05:30,6141
57477,2014-07-23T00:00:00.000+05:30,6155
11485,2013-10-04T00:00:00.000+05:30,1746
27566,2014-01-11T00:00:00.000+05:30,7850
25391,2013-12-29T00:00:00.000+05:30,11247
37997,2014-03-15T00:00:00.000+05:30,3014
7899,2013-09-12T00:00:00.000+05:30,11089
21048,2013-12-01T00:00:00.000+05:30,12419
39634,2014-03-26T00:00:00.000+05:30,254
47305,2014-05-13T00:00:00.000+05:30,11220
18451,2013-11-16T00:00:00.000+05:30,12312
23074,2013-12-15T00:00:00.000+05:30,6888
55676,2014-07-12T00:00:00.000+05:30,9995
39385,2014-03-25T00:00:00.000+05:30,7478
22735,2013-12-11T00:00:00.000+05:30,1364
21963,2013-12-06T00:00:00.000+05:30,3617
9484,2013-09-22T00:00:00.000+05:30,63
40947,2014-04-03T00:00:00.000+05:30,539
34311,2014-02-21T00:00:00.000+05:30,11050
19995,2013-11-25T00:00:00.000+05:30,12174
38724,2014-03-21T00:00:00.000+05:30,2313
31783,2014-02-06T00:00:00.000+05:30,6201
35731,2014-03-01T00:00:00.000+05:30,2755
365,2013-07-27T00:00:00.000+05:30,2400
67285,2014-07-20T00:00:00.000+05:30,8514
30996,2014-02-01T00:00:00.000+05:30,3632
67081,2014-07-13T00:00:00.000+05:30,4113
2525,2013-08-07T00:00:00.000+05:30,2340
68861,2014-06-13T00:00:00.000+05:30,3031
16916,2013-11-07T00:00:00.000+05:30,6162
60995,2013-11-26T00:00:00.000+05:30,1724
24758,2013-12-25T00:00:00.000+05:30,2312
57671,2014-07-24T00:00:00.000+05:30,9920
57962,2013-08-01T00:00:00.000+05:30,10521
11620,2013-10-04T00:00:00.000+05:30,7069
35413,2014-02-28T00:00:00.000+05:30,3330
6765,2013-09-05T00:00:00.000+05:30,11189
33285,2014-02-15T00:00:00.000+05:30,4191
58886,2013-09-06T00:00:00.000+05:30,10965
56597,2014-07-18T00:00:00.000+05:30,10354
61374,2013-12-12T00:00:00.000+05:30,3095
58553,2013-08-24T00:00:00.000+05:30,3754
68716,2013-09-12T00:00:00.000+05:30,8872
44485,2014-04-26T00:00:00.000+05:30,7393
30263,2014-01-29T00:00:00.000+05:30,6229
35366,2014-02-28T00:00:00.000+05:30,9605
13499,2013-10-16T00:00:00.000+05:30,10414
59891,2013-10-16T00:00:00.000+05:30,10223
44462,2014-04-26T00:00:00.000+05:30,8436
29701,2014-01-24T00:00:00.000+05:30,8145
45083,2014-04-30T00:00:00.000+05:30,11593
67498,2013-08-16T00:00:00.000+05:30,12018
45964,2014-05-06T00:00:00.000+05:30,11047
21748,2013-12-05T00:00:00.000+05:30,4259
203,2013-07-26T00:00:00.000+05:30,11791
63293,2014-02-19T00:00:00.000+05:30,5588
30456,2014-01-30T00:00:00.000+05:30,6301
34366,2014-02-21T00:00:00.000+05:30,11738
22938,2013-12-13T00:00:00.000+05:30,3503
16008,2013-11-03T00:00:00.000+05:30,10201
49778,2014-06-01T00:00:00.000+05:30,3582
21848,2013-12-06T00:00:00.000+05:30,30
40990,2014-04-03T00:00:00.000+05:30,2460
42110,2014-04-10T00:00:00.000+05:30,4383
45844,2014-05-05T00:00:00.000+05:30,987
30349,2014-01-29T00:00:00.000+05:30,10508
38324,2014-03-18T00:00:00.000+05:30,4548
67470,2013-08-07T00:00:00.000+05:30,977
30280,2014-01-29T00:00:00.000+05:30,3469
11029,2013-09-30T00:00:00.000+05:30,2117
22906,2013-12-12T00:00:00.000+05:30,12176
30208,2014-01-28T00:00:00.000+05:30,8517
38219,2014-03-17T00:00:00.000+05:30,2776
20342,2013-11-28T00:00:00.000+05:30,4107
51429,2014-06-13T00:00:00.000+05:30,11122
27988,2014-01-14T00:00:00.000+05:30,10616
10413,2013-09-27T00:00:00.000+05:30,12197
23545,2013-12-18T00:00:00.000+05:30,8414
6555,2013-09-04T00:00:00.000+05:30,8915
16306,2013-11-04T00:00:00.000+05:30,1878
26888,2014-01-07T00:00:00.000+05:30,3135
37959,2014-03-15T00:00:00.000+05:30,8203
57997,2013-08-03T00:00:00.000+05:30,7265
50442,2014-06-06T00:00:00.000+05:30,9766
38041,2014-03-16T00:00:00.000+05:30,512
30374,2014-01-30T00:00:00.000+05:30,4869
16987,2013-11-08T00:00:00.000+05:30,4301
58172,2013-08-10T00:00:00.000+05:30,743
50058,2014-06-02T00:00:00.000+05:30,6688
51588,2014-06-13T00:00:00.000+05:30,8188
35918,2014-03-03T00:00:00.000+05:30,9138
36055,2014-03-03T00:00:00.000+05:30,2821
63003,2014-02-09T00:00:00.000+05:30,3827
42876,2014-04-16T00:00:00.000+05:30,6016
21340,2013-12-03T00:00:00.000+05:30,2655
55863,2014-07-13T00:00:00.000+05:30,5400
55274,2014-07-09T00:00:00.000+05:30,5119
21928,2013-12-06T00:00:00.000+05:30,6842
23548,2013-12-18T00:00:00.000+05:30,8640
48033,2014-05-18T00:00:00.000+05:30,1312
45772,2014-05-05T00:00:00.000+05:30,7955
35139,2014-02-26T00:00:00.000+05:30,6213
51273,2014-06-11T00:00:00.000+05:30,1863
27269,2014-01-10T00:00:00.000+05:30,7325
22371,2013-12-09T00:00:00.000+05:30,738
45627,2014-05-04T00:00:00.000+05:30,10024
51566,2014-06-13T00:00:00.000+05:30,215
68337,2014-04-11T00:00:00.000+05:30,8897
13875,2013-10-19T00:00:00.000+05:30,11633
52465,2014-06-19T00:00:00.000+05:30,3925
66342,2014-06-15T00:00:00.000+05:30,1309
25018,2013-12-26T00:00:00.000+05:30,4207
11421,2013-10-03T00:00:00.000+05:30,8381
19289,2013-11-22T00:00:00.000+05:30,9052
58883,2013-09-06T00:00:00.000+05:30,9736
31791,2014-02-06T00:00:00.000+05:30,3460
15987,2013-11-03T00:00:00.000+05:30,5902
33642,2014-02-17T00:00:00.000+05:30,7787
4345,2013-08-20T00:00:00.000+05:30,5642
