44034,2014-04-24T00:00:00.000+05:30,3148
65802,2014-05-28T00:00:00.000+05:30,1693
68131,2014-02-12T00:00:00.000+05:30,3291
44402,2014-04-26T00:00:00.000+05:30,5306
61432,2013-12-14T00:00:00.000+05:30,11183
32805,2014-02-12T00:00:00.000+05:30,6668
1504,2013-08-01T00:00:00.000+05:30,8961
12835,2013-10-12T00:00:00.000+05:30,7891
35249,2014-02-27T00:00:00.000+05:30,7015
51173,2014-06-10T00:00:00.000+05:30,6730
61370,2013-12-12T00:00:00.000+05:30,1196
8074,2013-09-13T00:00:00.000+05:30,7210
55590,2014-07-11T00:00:00.000+05:30,5316
2494,2013-08-07T00:00:00.000+05:30,3356
33204,2014-02-15T00:00:00.000+05:30,4512
41222,2014-04-04T00:00:00.000+05:30,11144
23101,2013-12-15T00:00:00.000+05:30,10458
3147,2013-08-11T00:00:00.000+05:30,548
58235,2013-08-12T00:00:00.000+05:30,9489
22434,2013-12-09T00:00:00.000+05:30,23
65614,2014-05-19T00:00:00.000+05:30,6617
23256,2013-12-16T00:00:00.000+05:30,9652
15554,2013-11-01T00:00:00.000+05:30,4431
16983,2013-11-08T00:00:00.000+05:30,3273
24001,2013-12-21T00:00:00.000+05:30,6602
59860,2013-10-15T00:00:00.000+05:30,10281
900,2013-07-30T00:00:00.000+05:30,8585
7996,2013-09-12T00:00:00.000+05:30,4116
24137,2013-12-21T00:00:00.000+05:30,4227
49098,2014-05-26T00:00:00.000+05:30,1932
35613,2014-03-01T00:00:00.000+05:30,6623
12316,2013-10-08T00:00:00.000+05:30,1672
34069,2014-02-19T00:00:00.000+05:30,4495
55327,2014-07-10T00:00:00.000+05:30,8687
9831,2013-09-24T00:00:00.000+05:30,8186
63112,2014-02-13T00:00:00.000+05:30,4070
3731,2013-08-15T00:00:00.000+05:30,2039
8783,2013-09-18T00:00:00.000+05:30,7522
25684,2013-12-31T00:00:00.000+05:30,119
21784,2013-12-06T00:00:00.000+05:30,204
14656,2013-10-25T00:00:00.000+05:30,879
11800,2013-10-05T00:00:00.000+05:30,6086
57398,2014-07-22T00:00:00.000+05:30,5047
64796,2014-04-19T00:00:00.000+05:30,4278
65515,2014-05-16T00:00:00.000+05:30,4228
33783,2014-02-18T00:00:00.000+05:30,6719
13087,2013-10-13T00:00:00.000+05:30,9206
62375,2014-01-19T00:00:00.000+05:30,1339
43287,2014-04-19T00:00:00.000+05:30,2366
7432,2013-09-09T00:00:00.000+05:30,2696
24947,2013-12-26T00:00:00.000+05:30,11476
4843,2013-08-23T00:00:00.000+05:30,3550
58929,2013-09-07T00:00:00.000+05:30,5552
59786,2013-10-12T00:00:00.000+05:30,8892
1934,2013-08-04T00:00:00.000+05:30,4019
1833,2013-08-03T00:00:00.000+05:30,1798
3815,2013-08-16T00:00:00.000+05:30,5209
48521,2014-05-21T00:00:00.000+05:30,3580
8523,2013-09-16T00:00:00.000+05:30,9643
17648,2013-11-11T00:00:00.000+05:30,12307
57388,2014-07-22T00:00:00.000+05:30,11781
44182,2014-04-25T00:00:00.000+05:30,1311
18044,2013-11-13T00:00:00.000+05:30,621
63500,2014-02-27T00:00:00.000+05:30,2815
13880,2013-10-19T00:00:00.000+05:30,437
3000,2013-08-10T00:00:00.000+05:30,9591
67780,2013-11-05T00:00:00.000+05:30,1317
21654,2013-12-05T00:00:00.000+05:30,3554
50580,2014-06-07T00:00:00.000+05:30,1332
44963,2014-04-29T00:00:00.000+05:30,8678
58999,2013-09-11T00:00:00.000+05:30,11855
3771,2013-08-16T00:00:00.000+05:30,5460
17057,2013-11-08T00:00:00.000+05:30,520
35784,2014-03-01T00:00:00.000+05:30,8888
61066,2013-11-29T00:00:00.000+05:30,12042
21518,2013-12-04T00:00:00.000+05:30,2608
10885,2013-09-30T00:00:00.000+05:30,1527
4986,2013-08-24T00:00:00.000+05:30,7700
58004,2013-08-03T00:00:00.000+05:30,1493
40746,2014-04-02T00:00:00.000+05:30,8489
6955,2013-09-06T00:00:00.000+05:30,11822
45939,2014-05-06T00:00:00.000+05:30,11931
62978,2014-02-08T00:00:00.000+05:30,298
34431,2014-02-21T00:00:00.000+05:30,4419
35412,2014-02-28T00:00:00.000+05:30,6975
48889,2014-05-25T00:00:00.000+05:30,12125
52680,2014-06-20T00:00:00.000+05:30,1885
17883,2013-11-13T00:00:00.000+05:30,8658
24713,2013-12-25T00:00:00.000+05:30,9812
35697,2014-03-01T00:00:00.000+05:30,11702
48640,2014-05-23T00:00:00.000+05:30,10032
62405,2014-01-20T00:00:00.000+05:30,9801
15093,2013-10-28T00:00:00.000+05:30,9635
28680,2014-01-18T00:00:00.000+05:30,4658
65350,2014-05-09T00:00:00.000+05:30,4457
60815,2013-11-21T00:00:00.000+05:30,1915
17873,2013-11-13T00:00:00.000+05:30,4551
59458,2013-09-30T00:00:00.000+05:30,12058
10560,2013-09-28T00:00:00.000+05:30,3454
60188,2013-10-29T00:00:00.000+05:30,6750
40386,2014-03-31T00:00:00.000+05:30,3735
44049,2014-04-24T00:00:00.000+05:30,8621
8999,2013-09-19T00:00:00.000+05:30,787
36616,2014-03-06T00:00:00.000+05:30,1475
45998,2014-05-06T00:00:00.000+05:30,5850
57490,2014-07-23T00:00:00.000+05:30,7237
47595,2014-05-16T00:00:00.000+05:30,12076
16139,2013-11-04T00:00:00.000+05:30,11386
4323,2013-08-20T00:00:00.000+05:30,5446
3113,2013-08-11T00:00:00.000+05:30,7673
38815,2014-03-21T00:00:00.000+05:30,3889
36725,2014-03-07T00:00:00.000+05:30,6758
42132,2014-04-10T00:00:00.000+05:30,3234
21850,2013-12-06T00:00:00.000+05:30,2944
38188,2014-03-17T00:00:00.000+05:30,9682
62773,2014-01-31T00:00:00.000+05:30,6813
56840,2014-07-19T00:00:00.000+05:30,1619
2655,2013-08-08T00:00:00.000+05:30,9304
65478,2014-05-13T00:00:00.000+05:30,11500
26898,2014-01-07T00:00:00.000+05:30,917
12345,2013-10-08T00:00:00.000+05:30,3067
7808,2013-09-11T00:00:00.000+05:30,739
57686,2014-07-24T00:00:00.000+05:30,2081
28681,2014-01-18T00:00:00.000+05:30,6893
32852,2014-02-13T00:00:00.000+05:30,9185
44163,2014-04-25T00:00:00.000+05:30,748
54353,2014-07-03T00:00:00.000+05:30,5337
15785,2013-11-02T00:00:00.000+05:30,6372
40455,2014-03-31T00:00:00.000+05:30,12163
201,2013-07-26T00:00:00.000+05:30,9055
38218,2014-03-17T00:00:00.000+05:30,10635
6290,2013-09-02T00:00:00.000+05:30,2046
29212,2014-01-21T00:00:00.000+05:30,451
10873,2013-09-30T00:00:00.000+05:30,1533
59929,2013-10-17T00:00:00.000+05:30,5072
31334,2014-02-03T00:00:00.000+05:30,661
60548,2013-11-11T00:00:00.000+05:30,9047
48196,2014-05-20T00:00:00.000+05:30,9942
41417,2014-04-05T00:00:00.000+05:30,2140
44089,2014-04-24T00:00:00.000+05:30,4633
59425,2013-09-28T00:00:00.000+05:30,10515
59127,2013-09-16T00:00:00.000+05:30,5249
46016,2014-05-06T00:00:00.000+05:30,10265
9852,2013-09-24T00:00:00.000+05:30,7861
41134,2014-04-04T00:00:00.000+05:30,5851
47008,2014-05-12T00:00:00.000+05:30,2755
48888,2014-05-25T00:00:00.000+05:30,9402
51766,2014-06-14T00:00:00.000+05:30,10335
43160,2014-04-18T00:00:00.000+05:30,3222
26908,2014-01-08T00:00:00.000+05:30,809
8821,2013-09-18T00:00:00.000+05:30,8497
53030,2014-06-24T00:00:00.000+05:30,11932
786,2013-07-29T00:00:00.000+05:30,8974
38126,2014-03-16T00:00:00.000+05:30,1716
17793,2013-11-12T00:00:00.000+05:30,6730
60052,2013-10-22T00:00:00.000+05:30,1102
36141,2014-03-04T00:00:00.000+05:30,1826
3118,2013-08-11T00:00:00.000+05:30,645
7258,2013-09-08T00:00:00.000+05:30,8125
22426,2013-12-09T00:00:00.000+05:30,158
9779,2013-09-24T00:00:00.000+05:30,4705
53667,2014-06-27T00:00:00.000+05:30,8117
51620,2014-06-13T00:00:00.000+05:30,2146
34562,2014-02-23T00:00:00.000+05:30,1497
33958,2014-02-19T00:00:00.000+05:30,1579
55451,2014-07-10T00:00:00.000+05:30,9419
1041,2013-07-30T00:00:00.000+05:30,4975
65099,2014-05-01T00:00:00.000+05:30,7522
37420,2014-03-12T00:00:00.000+05:30,8500
28675,2014-01-18T00:00:00.000+05:30,10896
7056,2013-09-07T00:00:00.000+05:30,6018
65251,2014-05-06T00:00:00.000+05:30,9019
66949,2014-07-07T00:00:00.000+05:30,9552
57717,2014-07-24T00:00:00.000+05:30,1564
52516,2014-06-19T00:00:00.000+05:30,3098
66558,2014-06-22T00:00:00.000+05:30,3246
56988,2014-07-20T00:00:00.000+05:30,8337
44157,2014-04-25T00:00:00.000+05:30,5765
7840,2013-09-11T00:00:00.000+05:30,11146
53964,2014-06-30T00:00:00.000+05:30,9731
25425,2013-12-29T00:00:00.000+05:30,12236
20988,2013-12-01T00:00:00.000+05:30,4283
49904,2014-06-02T00:00:00.000+05:30,2785
34470,2014-02-22T00:00:00.000+05:30,4567
35281,2014-02-27T00:00:00.000+05:30,5612
4663,2013-08-22T00:00:00.000+05:30,3723
34793,2014-02-24T00:00:00.000+05:30,2252
30189,2014-01-28T00:00:00.000+05:30,7228
30972,2014-02-01T00:00:00.000+05:30,7693
53161,2014-06-25T00:00:00.000+05:30,5449
8557,2013-09-17T00:00:00.000+05:30,4210
60318,2013-11-02T00:00:00.000+05:30,4588
9473,2013-09-22T00:00:00.000+05:30,5353
67254,2014-07-19T00:00:00.000+05:30,8233
21965,2013-12-06T00:00:00.000+05:30,4864
51977,2014-06-16T00:00:00.000+05:30,4478
64880,2014-04-22T00:00:00.000+05:30,5084
46074,2014-05-06T00:00:00.000+05:30,4544
44372,2014-04-26T00:00:00.000+05:30,1525
52540,2014-06-19T00:00:00.000+05:30,6008
67986,2014-01-06T00:00:00.000+05:30,9862
4,2013-07-25T00:00:00.000+05:30,8827
14446,2013-10-23T00:00:00.000+05:30,4021
65780,2014-05-26T00:00:00.000+05:30,10722
46840,2014-05-11T00:00:00.000+05:30,11492
4767,2013-08-23T00:00:00.000+05:30,10099
39485,2014-03-26T00:00:00.000+05:30,3631
56954,2014-07-20T00:00:00.000+05:30,6470
7886,2013-09-11T00:00:00.000+05:30,10225
12654,2013-10-11T00:00:00.000+05:30,499
42138,2014-04-10T00:00:00.000+05:30,11818
24404,2013-12-23T00:00:00.000+05:30,2746
44845,2014-04-28T00:00:00.000+05:30,2511
28893,2014-01-19T00:00:00.000+05:30,1867
14176,2013-10-22T00:00:00.000+05:30,5222
17991,2013-11-13T00:00:00.000+05:30,241
21281,2013-12-03T00:00:00.000+05:30,12305
49601,2014-05-30T00:00:00.000+05:30,11562
68848,2014-05-22T00:00:00.000+05:30,6517
1000,2013-07-30T00:00:00.000+05:30,2321
57369,2014-07-21T00:00:00.000+05:30,5864
26489,2014-01-05T00:00:00.000+05:30,6700
40611,2014-04-01T00:00:00.000+05:30,4581
3195,2013-08-12T00:00:00.000+05:30,7348
17409,2013-11-10T00:00:00.000+05:30,303
54007,2014-07-01T00:00:00.000+05:30,11772
16151,2013-11-04T00:00:00.000+05:30,2618
39372,2014-03-25T00:00:00.000+05:30,1756
5121,2013-08-25T00:00:00.000+05:30,7299
66448,2014-06-19T00:00:00.000+05:30,7376
23865,2013-12-20T00:00:00.000+05:30,11999
1892,2013-08-04T00:00:00.000+05:30,3515
55897,2014-07-13T00:00:00.000+05:30,291
20851,2013-11-30T00:00:00.000+05:30,12380
67202,2014-07-17T00:00:00.000+05:30,10971
29269,2014-01-21T00:00:00.000+05:30,5003
43671,2014-04-21T00:00:00.000+05:30,10626
33957,2014-02-19T00:00:00.000+05:30,8528
58130,2013-08-08T00:00:00.000+05:30,6217
16338,2013-11-05T00:00:00.000+05:30,8617
59964,2013-10-18T00:00:00.000+05:30,11919
36487,2014-03-06T00:00:00.000+05:30,11173
60104,2013-10-24T00:00:00.000+05:30,12400
24674,2013-12-25T00:00:00.000+05:30,6595
722,2013-07-29T00:00:00.000+05:30,9781
5268,2013-08-25T00:00:00.000+05:30,1782
9121,2013-09-20T00:00:00.000+05:30,10431
62690,2014-01-29T00:00:00.000+05:30,6621
1933,2013-08-04T00:00:00.000+05:30,1579
29609,2014-01-23T00:00:00.000+05:30,465
52804,2014-06-21T00:00:00.000+05:30,3237
34607,2014-02-23T00:00:00.000+05:30,2101
28189,2014-01-15T00:00:00.000+05:30,7670
17550,2013-11-11T00:00:00.000+05:30,4548
3296,2013-08-12T00:00:00.000+05:30,3062
16606,2013-11-06T00:00:00.000+05:30,5897
42210,2014-04-11T00:00:00.000+05:30,8663
64152,2014-03-26T00:00:00.000+05:30,10822
37875,2014-03-15T00:00:00.000+05:30,11923
7520,2013-09-09T00:00:00.000+05:30,1890
28211,2014-01-15T00:00:00.000+05:30,156
14264,2013-10-23T00:00:00.000+05:30,6842
35566,2014-03-01T00:00:00.000+05:30,637
36657,2014-03-06T00:00:00.000+05:30,6587
40359,2014-03-31T00:00:00.000+05:30,4149
50846,2014-06-08T00:00:00.000+05:30,10791
10004,2013-09-25T00:00:00.000+05:30,7768
35671,2014-03-01T00:00:00.000+05:30,7920
10567,2013-09-28T00:00:00.000+05:30,3393
57043,2014-07-20T00:00:00.000+05:30,4343
13739,2013-10-18T00:00:00.000+05:30,6519
59270,2013-09-24T00:00:00.000+05:30,8009
66716,2014-06-29T00:00:00.000+05:30,3052
36714,2014-03-07T00:00:00.000+05:30,4673
63458,2014-02-26T00:00:00.000+05:30,9268
39652,2014-03-27T00:00:00.000+05:30,10242
49266,2014-05-28T00:00:00.000+05:30,4265
57252,2014-07-21T00:00:00.000+05:30,318
61637,2013-12-21T00:00:00.000+05:30,8784
16549,2013-11-05T00:00:00.000+05:30,11290
50629,2014-06-07T00:00:00.000+05:30,3351
16162,2013-11-04T00:00:00.000+05:30,2486
45307,2014-05-02T00:00:00.000+05:30,3972
52563,2014-06-19T00:00:00.000+05:30,12100
41479,2014-04-06T00:00:00.000+05:30,4582
55037,2014-07-08T00:00:00.000+05:30,7823
40259,2014-03-31T00:00:00.000+05:30,11774
34687,2014-02-24T00:00:00.000+05:30,1352
36975,2014-03-10T00:00:00.000+05:30,9045
30240,2014-01-28T00:00:00.000+05:30,9547
53462,2014-06-26T00:00:00.000+05:30,125
52723,2014-06-20T00:00:00.000+05:30,2015
46249,2014-05-07T00:00:00.000+05:30,10972
50930,2014-06-09T00:00:00.000+05:30,2863
61731,2013-12-25T00:00:00.000+05:30,10666
48213,2014-05-20T00:00:00.000+05:30,8070
9942,2013-09-25T00:00:00.000+05:30,7728
68354,2014-04-17T00:00:00.000+05:30,11879
7442,2013-09-09T00:00:00.000+05:30,10316
16216,2013-11-04T00:00:00.000+05:30,7036
54839,2014-07-07T00:00:00.000+05:30,3721
10081,2013-09-25T00:00:00.000+05:30,2393
32556,2014-02-11T00:00:00.000+05:30,3326
67995,2014-01-09T00:00:00.000+05:30,5270
53123,2014-06-25T00:00:00.000+05:30,11081
29841,2014-01-26T00:00:00.000+05:30,483
17125,2013-11-09T00:00:00.000+05:30,7298
55102,2014-07-08T00:00:00.000+05:30,1204
12797,2013-10-11T00:00:00.000+05:30,7632
64036,2014-03-21T00:00:00.000+05:30,5003
5504,2013-08-27T00:00:00.000+05:30,4786
46600,2014-05-10T00:00:00.000+05:30,1363
14909,2013-10-27T00:00:00.000+05:30,11183
12201,2013-10-08T00:00:00.000+05:30,4597
7199,2013-09-07T00:00:00.000+05:30,12118
38537,2014-03-19T00:00:00.000+05:30,8426
36966,2014-03-10T00:00:00.000+05:30,8013
5687,2013-08-29T00:00:00.000+05:30,3958
5969,2013-08-31T00:00:00.000+05:30,5665
62587,2014-01-25T00:00:00.000+05:30,10908
32559,2014-02-11T00:00:00.000+05:30,11052
30597,2014-01-31T00:00:00.000+05:30,1153
11474,2013-10-04T00:00:00.000+05:30,7000
14391,2013-10-23T00:00:00.000+05:30,2381
52425,2014-06-19T00:00:00.000+05:30,6638
23670,2013-12-19T00:00:00.000+05:30,7314
4495,2013-08-21T00:00:00.000+05:30,12189
68097,2014-02-03T00:00:00.000+05:30,96
5427,2013-08-26T00:00:00.000+05:30,8552
6292,2013-09-02T00:00:00.000+05:30,172
57734,2014-07-24T00:00:00.000+05:30,2201
9751,2013-09-24T00:00:00.000+05:30,10616
26494,2014-01-05T00:00:00.000+05:30,3895
23882,2013-12-20T00:00:00.000+05:30,5345
23033,2013-12-14T00:00:00.000+05:30,6955
28065,2014-01-14T00:00:00.000+05:30,1080
67467,2013-08-07T00:00:00.000+05:30,11305
56248,2014-07-15T00:00:00.000+05:30,5183
19315,2013-11-22T00:00:00.000+05:30,11326
16445,2013-11-05T00:00:00.000+05:30,10669
67730,2013-10-21T00:00:00.000+05:30,9553
61230,2013-12-06T00:00:00.000+05:30,6765
13855,2013-10-19T00:00:00.000+05:30,4225
59277,2013-09-24T00:00:00.000+05:30,1359
9812,2013-09-24T00:00:00.000+05:30,7286
40335,2014-03-31T00:00:00.000+05:30,10812
27562,2014-01-11T00:00:00.000+05:30,38
39808,2014-03-28T00:00:00.000+05:30,5454
59710,2013-10-10T00:00:00.000+05:30,6796
21550,2013-12-05T00:00:00.000+05:30,12419
21494,2013-12-04T00:00:00.000+05:30,8215
17168,2013-11-09T00:00:00.000+05:30,6322
38848,2014-03-21T00:00:00.000+05:30,55
33422,2014-02-16T00:00:00.000+05:30,12318
9377,2013-09-22T00:00:00.000+05:30,11128
19261,2013-11-22T00:00:00.000+05:30,4035
40039,2014-03-30T00:00:00.000+05:30,11257
54890,2014-07-07T00:00:00.000+05:30,1824
3683,2013-08-15T00:00:00.000+05:30,923
22813,2013-12-12T00:00:00.000+05:30,8697
10196,2013-09-26T00:00:00.000+05:30,9743
30373,2014-01-30T00:00:00.000+05:30,7818
42899,2014-04-16T00:00:00.000+05:30,3119
65874,2014-06-01T00:00:00.000+05:30,7441
1617,2013-08-02T00:00:00.000+05:30,9488
24721,2013-12-25T00:00:00.000+05:30,2221
26897,2014-01-07T00:00:00.000+05:30,3265
54677,2014-07-05T00:00:00.000+05:30,9967
52225,2014-06-17T00:00:00.000+05:30,10423
32705,2014-02-12T00:00:00.000+05:30,937
45049,2014-04-29T00:00:00.000+05:30,3228
1696,2013-08-02T00:00:00.000+05:30,11186
40477,2014-04-01T00:00:00.000+05:30,4080
28851,2014-01-19T00:00:00.000+05:30,149
40263,2014-03-31T00:00:00.000+05:30,2792
13090,2013-10-13T00:00:00.000+05:30,3135
13765,2013-10-19T00:00:00.000+05:30,2067
44553,2014-04-27T00:00:00.000+05:30,6239
1408,2013-08-01T00:00:00.000+05:30,6819
58351,2013-08-18T00:00:00.000+05:30,5862
28577,2014-01-17T00:00:00.000+05:30,9876
28353,2014-01-16T00:00:00.000+05:30,93
29940,2014-01-26T00:00:00.000+05:30,1644
58829,2013-09-04T00:00:00.000+05:30,51
23804,2013-12-20T00:00:00.000+05:30,4359
42136,2014-04-10T00:00:00.000+05:30,1099
60534,2013-11-10T00:00:00.000+05:30,1348
26147,2014-01-03T00:00:00.000+05:30,1614
32990,2014-02-13T00:00:00.000+05:30,9327
45698,2014-05-04T00:00:00.000+05:30,8010
26198,2014-01-03T00:00:00.000+05:30,11411
50205,2014-06-04T00:00:00.000+05:30,6107
16182,2013-11-04T00:00:00.000+05:30,2305
53530,2014-06-27T00:00:00.000+05:30,6680
29772,2014-01-25T00:00:00.000+05:30,2267
28281,2014-01-15T00:00:00.000+05:30,4225
4504,2013-08-21T00:00:00.000+05:30,9816
30791,2014-02-01T00:00:00.000+05:30,1574
43702,2014-04-21T00:00:00.000+05:30,1715
41880,2014-04-09T00:00:00.000+05:30,9523
54651,2014-07-05T00:00:00.000+05:30,10277
52426,2014-06-19T00:00:00.000+05:30,8677
68145,2014-02-16T00:00:00.000+05:30,10706
62541,2014-01-24T00:00:00.000+05:30,5237
4183,2013-08-18T00:00:00.000+05:30,6445
33953,2014-02-19T00:00:00.000+05:30,365
39138,2014-03-23T00:00:00.000+05:30,8920
37676,2014-03-14T00:00:00.000+05:30,4462
28933,2014-01-20T00:00:00.000+05:30,2048
8788,2013-09-18T00:00:00.000+05:30,9232
3392,2013-08-13T00:00:00.000+05:30,8989
36893,2014-03-08T00:00:00.000+05:30,2070
48976,2014-05-25T00:00:00.000+05:30,1937
6020,2013-08-31T00:00:00.000+05:30,10389
24048,2013-12-21T00:00:00.000+05:30,11283
41746,2014-04-08T00:00:00.000+05:30,7988
241,2013-07-26T00:00:00.000+05:30,948
49794,2014-06-01T00:00:00.000+05:30,1558
26081,2014-01-03T00:00:00.000+05:30,10321
40238,2014-03-31T00:00:00.000+05:30,662
32208,2014-02-09T00:00:00.000+05:30,10100
41856,2014-04-09T00:00:00.000+05:30,6769
21979,2013-12-06T00:00:00.000+05:30,3770
13593,2013-10-17T00:00:00.000+05:30,2228
34469,2014-02-22T00:00:00.000+05:30,7241
10394,2013-09-27T00:00:00.000+05:30,934
15472,2013-10-31T00:00:00.000+05:30,3120
20514,2013-11-29T00:00:00.000+05:30,10120
6122,2013-09-01T00:00:00.000+05:30,19
25339,2013-12-28T00:00:00.000+05:30,7319
31395,2014-02-04T00:00:00.000+05:30,11551
61124,2013-12-02T00:00:00.000+05:30,148
45881,2014-05-06T00:00:00.000+05:30,805
1778,2013-08-03T00:00:00.000+05:30,11689
24803,2013-12-26T00:00:00.000+05:30,9080
48996,2014-05-26T00:00:00.000+05:30,4815
19010,2013-11-20T00:00:00.000+05:30,4469
11337,2013-10-03T00:00:00.000+05:30,662
61630,2013-12-21T00:00:00.000+05:30,3296
38698,2014-03-20T00:00:00.000+05:30,5607
68493,2014-05-24T00:00:00.000+05:30,7013
9494,2013-09-23T00:00:00.000+05:30,4279
17356,2013-11-10T00:00:00.000+05:30,8462
51729,2014-06-14T00:00:00.000+05:30,12077
65349,2014-05-09T00:00:00.000+05:30,2624
32780,2014-02-12T00:00:00.000+05:30,569
57171,2014-07-21T00:00:00.000+05:30,12171
13329,2013-10-15T00:00:00.000+05:30,9087
59088,2013-09-15T00:00:00.000+05:30,10818
66731,2014-06-29T00:00:00.000+05:30,1777
4166,2013-08-18T00:00:00.000+05:30,7435
48758,2014-05-24T00:00:00.000+05:30,7160
26400,2014-01-05T00:00:00.000+05:30,195
45784,2014-05-05T00:00:00.000+05:30,5425
30754,2014-01-31T00:00:00.000+05:30,8236
44835,2014-04-28T00:00:00.000+05:30,6652
9278,2013-09-21T00:00:00.000+05:30,6455
17353,2013-11-10T00:00:00.000+05:30,7330
45093,2014-04-30T00:00:00.000+05:30,5284
57423,2014-07-22T00:00:00.000+05:30,914
9842,2013-09-24T00:00:00.000+05:30,5854
55524,2014-07-11T00:00:00.000+05:30,5454
38732,2014-03-21T00:00:00.000+05:30,1676
10694,2013-09-28T00:00:00.000+05:30,8055
29754,2014-01-24T00:00:00.000+05:30,354
47317,2014-05-14T00:00:00.000+05:30,3978
16029,2013-11-03T00:00:00.000+05:30,1744
49392,2014-05-28T00:00:00.000+05:30,10872
32783,2014-02-12T00:00:00.000+05:30,11099
61758,2013-12-25T00:00:00.000+05:30,11645
38450,2014-03-18T00:00:00.000+05:30,5787
60040,2013-10-21T00:00:00.000+05:30,6060
29409,2014-01-22T00:00:00.000+05:30,8740
63540,2014-03-02T00:00:00.000+05:30,9792
17284,2013-11-09T00:00:00.000+05:30,267
52929,2014-06-23T00:00:00.000+05:30,11825
68662,2014-07-15T00:00:00.000+05:30,8643
26224,2014-01-03T00:00:00.000+05:30,4164
31534,2014-02-05T00:00:00.000+05:30,3762
4239,2013-08-18T00:00:00.000+05:30,5982
4769,2013-08-23T00:00:00.000+05:30,6225
61426,2013-12-13T00:00:00.000+05:30,6278
63335,2014-02-21T00:00:00.000+05:30,10079
19082,2013-11-20T00:00:00.000+05:30,5068
14788,2013-10-26T00:00:00.000+05:30,257
38654,2014-03-20T00:00:00.000+05:30,833
55985,2014-07-14T00:00:00.000+05:30,10481
46444,2014-05-09T00:00:00.000+05:30,428
9095,2013-09-20T00:00:00.000+05:30,3184
51044,2014-06-09T00:00:00.000+05:30,5984
29971,2014-01-27T00:00:00.000+05:30,9373
2212,2013-08-06T00:00:00.000+05:30,3516
38639,2014-03-20T00:00:00.000+05:30,4739
61544,2013-12-17T00:00:00.000+05:30,5691
63265,2014-02-19T00:00:00.000+05:30,10073
21028,2013-12-01T00:00:00.000+05:30,1651
42986,2014-04-17T00:00:00.000+05:30,7709
24141,2013-12-22T00:00:00.000+05:30,10714
35753,2014-03-01T00:00:00.000+05:30,2669
23018,2013-12-14T00:00:00.000+05:30,6498
22304,2013-12-08T00:00:00.000+05:30,8173
49783,2014-06-01T00:00:00.000+05:30,3283
6230,2013-09-02T00:00:00.000+05:30,12363
2536,2013-08-07T00:00:00.000+05:30,7182
37752,2014-03-14T00:00:00.000+05:30,1535
21756,2013-12-05T00:00:00.000+05:30,2368
19482,2013-11-23T00:00:00.000+05:30,7743
46914,2014-05-11T00:00:00.000+05:30,575
32255,2014-02-09T00:00:00.000+05:30,4153
51306,2014-06-12T00:00:00.000+05:30,7779
8099,2013-09-13T00:00:00.000+05:30,4019
30745,2014-01-31T00:00:00.000+05:30,11866
35272,2014-02-27T00:00:00.000+05:30,7681
41242,2014-04-04T00:00:00.000+05:30,11459
29962,2014-01-27T00:00:00.000+05:30,6503
12137,2013-10-07T00:00:00.000+05:30,1461
22265,2013-12-08T00:00:00.000+05:30,8251
65171,2014-05-03T00:00:00.000+05:30,12120
35678,2014-03-01T00:00:00.000+05:30,9692
48561,2014-05-22T00:00:00.000+05:30,6562
66093,2014-06-07T00:00:00.000+05:30,9178
34998,2014-02-25T00:00:00.000+05:30,7573
2001,2013-08-04T00:00:00.000+05:30,8368
3526,2013-08-14T00:00:00.000+05:30,1023
35081,2014-02-26T00:00:00.000+05:30,8709
18700,2013-11-18T00:00:00.000+05:30,2157
43415,2014-04-20T00:00:00.000+05:30,9544
28496,2014-01-16T00:00:00.000+05:30,11077
65604,2014-05-19T00:00:00.000+05:30,8166
33293,2014-02-15T00:00:00.000+05:30,3987
56577,2014-07-18T00:00:00.000+05:30,2944
39010,2014-03-22T00:00:00.000+05:30,2386
36698,2014-03-07T00:00:00.000+05:30,9542
32608,2014-02-11T00:00:00.000+05:30,9058
28807,2014-01-19T00:00:00.000+05:30,2656
62651,2014-01-27T00:00:00.000+05:30,5739
11273,2013-10-02T00:00:00.000+05:30,4249
20099,2013-11-27T00:00:00.000+05:30,11929
23453,2013-12-18T00:00:00.000+05:30,1844
25534,2013-12-30T00:00:00.000+05:30,11379
32589,2014-02-11T00:00:00.000+05:30,8437
40538,2014-04-01T00:00:00.000+05:30,6071
46741,2014-05-10T00:00:00.000+05:30,3010
59930,2013-10-17T00:00:00.000+05:30,5461
54468,2014-07-04T00:00:00.000+05:30,3906
30686,2014-01-31T00:00:00.000+05:30,28
28902,2014-01-19T00:00:00.000+05:30,4538
66677,2014-06-27T00:00:00.000+05:30,1591
8841,2013-09-18T00:00:00.000+05:30,8393
50922,2014-06-09T00:00:00.000+05:30,6884
68733,2013-10-16T00:00:00.000+05:30,12429
33102,2014-02-14T00:00:00.000+05:30,1064
51903,2014-06-15T00:00:00.000+05:30,4693
63311,2014-02-20T00:00:00.000+05:30,3708
33085,2014-02-14T00:00:00.000+05:30,6974
62759,2014-01-31T00:00:00.000+05:30,6789
53034,2014-06-24T00:00:00.000+05:30,1708
39413,2014-03-25T00:00:00.000+05:30,9386
34678,2014-02-24T00:00:00.000+05:30,1492
46843,2014-05-11T00:00:00.000+05:30,4317
27281,2014-01-10T00:00:00.000+05:30,1328
65542,2014-05-16T00:00:00.000+05:30,4613
2256,2013-08-06T00:00:00.000+05:30,9900
47059,2014-05-12T00:00:00.000+05:30,12284
32948,2014-02-13T00:00:00.000+05:30,10804
34554,2014-02-23T00:00:00.000+05:30,3882
54922,2014-07-07T00:00:00.000+05:30,6383
19728,2013-11-24T00:00:00.000+05:30,1115
46155,2014-05-07T00:00:00.000+05:30,8470
43298,2014-04-19T00:00:00.000+05:30,5534
43356,2014-04-20T00:00:00.000+05:30,12379
43456,2014-04-20T00:00:00.000+05:30,3535
48695,2014-05-23T00:00:00.000+05:30,11465
46165,2014-05-07T00:00:00.000+05:30,6157
2068,2013-08-05T00:00:00.000+05:30,4788
32338,2014-02-10T00:00:00.000+05:30,10625
41906,2014-04-09T00:00:00.000+05:30,1717
25535,2013-12-30T00:00:00.000+05:30,1838
14658,2013-10-25T00:00:00.000+05:30,3243
33753,2014-02-18T00:00:00.000+05:30,1671
9696,2013-09-24T00:00:00.000+05:30,6825
4113,2013-08-18T00:00:00.000+05:30,12380
52287,2014-06-18T00:00:00.000+05:30,4607
26588,2014-01-05T00:00:00.000+05:30,1653
65988,2014-06-04T00:00:00.000+05:30,3941
27370,2014-01-11T00:00:00.000+05:30,8803
37078,2014-03-10T00:00:00.000+05:30,6448
22578,2013-12-11T00:00:00.000+05:30,118
54950,2014-07-08T00:00:00.000+05:30,2906
47751,2014-05-16T00:00:00.000+05:30,1999
7395,2013-09-09T00:00:00.000+05:30,2181
52484,2014-06-19T00:00:00.000+05:30,1886
68348,2014-04-15T00:00:00.000+05:30,55
48744,2014-05-24T00:00:00.000+05:30,2868
21231,2013-12-03T00:00:00.000+05:30,6254
66300,2014-06-14T00:00:00.000+05:30,6777
57322,2014-07-21T00:00:00.000+05:30,10701
61299,2013-12-09T00:00:00.000+05:30,908
66767,2014-06-30T00:00:00.000+05:30,5944
65618,2014-05-20T00:00:00.000+05:30,7298
18940,2013-11-19T00:00:00.000+05:30,10718
46456,2014-05-09T00:00:00.000+05:30,9930
28622,2014-01-17T00:00:00.000+05:30,2998
22607,2013-12-11T00:00:00.000+05:30,147
38713,2014-03-21T00:00:00.000+05:30,5732
14011,2013-10-20T00:00:00.000+05:30,8336
21246,2013-12-03T00:00:00.000+05:30,2468
18987,2013-11-20T00:00:00.000+05:30,937
22868,2013-12-12T00:00:00.000+05:30,298
41325,2014-04-05T00:00:00.000+05:30,5679
26612,2014-01-05T00:00:00.000+05:30,3554
31163,2014-02-02T00:00:00.000+05:30,5463
9467,2013-09-22T00:00:00.000+05:30,256
58402,2013-08-19T00:00:00.000+05:30,3191
15519,2013-11-01T00:00:00.000+05:30,4770
53747,2014-06-28T00:00:00.000+05:30,11347
52000,2014-06-16T00:00:00.000+05:30,8094
43094,2014-04-18T00:00:00.000+05:30,10149
67873,2013-12-04T00:00:00.000+05:30,11574
19181,2013-11-21T00:00:00.000+05:30,2225
46383,2014-05-09T00:00:00.000+05:30,9054
6807,2013-09-06T00:00:00.000+05:30,5979
563,2013-07-28T00:00:00.000+05:30,3514
23436,2013-12-17T00:00:00.000+05:30,11245
3025,2013-08-11T00:00:00.000+05:30,7410
17574,2013-11-11T00:00:00.000+05:30,7190
3473,2013-08-14T00:00:00.000+05:30,3307
37152,2014-03-11T00:00:00.000+05:30,8469
8640,2013-09-17T00:00:00.000+05:30,410
39514,2014-03-26T00:00:00.000+05:30,2908
29674,2014-01-24T00:00:00.000+05:30,964
6546,2013-09-04T00:00:00.000+05:30,5834
61407,2013-12-13T00:00:00.000+05:30,9625
4545,2013-08-21T00:00:00.000+05:30,7416
9321,2013-09-21T00:00:00.000+05:30,1355
2302,2013-08-06T00:00:00.000+05:30,9354
32520,2014-02-11T00:00:00.000+05:30,8726
34392,2014-02-21T00:00:00.000+05:30,10482
5449,2013-08-27T00:00:00.000+05:30,9744
28822,2014-01-19T00:00:00.000+05:30,8329
22148,2013-12-07T00:00:00.000+05:30,5583
54783,2014-07-06T00:00:00.000+05:30,2918
224,2013-07-26T00:00:00.000+05:30,11938
1329,2013-08-01T00:00:00.000+05:30,6070
49624,2014-05-31T00:00:00.000+05:30,509
9825,2013-09-24T00:00:00.000+05:30,4758
28805,2014-01-19T00:00:00.000+05:30,11512
2876,2013-08-10T00:00:00.000+05:30,9548
61379,2013-12-12T00:00:00.000+05:30,8692
53289,2014-06-25T00:00:00.000+05:30,9476
52172,2014-06-17T00:00:00.000+05:30,10251
34961,2014-02-25T00:00:00.000+05:30,7435
48543,2014-05-22T00:00:00.000+05:30,1554
54587,2014-07-05T00:00:00.000+05:30,4942
2380,2013-08-06T00:00:00.000+05:30,3802
64216,2014-03-28T00:00:00.000+05:30,4750
1071,2013-07-30T00:00:00.000+05:30,8202
65356,2014-05-10T00:00:00.000+05:30,6256
8043,2013-09-13T00:00:00.000+05:30,4579
36237,2014-03-04T00:00:00.000+05:30,7919
64334,2014-04-03T00:00:00.000+05:30,2040
54881,2014-07-07T00:00:00.000+05:30,4817
57585,2014-07-23T00:00:00.000+05:30,823
57438,2014-07-22T00:00:00.000+05:30,645
27723,2014-01-12T00:00:00.000+05:30,12414
59134,2013-09-16T00:00:00.000+05:30,7240
21980,2013-12-06T00:00:00.000+05:30,7173
20752,2013-11-30T00:00:00.000+05:30,6786
14872,2013-10-27T00:00:00.000+05:30,10161
49312,2014-05-28T00:00:00.000+05:30,8648
61730,2013-12-25T00:00:00.000+05:30,5568
35023,2014-02-25T00:00:00.000+05:30,11015
31984,2014-02-07T00:00:00.000+05:30,5180
14629,2013-10-25T00:00:00.000+05:30,5638
48558,2014-05-22T00:00:00.000+05:30,4452
68627,2014-07-03T00:00:00.000+05:30,5493
22483,2013-12-10T00:00:00.000+05:30,10545
36164,2014-03-04T00:00:00.000+05:30,10087
19022,2013-11-20T00:00:00.000+05:30,5519
48160,2014-05-19T00:00:00.000+05:30,4882
6090,2013-09-01T00:00:00.000+05:30,136
58412,2013-08-19T00:00:00.000+05:30,5318
65361,2014-05-10T00:00:00.000+05:30,4376
68460,2014-05-17T00:00:00.000+05:30,10096
43305,2014-04-19T00:00:00.000+05:30,1349
10377,2013-09-27T00:00:00.000+05:30,1054
42542,2014-04-13T00:00:00.000+05:30,542
268,2013-07-26T00:00:00.000+05:30,5578
38831,2014-03-21T00:00:00.000+05:30,6321
44509,2014-04-26T00:00:00.000+05:30,2919
4503,2013-08-21T00:00:00.000+05:30,10372
16122,2013-11-04T00:00:00.000+05:30,12309
48463,2014-05-21T00:00:00.000+05:30,10517
2285,2013-08-06T00:00:00.000+05:30,734
30443,2014-01-30T00:00:00.000+05:30,11728
43695,2014-04-21T00:00:00.000+05:30,9549
55100,2014-07-08T00:00:00.000+05:30,8772
36436,2014-03-05T00:00:00.000+05:30,6377
23180,2013-12-15T00:00:00.000+05:30,1981
36951,2014-03-10T00:00:00.000+05:30,2219
60422,2013-11-05T00:00:00.000+05:30,7029
29425,2014-01-22T00:00:00.000+05:30,11310
60119,2013-10-25T00:00:00.000+05:30,3078
51973,2014-06-16T00:00:00.000+05:30,12082
15193,2013-10-29T00:00:00.000+05:30,8106
7846,2013-09-11T00:00:00.000+05:30,7336
53007,2014-06-24T00:00:00.000+05:30,10774
542,2013-07-28T00:00:00.000+05:30,597
57728,2014-07-24T00:00:00.000+05:30,822
18925,2013-11-19T00:00:00.000+05:30,9022
10207,2013-09-26T00:00:00.000+05:30,1787
38611,2014-03-20T00:00:00.000+05:30,1394
34729,2014-02-24T00:00:00.000+05:30,10142
64779,2014-04-19T00:00:00.000+05:30,3355
58220,2013-08-12T00:00:00.000+05:30,8372
32387,2014-02-10T00:00:00.000+05:30,9831
56218,2014-07-15T00:00:00.000+05:30,11411
63655,2014-03-05T00:00:00.000+05:30,4191
22618,2013-12-11T00:00:00.000+05:30,569
9354,2013-09-22T00:00:00.000+05:30,7273
12874,2013-10-12T00:00:00.000+05:30,12160
14498,2013-10-24T00:00:00.000+05:30,1158
36199,2014-03-04T00:00:00.000+05:30,12352
28770,2014-01-19T00:00:00.000+05:30,1134
62036,2014-01-06T00:00:00.000+05:30,6982
15752,2013-11-02T00:00:00.000+05:30,11574
13400,2013-10-15T00:00:00.000+05:30,1308
39617,2014-03-26T00:00:00.000+05:30,9988
47862,2014-05-17T00:00:00.000+05:30,3259
68274,2014-03-25T00:00:00.000+05:30,12119
1275,2013-07-31T00:00:00.000+05:30,8091
38693,2014-03-20T00:00:00.000+05:30,10010
48870,2014-05-24T00:00:00.000+05:30,10376
50782,2014-06-08T00:00:00.000+05:30,4198
29271,2014-01-21T00:00:00.000+05:30,7800
53442,2014-06-26T00:00:00.000+05:30,4411
28151,2014-01-15T00:00:00.000+05:30,10325
64137,2014-03-25T00:00:00.000+05:30,10391
50164,2014-06-04T00:00:00.000+05:30,1389
8806,2013-09-18T00:00:00.000+05:30,767
45871,2014-05-06T00:00:00.000+05:30,11344
15163,2013-10-29T00:00:00.000+05:30,7342
41547,2014-04-07T00:00:00.000+05:30,9952
59027,2013-09-12T00:00:00.000+05:30,5466
64421,2014-04-06T00:00:00.000+05:30,10803
52732,2014-06-20T00:00:00.000+05:30,842
13026,2013-10-13T00:00:00.000+05:30,7031
21641,2013-12-05T00:00:00.000+05:30,9317
13869,2013-10-19T00:00:00.000+05:30,8061
5826,2013-08-29T00:00:00.000+05:30,10689
8316,2013-09-14T00:00:00.000+05:30,8191
22338,2013-12-09T00:00:00.000+05:30,11575
16101,2013-11-04T00:00:00.000+05:30,6031
18522,2013-11-17T00:00:00.000+05:30,11516
52226,2014-06-17T00:00:00.000+05:30,1240
37167,2014-03-11T00:00:00.000+05:30,7401
67739,2013-10-25T00:00:00.000+05:30,5104
67029,2014-07-11T00:00:00.000+05:30,4707
53689,2014-06-28T00:00:00.000+05:30,5865
41066,2014-04-03T00:00:00.000+05:30,10503
1966,2013-08-04T00:00:00.000+05:30,1992
16125,2013-11-04T00:00:00.000+05:30,5733
5860,2013-08-30T00:00:00.000+05:30,11645
9268,2013-09-21T00:00:00.000+05:30,11302
21823,2013-12-06T00:00:00.000+05:30,2848
25900,2014-01-01T00:00:00.000+05:30,2382
59529,2013-10-02T00:00:00.000+05:30,11785
53441,2014-06-26T00:00:00.000+05:30,1345
37759,2014-03-14T00:00:00.000+05:30,4596
10889,2013-09-30T00:00:00.000+05:30,6723
58050,2013-08-05T00:00:00.000+05:30,6833
13532,2013-10-16T00:00:00.000+05:30,7081
34231,2014-02-20T00:00:00.000+05:30,3630
18763,2013-11-18T00:00:00.000+05:30,3433
26006,2014-01-02T00:00:00.000+05:30,7999
29632,2014-01-23T00:00:00.000+05:30,7312
44643,2014-04-27T00:00:00.000+05:30,8522
50455,2014-06-06T00:00:00.000+05:30,10317
39066,2014-03-23T00:00:00.000+05:30,11252
20441,2013-11-29T00:00:00.000+05:30,9213
28845,2014-01-19T00:00:00.000+05:30,3740
63236,2014-02-16T00:00:00.000+05:30,9969
35861,2014-03-02T00:00:00.000+05:30,9702
23736,2013-12-19T00:00:00.000+05:30,4787
19191,2013-11-21T00:00:00.000+05:30,7423
34295,2014-02-21T00:00:00.000+05:30,6425
51189,2014-06-10T00:00:00.000+05:30,7081
24408,2013-12-23T00:00:00.000+05:30,5799
22210,2013-12-07T00:00:00.000+05:30,6001
46668,2014-05-10T00:00:00.000+05:30,2763
58503,2013-08-23T00:00:00.000+05:30,8608
61319,2013-12-10T00:00:00.000+05:30,9321
26473,2014-01-05T00:00:00.000+05:30,4408
32901,2014-02-13T00:00:00.000+05:30,3304
5557,2013-08-27T00:00:00.000+05:30,2712
22568,2013-12-11T00:00:00.000+05:30,6012
50047,2014-06-02T00:00:00.000+05:30,7574
19682,2013-11-24T00:00:00.000+05:30,2403
865,2013-07-29T00:00:00.000+05:30,7052
44542,2014-04-27T00:00:00.000+05:30,5187
54282,2014-07-03T00:00:00.000+05:30,9901
384,2013-07-27T00:00:00.000+05:30,2610
33338,2014-02-16T00:00:00.000+05:30,316
32967,2014-02-13T00:00:00.000+05:30,9689
16426,2013-11-05T00:00:00.000+05:30,4803
55145,2014-07-08T00:00:00.000+05:30,818
32409,2014-02-10T00:00:00.000+05:30,11092
27782,2014-01-13T00:00:00.000+05:30,1043
38783,2014-03-21T00:00:00.000+05:30,12386
67188,2014-07-16T00:00:00.000+05:30,1149
44862,2014-04-29T00:00:00.000+05:30,890
42717,2014-04-15T00:00:00.000+05:30,5185
43898,2014-04-23T00:00:00.000+05:30,92
6619,2013-09-05T00:00:00.000+05:30,10870
42675,2014-04-14T00:00:00.000+05:30,5828
56072,2014-07-15T00:00:00.000+05:30,11073
45740,2014-05-05T00:00:00.000+05:30,5871
32821,2014-02-12T00:00:00.000+05:30,6185
25175,2013-12-27T00:00:00.000+05:30,5766
28110,2014-01-14T00:00:00.000+05:30,10474
35834,2014-03-02T00:00:00.000+05:30,9451
64398,2014-04-06T00:00:00.000+05:30,2523
42249,2014-04-11T00:00:00.000+05:30,7682
46150,2014-05-07T00:00:00.000+05:30,3812
51829,2014-06-14T00:00:00.000+05:30,7128
59284,2013-09-24T00:00:00.000+05:30,2430
57781,2013-07-25T00:00:00.000+05:30,6143
47924,2014-05-17T00:00:00.000+05:30,4695
35690,2014-03-01T00:00:00.000+05:30,309
15362,2013-10-31T00:00:00.000+05:30,10523
904,2013-07-30T00:00:00.000+05:30,5854
2061,2013-08-05T00:00:00.000+05:30,6369
17519,2013-11-11T00:00:00.000+05:30,10114
36478,2014-03-06T00:00:00.000+05:30,5470
30079,2014-01-28T00:00:00.000+05:30,8592
26843,2014-01-07T00:00:00.000+05:30,4484
10211,2013-09-26T00:00:00.000+05:30,11056
35021,2014-02-25T00:00:00.000+05:30,438
68247,2014-03-19T00:00:00.000+05:30,2435
30502,2014-01-30T00:00:00.000+05:30,8751
22001,2013-12-07T00:00:00.000+05:30,6378
19498,2013-11-23T00:00:00.000+05:30,5442
49418,2014-05-29T00:00:00.000+05:30,1758
31215,2014-02-03T00:00:00.000+05:30,3173
24164,2013-12-22T00:00:00.000+05:30,6701
16739,2013-11-06T00:00:00.000+05:30,5703
2365,2013-08-06T00:00:00.000+05:30,8786
46834,2014-05-11T00:00:00.000+05:30,4463
22213,2013-12-07T00:00:00.000+05:30,5566
44606,2014-04-27T00:00:00.000+05:30,1868
19688,2013-11-24T00:00:00.000+05:30,2703
6572,2013-09-04T00:00:00.000+05:30,12419
12386,2013-10-08T00:00:00.000+05:30,7305
12758,2013-10-11T00:00:00.000+05:30,4020
41020,2014-04-03T00:00:00.000+05:30,1321
10789,2013-09-29T00:00:00.000+05:30,3250
43487,2014-04-21T00:00:00.000+05:30,1574
51869,2014-06-15T00:00:00.000+05:30,11631
47097,2014-05-12T00:00:00.000+05:30,2563
16873,2013-11-07T00:00:00.000+05:30,373
34446,2014-02-22T00:00:00.000+05:30,9912
8749,2013-09-18T00:00:00.000+05:30,4037
14925,2013-10-27T00:00:00.000+05:30,1608
63073,2014-02-11T00:00:00.000+05:30,12154
60657,2013-11-16T00:00:00.000+05:30,10448
37802,2014-03-14T00:00:00.000+05:30,2127
10421,2013-09-27T00:00:00.000+05:30,820
4004,2013-08-17T00:00:00.000+05:30,8200
3418,2013-08-13T00:00:00.000+05:30,10568
2295,2013-08-06T00:00:00.000+05:30,10595
47031,2014-05-12T00:00:00.000+05:30,4661
21703,2013-12-05T00:00:00.000+05:30,11058
62282,2014-01-15T00:00:00.000+05:30,11799
1453,2013-08-01T00:00:00.000+05:30,4040
64072,2014-03-23T00:00:00.000+05:30,10854
31641,2014-02-06T00:00:00.000+05:30,2159
51660,2014-06-14T00:00:00.000+05:30,4815
22640,2013-12-11T00:00:00.000+05:30,3154
6691,2013-09-05T00:00:00.000+05:30,3161
67243,2014-07-18T00:00:00.000+05:30,9227
50982,2014-06-09T00:00:00.000+05:30,1219
17370,2013-11-10T00:00:00.000+05:30,1688
39683,2014-03-27T00:00:00.000+05:30,6055
51175,2014-06-10T00:00:00.000+05:30,9112
29092,2014-01-21T00:00:00.000+05:30,5594
52931,2014-06-23T00:00:00.000+05:30,10152
44455,2014-04-26T00:00:00.000+05:30,10176
10742,2013-09-29T00:00:00.000+05:30,5055
31266,2014-02-03T00:00:00.000+05:30,3578
56982,2014-07-20T00:00:00.000+05:30,7346
22540,2013-12-10T00:00:00.000+05:30,9833
5272,2013-08-25T00:00:00.000+05:30,5451
41172,2014-04-04T00:00:00.000+05:30,11452
39361,2014-03-25T00:00:00.000+05:30,6603
60822,2013-11-21T00:00:00.000+05:30,12200
52499,2014-06-19T00:00:00.000+05:30,5821
43455,2014-04-20T00:00:00.000+05:30,5317
53468,2014-06-27T00:00:00.000+05:30,3428
22600,2013-12-11T00:00:00.000+05:30,4787
4637,2013-08-22T00:00:00.000+05:30,5045
13468,2013-10-16T00:00:00.000+05:30,7777
20198,2013-11-27T00:00:00.000+05:30,2595
21418,2013-12-04T00:00:00.000+05:30,3743
55192,2014-07-09T00:00:00.000+05:30,9018
42864,2014-04-16T00:00:00.000+05:30,6024
5800,2013-08-29T00:00:00.000+05:30,7507
33809,2014-02-18T00:00:00.000+05:30,11358
16817,2013-11-07T00:00:00.000+05:30,6955
3628,2013-08-15T00:00:00.000+05:30,9247
24904,2013-12-26T00:00:00.000+05:30,3694
11534,2013-10-04T00:00:00.000+05:30,10710
25746,2013-12-31T00:00:00.000+05:30,1430
29378,2014-01-22T00:00:00.000+05:30,6102
6643,2013-09-05T00:00:00.000+05:30,3166
32025,2014-02-08T00:00:00.000+05:30,10578
6768,2013-09-05T00:00:00.000+05:30,475
24189,2013-12-22T00:00:00.000+05:30,6295
24505,2013-12-24T00:00:00.000+05:30,7948
53518,2014-06-27T00:00:00.000+05:30,5161
56310,2014-07-16T00:00:00.000+05:30,5290
66724,2014-06-29T00:00:00.000+05:30,11431
56295,2014-07-16T00:00:00.000+05:30,1438
43635,2014-04-21T00:00:00.000+05:30,4740
6559,2013-09-04T00:00:00.000+05:30,6460
22435,2013-12-09T00:00:00.000+05:30,6425
61,2013-07-25T00:00:00.000+05:30,4791
17309,2013-11-09T00:00:00.000+05:30,6499
34475,2014-02-22T00:00:00.000+05:30,90
49682,2014-05-31T00:00:00.000+05:30,8123
2405,2013-08-07T00:00:00.000+05:30,4163
28855,2014-01-19T00:00:00.000+05:30,5837
9098,2013-09-20T00:00:00.000+05:30,1655
64685,2014-04-15T00:00:00.000+05:30,6413
9728,2013-09-24T00:00:00.000+05:30,4639
42600,2014-04-13T00:00:00.000+05:30,11042
8933,2013-09-19T00:00:00.000+05:30,7164
51644,2014-06-14T00:00:00.000+05:30,9824
13113,2013-10-13T00:00:00.000+05:30,7980
16666,2013-11-06T00:00:00.000+05:30,6209
27272,2014-01-10T00:00:00.000+05:30,7862
11000,2013-09-30T00:00:00.000+05:30,4770
12392,2013-10-08T00:00:00.000+05:30,4475
57516,2014-07-23T00:00:00.000+05:30,4137
11991,2013-10-06T00:00:00.000+05:30,11470
50285,2014-06-05T00:00:00.000+05:30,4406
65031,2014-04-27T00:00:00.000+05:30,8652
64466,2014-04-07T00:00:00.000+05:30,4356
42029,2014-04-10T00:00:00.000+05:30,8306
21825,2013-12-06T00:00:00.000+05:30,3359
8734,2013-09-18T00:00:00.000+05:30,2248
68642,2014-07-08T00:00:00.000+05:30,6049
41075,2014-04-03T00:00:00.000+05:30,4916
52780,2014-06-21T00:00:00.000+05:30,4270
62837,2014-02-04T00:00:00.000+05:30,10493
29315,2014-01-22T00:00:00.000+05:30,11582
8497,2013-09-16T00:00:00.000+05:30,8
60067,2013-10-22T00:00:00.000+05:30,11308
62038,2014-01-06T00:00:00.000+05:30,3283
48502,2014-05-21T00:00:00.000+05:30,10124
56236,2014-07-15T00:00:00.000+05:30,7722
16184,2013-11-04T00:00:00.000+05:30,9475
34918,2014-02-25T00:00:00.000+05:30,6482
36230,2014-03-04T00:00:00.000+05:30,2790
28230,2014-01-15T00:00:00.000+05:30,11418
46040,2014-05-06T00:00:00.000+05:30,6987
43843,2014-04-23T00:00:00.000+05:30,7194
17944,2013-11-13T00:00:00.000+05:30,10193
45349,2014-05-02T00:00:00.000+05:30,11933
22709,2013-12-11T00:00:00.000+05:30,8466
12708,2013-10-11T00:00:00.000+05:30,5760
14126,2013-10-21T00:00:00.000+05:30,3728
63305,2014-02-20T00:00:00.000+05:30,3440
14329,2013-10-23T00:00:00.000+05:30,3336
54842,2014-07-07T00:00:00.000+05:30,7110
42906,2014-04-16T00:00:00.000+05:30,6215
61412,2013-12-13T00:00:00.000+05:30,2646
3380,2013-08-13T00:00:00.000+05:30,3519
56741,2014-07-19T00:00:00.000+05:30,11997
36078,2014-03-03T00:00:00.000+05:30,3557
20074,2013-11-26T00:00:00.000+05:30,11782
14049,2013-10-20T00:00:00.000+05:30,11979
64485,2014-04-08T00:00:00.000+05:30,11219
48039,2014-05-18T00:00:00.000+05:30,10508
38532,2014-03-19T00:00:00.000+05:30,10145
61022,2013-11-27T00:00:00.000+05:30,1295
43815,2014-04-22T00:00:00.000+05:30,12384
12767,2013-10-11T00:00:00.000+05:30,3523
30794,2014-02-01T00:00:00.000+05:30,6196
41796,2014-04-09T00:00:00.000+05:30,11120
660,2013-07-28T00:00:00.000+05:30,1932
21869,2013-12-06T00:00:00.000+05:30,12226
64356,2014-04-04T00:00:00.000+05:30,11180
36933,2014-03-10T00:00:00.000+05:30,7246
6778,2013-09-05T00:00:00.000+05:30,5066
28802,2014-01-19T00:00:00.000+05:30,5332
61954,2014-01-03T00:00:00.000+05:30,8067
56635,2014-07-18T00:00:00.000+05:30,7150
569,2013-07-28T00:00:00.000+05:30,8532
30967,2014-02-01T00:00:00.000+05:30,10791
56517,2014-07-17T00:00:00.000+05:30,5154
5599,2013-08-28T00:00:00.000+05:30,1607
40987,2014-04-03T00:00:00.000+05:30,4153
50978,2014-06-09T00:00:00.000+05:30,2423
22082,2013-12-07T00:00:00.000+05:30,10429
5578,2013-08-28T00:00:00.000+05:30,5218
24889,2013-12-26T00:00:00.000+05:30,3456
21749,2013-12-05T00:00:00.000+05:30,8947
29250,2014-01-21T00:00:00.000+05:30,6376
14364,2013-10-23T00:00:00.000+05:30,4427
47155,2014-05-13T00:00:00.000+05:30,3398
23394,2013-12-17T00:00:00.000+05:30,11756
58656,2013-08-28T00:00:00.000+05:30,4305
67897,2013-12-10T00:00:00.000+05:30,7550
47592,2014-05-15T00:00:00.000+05:30,1111
15581,2013-11-01T00:00:00.000+05:30,5821
7868,2013-09-11T00:00:00.000+05:30,3202
12504,2013-10-09T00:00:00.000+05:30,570
27949,2014-01-14T00:00:00.000+05:30,11080
1236,2013-07-31T00:00:00.000+05:30,1835
27363,2014-01-11T00:00:00.000+05:30,10541
54513,2014-07-04T00:00:00.000+05:30,5918
14408,2013-10-23T00:00:00.000+05:30,1936
2619,2013-08-08T00:00:00.000+05:30,3167
29834,2014-01-25T00:00:00.000+05:30,1147
52249,2014-06-17T00:00:00.000+05:30,7483
41421,2014-04-05T00:00:00.000+05:30,11553
20174,2013-11-27T00:00:00.000+05:30,584
16270,2013-11-04T00:00:00.000+05:30,11264
40208,2014-03-30T00:00:00.000+05:30,4388
22806,2013-12-12T00:00:00.000+05:30,6129
45016,2014-04-29T00:00:00.000+05:30,6339
42235,2014-04-11T00:00:00.000+05:30,9371
7373,2013-09-08T00:00:00.000+05:30,6425
52945,2014-06-23T00:00:00.000+05:30,9328
7820,2013-09-11T00:00:00.000+05:30,10804
58981,2013-09-10T00:00:00.000+05:30,7492
25496,2013-12-30T00:00:00.000+05:30,8492
19263,2013-11-22T00:00:00.000+05:30,4843
44534,2014-04-27T00:00:00.000+05:30,9522
27987,2014-01-14T00:00:00.000+05:30,5016
41881,2014-04-09T00:00:00.000+05:30,6553
65265,2014-05-06T00:00:00.000+05:30,5005
61053,2013-11-28T00:00:00.000+05:30,6797
22331,2013-12-09T00:00:00.000+05:30,9186
13903,2013-10-19T00:00:00.000+05:30,6317
52537,2014-06-19T00:00:00.000+05:30,1089
31184,2014-02-02T00:00:00.000+05:30,1733
10239,2013-09-26T00:00:00.000+05:30,7501
42224,2014-04-11T00:00:00.000+05:30,3513
67829,2013-11-20T00:00:00.000+05:30,8283
22186,2013-12-07T00:00:00.000+05:30,4695
972,2013-07-30T00:00:00.000+05:30,10255
31094,2014-02-02T00:00:00.000+05:30,8767
11031,2013-09-30T00:00:00.000+05:30,1345
11233,2013-10-02T00:00:00.000+05:30,9930
13873,2013-10-19T00:00:00.000+05:30,6424
24567,2013-12-24T00:00:00.000+05:30,3046
68273,2014-03-25T00:00:00.000+05:30,5970
24183,2013-12-22T00:00:00.000+05:30,1695
3343,2013-08-12T00:00:00.000+05:30,12289
68140,2014-02-16T00:00:00.000+05:30,9979
4389,2013-08-20T00:00:00.000+05:30,9871
53533,2014-06-27T00:00:00.000+05:30,10625
62332,2014-01-17T00:00:00.000+05:30,6257
59276,2013-09-24T00:00:00.000+05:30,1833
57284,2014-07-21T00:00:00.000+05:30,4964
44217,2014-04-25T00:00:00.000+05:30,999
16793,2013-11-07T00:00:00.000+05:30,2625
55967,2014-07-14T00:00:00.000+05:30,6473
15104,2013-10-28T00:00:00.000+05:30,756
55854,2014-07-13T00:00:00.000+05:30,2581
16058,2013-11-03T00:00:00.000+05:30,9182
17314,2013-11-09T00:00:00.000+05:30,1063
5831,2013-08-29T00:00:00.000+05:30,12027
52541,2014-06-19T00:00:00.000+05:30,11146
44898,2014-04-29T00:00:00.000+05:30,1940
2103,2013-08-05T00:00:00.000+05:30,9055
17311,2013-11-09T00:00:00.000+05:30,9295
67916,2013-12-17T00:00:00.000+05:30,11600
43697,2014-04-21T00:00:00.000+05:30,7465
3514,2013-08-14T00:00:00.000+05:30,8417
61245,2013-12-07T00:00:00.000+05:30,4552
34368,2014-02-21T00:00:00.000+05:30,481
56027,2014-07-14T00:00:00.000+05:30,6215
15057,2013-10-28T00:00:00.000+05:30,996
60158,2013-10-27T00:00:00.000+05:30,5332
51699,2014-06-14T00:00:00.000+05:30,2900
53806,2014-06-29T00:00:00.000+05:30,3578
16297,2013-11-04T00:00:00.000+05:30,5207
45022,2014-04-29T00:00:00.000+05:30,11735
17352,2013-11-10T00:00:00.000+05:30,10299
10363,2013-09-27T00:00:00.000+05:30,6446
21735,2013-12-05T00:00:00.000+05:30,4863
45562,2014-05-03T00:00:00.000+05:30,11588
17013,2013-11-08T00:00:00.000+05:30,793
31050,2014-02-02T00:00:00.000+05:30,8040
21595,2013-12-05T00:00:00.000+05:30,12124
32329,2014-02-10T00:00:00.000+05:30,3653
56345,2014-07-16T00:00:00.000+05:30,6186
9497,2013-09-23T00:00:00.000+05:30,5116
66072,2014-06-07T00:00:00.000+05:30,7256
7607,2013-09-10T00:00:00.000+05:30,3080
67732,2013-10-23T00:00:00.000+05:30,8905
36517,2014-03-06T00:00:00.000+05:30,1517
23842,2013-12-20T00:00:00.000+05:30,11841
39618,2014-03-26T00:00:00.000+05:30,9311
35095,2014-02-26T00:00:00.000+05:30,3794
38280,2014-03-18T00:00:00.000+05:30,5358
30113,2014-01-28T00:00:00.000+05:30,4008
35057,2014-02-25T00:00:00.000+05:30,10592
38250,2014-03-18T00:00:00.000+05:30,95
16840,2013-11-07T00:00:00.000+05:30,653
14069,2013-10-21T00:00:00.000+05:30,11549
64951,2014-04-25T00:00:00.000+05:30,11365
43777,2014-04-22T00:00:00.000+05:30,4932
66904,2014-07-06T00:00:00.000+05:30,8306
8406,2013-09-15T00:00:00.000+05:30,6057
44375,2014-04-26T00:00:00.000+05:30,3503
3597,2013-08-15T00:00:00.000+05:30,3900
61444,2013-12-14T00:00:00.000+05:30,2310
11074,2013-10-01T00:00:00.000+05:30,8204
9504,2013-09-23T00:00:00.000+05:30,2536
58881,2013-09-06T00:00:00.000+05:30,1261
18606,2013-11-17T00:00:00.000+05:30,4518
62835,2014-02-03T00:00:00.000+05:30,2041
29190,2014-01-21T00:00:00.000+05:30,1521
63975,2014-03-19T00:00:00.000+05:30,8210
60900,2013-11-24T00:00:00.000+05:30,5913
66485,2014-06-20T00:00:00.000+05:30,2704
45585,2014-05-03T00:00:00.000+05:30,2442
25467,2013-12-29T00:00:00.000+05:30,12267
39570,2014-03-26T00:00:00.000+05:30,1687
49239,2014-05-28T00:00:00.000+05:30,3162
17539,2013-11-11T00:00:00.000+05:30,6353
11103,2013-10-01T00:00:00.000+05:30,1392
58754,2013-09-01T00:00:00.000+05:30,6760
23419,2013-12-17T00:00:00.000+05:30,9571
211,2013-07-26T00:00:00.000+05:30,10372
55210,2014-07-09T00:00:00.000+05:30,1014
9656,2013-09-24T00:00:00.000+05:30,7323
6698,2013-09-05T00:00:00.000+05:30,1465
11434,2013-10-03T00:00:00.000+05:30,2201
101,2013-07-25T00:00:00.000+05:30,5116
68230,2014-03-13T00:00:00.000+05:30,3429
58931,2013-09-07T00:00:00.000+05:30,4948
24550,2013-12-24T00:00:00.000+05:30,836
39906,2014-03-28T00:00:00.000+05:30,6789
28894,2014-01-19T00:00:00.000+05:30,8026
45663,2014-05-04T00:00:00.000+05:30,2079
53276,2014-06-25T00:00:00.000+05:30,10726
53813,2014-06-29T00:00:00.000+05:30,5503
53775,2014-06-28T00:00:00.000+05:30,586
34443,2014-02-22T00:00:00.000+05:30,2742
18452,2013-11-16T00:00:00.000+05:30,11317
26021,2014-01-02T00:00:00.000+05:30,8700
23802,2013-12-20T00:00:00.000+05:30,8816
21701,2013-12-05T00:00:00.000+05:30,2528
49149,2014-05-27T00:00:00.000+05:30,276
45619,2014-05-04T00:00:00.000+05:30,4341
59933,2013-10-17T00:00:00.000+05:30,3494
52377,2014-06-18T00:00:00.000+05:30,9296
36198,2014-03-04T00:00:00.000+05:30,9749
54432,2014-07-03T00:00:00.000+05:30,11681
29694,2014-01-24T00:00:00.000+05:30,6752
42167,2014-04-10T00:00:00.000+05:30,240
10872,2013-09-30T00:00:00.000+05:30,10589
43733,2014-04-22T00:00:00.000+05:30,5473
17508,2013-11-11T00:00:00.000+05:30,2037
60059,2013-10-22T00:00:00.000+05:30,9403
2843,2013-08-10T00:00:00.000+05:30,2619
16402,2013-11-05T00:00:00.000+05:30,4901
56860,2014-07-19T00:00:00.000+05:30,10320
66474,2014-06-20T00:00:00.000+05:30,9662
6280,2013-09-02T00:00:00.000+05:30,9186
10620,2013-09-28T00:00:00.000+05:30,150
11238,2013-10-02T00:00:00.000+05:30,5175
17669,2013-11-11T00:00:00.000+05:30,10665
37918,2014-03-15T00:00:00.000+05:30,8314
42530,2014-04-13T00:00:00.000+05:30,11850
40844,2014-04-02T00:00:00.000+05:30,2464
25677,2013-12-31T00:00:00.000+05:30,2110
3096,2013-08-11T00:00:00.000+05:30,3495
40096,2014-03-30T00:00:00.000+05:30,10083
51594,2014-06-13T00:00:00.000+05:30,1225
62951,2014-02-08T00:00:00.000+05:30,6249
10225,2013-09-26T00:00:00.000+05:30,9842
16754,2013-11-06T00:00:00.000+05:30,8385
40235,2014-03-31T00:00:00.000+05:30,789
28001,2014-01-14T00:00:00.000+05:30,10948
3287,2013-08-12T00:00:00.000+05:30,8298
35251,2014-02-27T00:00:00.000+05:30,3596
10228,2013-09-26T00:00:00.000+05:30,12348
52712,2014-06-20T00:00:00.000+05:30,4529
5584,2013-08-28T00:00:00.000+05:30,10102
51186,2014-06-10T00:00:00.000+05:30,5924
68064,2014-01-27T00:00:00.000+05:30,8484
64348,2014-04-04T00:00:00.000+05:30,11267
46649,2014-05-10T00:00:00.000+05:30,9141
57383,2014-07-22T00:00:00.000+05:30,7402
55124,2014-07-08T00:00:00.000+05:30,5717
59234,2013-09-22T00:00:00.000+05:30,11942
23010,2013-12-14T00:00:00.000+05:30,4464
6407,2013-09-03T00:00:00.000+05:30,8586
28518,2014-01-17T00:00:00.000+05:30,9810
29367,2014-01-22T00:00:00.000+05:30,8421
45317,2014-05-02T00:00:00.000+05:30,2672
67987,2014-01-06T00:00:00.000+05:30,1021
18578,2013-11-17T00:00:00.000+05:30,8791
3153,2013-08-12T00:00:00.000+05:30,1171
10138,2013-09-26T00:00:00.000+05:30,7453
67216,2014-07-17T00:00:00.000+05:30,9058
20070,2013-11-26T00:00:00.000+05:30,3767
45861,2014-05-05T00:00:00.000+05:30,2038
56147,2014-07-15T00:00:00.000+05:30,6582
20547,2013-11-29T00:00:00.000+05:30,315
63198,2014-02-15T00:00:00.000+05:30,7080
14261,2013-10-23T00:00:00.000+05:30,3238
31301,2014-02-03T00:00:00.000+05:30,9350
52277,2014-06-18T00:00:00.000+05:30,5110
1012,2013-07-30T00:00:00.000+05:30,3245
4605,2013-08-22T00:00:00.000+05:30,5072
54860,2014-07-07T00:00:00.000+05:30,2553
33793,2014-02-18T00:00:00.000+05:30,4935
6077,2013-09-01T00:00:00.000+05:30,9119
42789,2014-04-15T00:00:00.000+05:30,2773
64029,2014-03-21T00:00:00.000+05:30,9003
61539,2013-12-17T00:00:00.000+05:30,4453
50506,2014-06-06T00:00:00.000+05:30,9260
14599,2013-10-25T00:00:00.000+05:30,1835
31850,2014-02-07T00:00:00.000+05:30,5634
37723,2014-03-14T00:00:00.000+05:30,7561
44063,2014-04-24T00:00:00.000+05:30,7850
56382,2014-07-16T00:00:00.000+05:30,12104
67570,2013-09-03T00:00:00.000+05:30,6740
10929,2013-09-30T00:00:00.000+05:30,8939
17460,2013-11-10T00:00:00.000+05:30,11833
16796,2013-11-07T00:00:00.000+05:30,1069
17908,2013-11-13T00:00:00.000+05:30,1903
5171,2013-08-25T00:00:00.000+05:30,8225
2390,2013-08-06T00:00:00.000+05:30,2864
14119,2013-10-21T00:00:00.000+05:30,5358
262,2013-07-26T00:00:00.000+05:30,11475
17843,2013-11-12T00:00:00.000+05:30,5003
25567,2013-12-30T00:00:00.000+05:30,7249
8610,2013-09-17T00:00:00.000+05:30,9739
57315,2014-07-21T00:00:00.000+05:30,2604
36995,2014-03-10T00:00:00.000+05:30,3714
2069,2013-08-05T00:00:00.000+05:30,1466
66981,2014-07-08T00:00:00.000+05:30,11221
57416,2014-07-22T00:00:00.000+05:30,11316
9880,2013-09-25T00:00:00.000+05:30,6090
7168,2013-09-07T00:00:00.000+05:30,6691
11630,2013-10-04T00:00:00.000+05:30,2041
28392,2014-01-16T00:00:00.000+05:30,4026
1903,2013-08-04T00:00:00.000+05:30,10495
32130,2014-02-09T00:00:00.000+05:30,11062
38534,2014-03-19T00:00:00.000+05:30,1961
62021,2014-01-05T00:00:00.000+05:30,2244
27394,2014-01-11T00:00:00.000+05:30,11741
37135,2014-03-11T00:00:00.000+05:30,6971
42691,2014-04-14T00:00:00.000+05:30,8097
13583,2013-10-17T00:00:00.000+05:30,5907
62295,2014-01-16T00:00:00.000+05:30,10814
66191,2014-06-11T00:00:00.000+05:30,6196
64429,2014-04-07T00:00:00.000+05:30,7209
48044,2014-05-18T00:00:00.000+05:30,5776
45852,2014-05-05T00:00:00.000+05:30,6732
45550,2014-05-03T00:00:00.000+05:30,1340
22688,2013-12-11T00:00:00.000+05:30,4382
22423,2013-12-09T00:00:00.000+05:30,12187
37479,2014-03-12T00:00:00.000+05:30,6032
22306,2013-12-08T00:00:00.000+05:30,10746
45530,2014-05-03T00:00:00.000+05:30,8688
28746,2014-01-18T00:00:00.000+05:30,442
22642,2013-12-11T00:00:00.000+05:30,8273
24958,2013-12-26T00:00:00.000+05:30,5876
9949,2013-09-25T00:00:00.000+05:30,2736
52571,2014-06-19T00:00:00.000+05:30,10982
16012,2013-11-03T00:00:00.000+05:30,12406
30230,2014-01-28T00:00:00.000+05:30,7468
55214,2014-07-09T00:00:00.000+05:30,11305
32859,2014-02-13T00:00:00.000+05:30,1285
44754,2014-04-28T00:00:00.000+05:30,3376
59519,2013-10-02T00:00:00.000+05:30,2427
42059,2014-04-10T00:00:00.000+05:30,4186
12552,2013-10-10T00:00:00.000+05:30,8065
20681,2013-11-30T00:00:00.000+05:30,4512
31513,2014-02-05T00:00:00.000+05:30,4725
46086,2014-05-06T00:00:00.000+05:30,5493
57386,2014-07-22T00:00:00.000+05:30,9710
25208,2013-12-28T00:00:00.000+05:30,4807
30477,2014-01-30T00:00:00.000+05:30,11693
1295,2013-07-31T00:00:00.000+05:30,611
1156,2013-07-31T00:00:00.000+05:30,4725
5970,2013-08-31T00:00:00.000+05:30,1231
6408,2013-09-03T00:00:00.000+05:30,3879
47328,2014-05-14T00:00:00.000+05:30,7278
10590,2013-09-28T00:00:00.000+05:30,12255
11315,2013-10-03T00:00:00.000+05:30,8842
27246,2014-01-10T00:00:00.000+05:30,6602
54864,2014-07-07T00:00:00.000+05:30,10216
28537,2014-01-17T00:00:00.000+05:30,4125
38517,2014-03-19T00:00:00.000+05:30,9160
59417,2013-09-28T00:00:00.000+05:30,3737
62666,2014-01-28T00:00:00.000+05:30,9193
8591,2013-09-17T00:00:00.000+05:30,8668
44980,2014-04-29T00:00:00.000+05:30,7649
66557,2014-06-22T00:00:00.000+05:30,2753
27551,2014-01-11T00:00:00.000+05:30,8299
52663,2014-06-20T00:00:00.000+05:30,8665
60506,2013-11-09T00:00:00.000+05:30,11287
38503,2014-03-19T00:00:00.000+05:30,1677
5142,2013-08-25T00:00:00.000+05:30,10194
47191,2014-05-13T00:00:00.000+05:30,3658
15611,2013-11-01T00:00:00.000+05:30,93
46806,2014-05-11T00:00:00.000+05:30,5711
18154,2013-11-14T00:00:00.000+05:30,5082
2531,2013-08-07T00:00:00.000+05:30,6080
21165,2013-12-02T00:00:00.000+05:30,6025
50706,2014-06-08T00:00:00.000+05:30,154
51038,2014-06-09T00:00:00.000+05:30,4654
57015,2014-07-20T00:00:00.000+05:30,3816
21655,2013-12-05T00:00:00.000+05:30,7883
40653,2014-04-01T00:00:00.000+05:30,5583
52068,2014-06-16T00:00:00.000+05:30,7120
9999,2013-09-25T00:00:00.000+05:30,1185
11466,2013-10-04T00:00:00.000+05:30,12040
35869,2014-03-03T00:00:00.000+05:30,7301
20744,2013-11-30T00:00:00.000+05:30,10795
21588,2013-12-05T00:00:00.000+05:30,426
29357,2014-01-22T00:00:00.000+05:30,2175
20186,2013-11-27T00:00:00.000+05:30,6781
30455,2014-01-30T00:00:00.000+05:30,9224
48004,2014-05-18T00:00:00.000+05:30,11624
6529,2013-09-04T00:00:00.000+05:30,10925
20638,2013-11-29T00:00:00.000+05:30,9666
23848,2013-12-20T00:00:00.000+05:30,11505
15824,2013-11-03T00:00:00.000+05:30,11379
61866,2013-12-30T00:00:00.000+05:30,7920
34570,2014-02-23T00:00:00.000+05:30,3159
39504,2014-03-26T00:00:00.000+05:30,2902
24043,2013-12-21T00:00:00.000+05:30,8445
30607,2014-01-31T00:00:00.000+05:30,9458
54255,2014-07-02T00:00:00.000+05:30,3220
3184,2013-08-12T00:00:00.000+05:30,4195
14003,2013-10-20T00:00:00.000+05:30,614
33272,2014-02-15T00:00:00.000+05:30,5028
12215,2013-10-08T00:00:00.000+05:30,3936
29927,2014-01-26T00:00:00.000+05:30,4709
52518,2014-06-19T00:00:00.000+05:30,3223
23050,2013-12-14T00:00:00.000+05:30,1651
46543,2014-05-09T00:00:00.000+05:30,6478
18151,2013-11-14T00:00:00.000+05:30,6187
22463,2013-12-10T00:00:00.000+05:30,10326
29355,2014-01-22T00:00:00.000+05:30,4796
55734,2014-07-12T00:00:00.000+05:30,5582
26405,2014-01-05T00:00:00.000+05:30,4795
49225,2014-05-28T00:00:00.000+05:30,1833
39223,2014-03-23T00:00:00.000+05:30,1815
60170,2013-10-28T00:00:00.000+05:30,10044
64962,2014-04-25T00:00:00.000+05:30,8149
50518,2014-06-07T00:00:00.000+05:30,2928
42012,2014-04-10T00:00:00.000+05:30,6969
14283,2013-10-23T00:00:00.000+05:30,5137
21750,2013-12-05T00:00:00.000+05:30,4660
1401,2013-08-01T00:00:00.000+05:30,267
30904,2014-02-01T00:00:00.000+05:30,11017
3483,2013-08-14T00:00:00.000+05:30,1094
60227,2013-10-30T00:00:00.000+05:30,1991
35659,2014-03-01T00:00:00.000+05:30,5442
12635,2013-10-10T00:00:00.000+05:30,1982
48645,2014-05-23T00:00:00.000+05:30,5858
641,2013-07-28T00:00:00.000+05:30,11558
11771,2013-10-05T00:00:00.000+05:30,10747
3468,2013-08-14T00:00:00.000+05:30,4657
36063,2014-03-03T00:00:00.000+05:30,2826
30272,2014-01-29T00:00:00.000+05:30,4827
55927,2014-07-14T00:00:00.000+05:30,1980
3221,2013-08-12T00:00:00.000+05:30,6512
28876,2014-01-19T00:00:00.000+05:30,8193
62623,2014-01-26T00:00:00.000+05:30,7348
20484,2013-11-29T00:00:00.000+05:30,7291
49827,2014-06-01T00:00:00.000+05:30,8496
53210,2014-06-25T00:00:00.000+05:30,10158
17214,2013-11-09T00:00:00.000+05:30,585
31611,2014-02-06T00:00:00.000+05:30,1911
56858,2014-07-19T00:00:00.000+05:30,3299
30346,2014-01-29T00:00:00.000+05:30,3883
45220,2014-05-01T00:00:00.000+05:30,7631
38029,2014-03-16T00:00:00.000+05:30,7533
14537,2013-10-24T00:00:00.000+05:30,6457
42969,2014-04-17T00:00:00.000+05:30,5505
20761,2013-11-30T00:00:00.000+05:30,345
38487,2014-03-19T00:00:00.000+05:30,568
67682,2013-10-07T00:00:00.000+05:30,8768
6276,2013-09-02T00:00:00.000+05:30,4831
18000,2013-11-13T00:00:00.000+05:30,7114
5130,2013-08-25T00:00:00.000+05:30,8610
14275,2013-10-23T00:00:00.000+05:30,1848
55282,2014-07-09T00:00:00.000+05:30,4814
30620,2014-01-31T00:00:00.000+05:30,6921
33438,2014-02-16T00:00:00.000+05:30,11275
35364,2014-02-28T00:00:00.000+05:30,1321
7626,2013-09-10T00:00:00.000+05:30,479
22283,2013-12-08T00:00:00.000+05:30,9037
39740,2014-03-27T00:00:00.000+05:30,7531
54624,2014-07-05T00:00:00.000+05:30,11439
43013,2014-04-17T00:00:00.000+05:30,6270
46226,2014-05-07T00:00:00.000+05:30,8091
54714,2014-07-05T00:00:00.000+05:30,3736
87,2013-07-25T00:00:00.000+05:30,3065
35455,2014-02-28T00:00:00.000+05:30,1368
54617,2014-07-05T00:00:00.000+05:30,10454
1296,2013-07-31T00:00:00.000+05:30,589
34253,2014-02-20T00:00:00.000+05:30,11422
53404,2014-06-26T00:00:00.000+05:30,5070
37079,2014-03-10T00:00:00.000+05:30,4375
2029,2013-08-05T00:00:00.000+05:30,4269
7228,2013-09-08T00:00:00.000+05:30,12307
49231,2014-05-28T00:00:00.000+05:30,5470
30684,2014-01-31T00:00:00.000+05:30,7881
16558,2013-11-06T00:00:00.000+05:30,6702
32154,2014-02-09T00:00:00.000+05:30,9442
14890,2013-10-27T00:00:00.000+05:30,7629
10774,2013-09-29T00:00:00.000+05:30,6882
7853,2013-09-11T00:00:00.000+05:30,2106
1723,2013-08-02T00:00:00.000+05:30,5451
39330,2014-03-24T00:00:00.000+05:30,8759
22246,2013-12-08T00:00:00.000+05:30,972
40849,2014-04-02T00:00:00.000+05:30,1143
10794,2013-09-29T00:00:00.000+05:30,3410
57616,2014-07-24T00:00:00.000+05:30,6545
6670,2013-09-05T00:00:00.000+05:30,11927
1371,2013-08-01T00:00:00.000+05:30,4799
42063,2014-04-10T00:00:00.000+05:30,11782
20711,2013-11-30T00:00:00.000+05:30,255
54254,2014-07-02T00:00:00.000+05:30,7566
8976,2013-09-19T00:00:00.000+05:30,11576
28195,2014-01-15T00:00:00.000+05:30,5721
48128,2014-05-19T00:00:00.000+05:30,2708
11740,2013-10-05T00:00:00.000+05:30,6084
43273,2014-04-19T00:00:00.000+05:30,2626
37957,2014-03-15T00:00:00.000+05:30,10833
53634,2014-06-27T00:00:00.000+05:30,2134
21003,2013-12-01T00:00:00.000+05:30,488
36343,2014-03-05T00:00:00.000+05:30,2560
6569,2013-09-04T00:00:00.000+05:30,2259
37390,2014-03-12T00:00:00.000+05:30,4892
66433,2014-06-19T00:00:00.000+05:30,8800
33711,2014-02-17T00:00:00.000+05:30,1764
3947,2013-08-17T00:00:00.000+05:30,12111
31985,2014-02-07T00:00:00.000+05:30,2429
50904,2014-06-09T00:00:00.000+05:30,2452
27587,2014-01-12T00:00:00.000+05:30,6367
18500,2013-11-16T00:00:00.000+05:30,5357
37592,2014-03-13T00:00:00.000+05:30,5933
22717,2013-12-11T00:00:00.000+05:30,8054
17209,2013-11-09T00:00:00.000+05:30,336
62947,2014-02-08T00:00:00.000+05:30,4775
38978,2014-03-22T00:00:00.000+05:30,4302
40438,2014-03-31T00:00:00.000+05:30,12097
52019,2014-06-16T00:00:00.000+05:30,8851
10829,2013-09-29T00:00:00.000+05:30,2925
52687,2014-06-20T00:00:00.000+05:30,3947
33773,2014-02-18T00:00:00.000+05:30,2942
46236,2014-05-07T00:00:00.000+05:30,3576
19237,2013-11-22T00:00:00.000+05:30,7794
59373,2013-09-26T00:00:00.000+05:30,1906
267,2013-07-26T00:00:00.000+05:30,6989
60919,2013-11-24T00:00:00.000+05:30,6047
1213,2013-07-31T00:00:00.000+05:30,9250
12980,2013-10-13T00:00:00.000+05:30,5011
14453,2013-10-24T00:00:00.000+05:30,2742
23433,2013-12-17T00:00:00.000+05:30,233
63980,2014-03-19T00:00:00.000+05:30,3699
1847,2013-08-03T00:00:00.000+05:30,9402
12692,2013-10-11T00:00:00.000+05:30,787
19708,2013-11-24T00:00:00.000+05:30,2409
55428,2014-07-10T00:00:00.000+05:30,6044
23894,2013-12-20T00:00:00.000+05:30,6516
19652,2013-11-23T00:00:00.000+05:30,7109
53271,2014-06-25T00:00:00.000+05:30,7597
68152,2014-02-18T00:00:00.000+05:30,2015
7948,2013-09-12T00:00:00.000+05:30,500
62198,2014-01-11T00:00:00.000+05:30,9932
51858,2014-06-15T00:00:00.000+05:30,10429
16186,2013-11-04T00:00:00.000+05:30,12053
66211,2014-06-11T00:00:00.000+05:30,5223
46876,2014-05-11T00:00:00.000+05:30,6826
3333,2013-08-12T00:00:00.000+05:30,10717
29552,2014-01-23T00:00:00.000+05:30,3735
12455,2013-10-09T00:00:00.000+05:30,3194
11825,2013-10-05T00:00:00.000+05:30,11090
51442,2014-06-13T00:00:00.000+05:30,10199
9267,2013-09-21T00:00:00.000+05:30,1406
44925,2014-04-29T00:00:00.000+05:30,3024
24740,2013-12-25T00:00:00.000+05:30,8201
60432,2013-11-06T00:00:00.000+05:30,9214
56318,2014-07-16T00:00:00.000+05:30,227
62741,2014-01-30T00:00:00.000+05:30,688
62351,2014-01-19T00:00:00.000+05:30,3083
37228,2014-03-11T00:00:00.000+05:30,19
57095,2014-07-20T00:00:00.000+05:30,4463
9468,2013-09-22T00:00:00.000+05:30,8744
61889,2013-12-31T00:00:00.000+05:30,6956
11616,2013-10-04T00:00:00.000+05:30,9848
45576,2014-05-03T00:00:00.000+05:30,623
40261,2014-03-31T00:00:00.000+05:30,9523
58357,2013-08-18T00:00:00.000+05:30,7963
51366,2014-06-12T00:00:00.000+05:30,6131
25023,2013-12-26T00:00:00.000+05:30,987
23231,2013-12-15T00:00:00.000+05:30,5674
36941,2014-03-10T00:00:00.000+05:30,4780
17136,2013-11-09T00:00:00.000+05:30,11640
2055,2013-08-05T00:00:00.000+05:30,7660
12881,2013-10-12T00:00:00.000+05:30,12360
