24642,2013-12-25T00:00:00.000+05:30,12,PAYMENT_REVIEW
38973,2014-03-22T00:00:00.000+05:30,52,PAYMENT_REVIEW
66386,2014-06-17T00:00:00.000+05:30,56,COMPLETE
68706,2013-08-20T00:00:00.000+05:30,130,COMPLETE
67419,2013-07-26T00:00:00.000+05:30,202,COMPLETE
66569,2014-06-23T00:00:00.000+05:30,232,COMPLETE
68034,2014-01-20T00:00:00.000+05:30,254,COMPLETE
10152,2013-09-26T00:00:00.000+05:30,265,PAYMENT_REVIEW
37737,2014-03-14T00:00:00.000+05:30,273,PAYMENT_REVIEW
27930,2014-01-14T00:00:00.000+05:30,282,PAYMENT_REVIEW
67118,2014-07-15T00:00:00.000+05:30,321,COMPLETE
67648,2013-09-23T00:00:00.000+05:30,321,COMPLETE
67387,2014-07-23T00:00:00.000+05:30,323,COMPLETE
68025,2014-01-17T00:00:00.000+05:30,363,COMPLETE
68505,2014-05-29T00:00:00.000+05:30,378,COMPLETE
15448,2013-10-31T00:00:00.000+05:30,406,PAYMENT_REVIEW
67147,2014-07-15T00:00:00.000+05:30,412,PAYMENT_REVIEW
67924,2013-12-19T00:00:00.000+05:30,416,COMPLETE
68844,2014-05-17T00:00:00.000+05:30,443,COMPLETE
67097,2014-07-14T00:00:00.000+05:30,447,COMPLETE
68300,2014-04-02T00:00:00.000+05:30,457,COMPLETE
67005,2014-07-09T00:00:00.000+05:30,473,COMPLETE
67845,2013-11-24T00:00:00.000+05:30,482,COMPLETE
68038,2014-01-21T00:00:00.000+05:30,508,COMPLETE
67045,2014-07-12T00:00:00.000+05:30,543,COMPLETE
68711,2013-09-01T00:00:00.000+05:30,543,COMPLETE
67393,2014-07-24T00:00:00.000+05:30,585,PROCESSING
67776,2013-11-03T00:00:00.000+05:30,619,COMPLETE
66606,2014-06-24T00:00:00.000+05:30,687,COMPLETE
68601,2014-06-27T00:00:00.000+05:30,687,PROCESSING
67557,2013-08-31T00:00:00.000+05:30,779,COMPLETE
67179,2014-07-16T00:00:00.000+05:30,783,COMPLETE
66377,2014-06-17T00:00:00.000+05:30,787,COMPLETE
68735,2013-10-21T00:00:00.000+05:30,788,COMPLETE
66652,2014-06-26T00:00:00.000+05:30,805,COMPLETE
67645,2013-09-22T00:00:00.000+05:30,816,COMPLETE
66596,2014-06-24T00:00:00.000+05:30,828,PROCESSING
857,2013-07-29T00:00:00.000+05:30,833,PAYMENT_REVIEW
12087,2013-10-06T00:00:00.000+05:30,849,PAYMENT_REVIEW
55784,2014-07-13T00:00:00.000+05:30,864,PAYMENT_REVIEW
56657,2014-07-18T00:00:00.000+05:30,867,PAYMENT_REVIEW
68138,2014-02-14T00:00:00.000+05:30,921,COMPLETE
68455,2014-05-15T00:00:00.000+05:30,921,PROCESSING
43053,2014-04-18T00:00:00.000+05:30,1129,PAYMENT_REVIEW
67034,2014-07-11T00:00:00.000+05:30,1158,COMPLETE
68837,2014-05-07T00:00:00.000+05:30,1223,COMPLETE
68194,2014-03-01T00:00:00.000+05:30,1228,COMPLETE
66667,2014-06-27T00:00:00.000+05:30,1245,COMPLETE
66853,2014-07-04T00:00:00.000+05:30,1260,COMPLETE
43583,2014-04-21T00:00:00.000+05:30,1294,PAYMENT_REVIEW
8086,2013-09-13T00:00:00.000+05:30,1310,PAYMENT_REVIEW
67422,2013-07-26T00:00:00.000+05:30,1327,PROCESSING
67244,2014-07-19T00:00:00.000+05:30,1355,PROCESSING
67451,2013-08-02T00:00:00.000+05:30,1376,COMPLETE
187,2013-07-26T00:00:00.000+05:30,1378,PAYMENT_REVIEW
67340,2014-07-22T00:00:00.000+05:30,1386,COMPLETE
35903,2014-03-03T00:00:00.000+05:30,1402,PAYMENT_REVIEW
67392,2014-07-24T00:00:00.000+05:30,1464,COMPLETE
19958,2013-11-25T00:00:00.000+05:30,1470,PAYMENT_REVIEW
8072,2013-09-13T00:00:00.000+05:30,1497,PAYMENT_REVIEW
68219,2014-03-08T00:00:00.000+05:30,1498,COMPLETE
26791,2014-01-07T00:00:00.000+05:30,1517,PAYMENT_REVIEW
66711,2014-06-28T00:00:00.000+05:30,1521,COMPLETE
66820,2014-07-03T00:00:00.000+05:30,1545,PAYMENT_REVIEW
67143,2014-07-15T00:00:00.000+05:30,1569,COMPLETE
46141,2014-05-07T00:00:00.000+05:30,1576,PAYMENT_REVIEW
38863,2014-03-22T00:00:00.000+05:30,1617,PAYMENT_REVIEW
68298,2014-04-01T00:00:00.000+05:30,1631,COMPLETE
57216,2014-07-21T00:00:00.000+05:30,1672,PAYMENT_REVIEW
48121,2014-05-19T00:00:00.000+05:30,1673,PAYMENT_REVIEW
2364,2013-08-06T00:00:00.000+05:30,1680,PAYMENT_REVIEW
68331,2014-04-09T00:00:00.000+05:30,1745,PROCESSING
67359,2014-07-23T00:00:00.000+05:30,1748,PROCESSING
7666,2013-09-10T00:00:00.000+05:30,1752,PAYMENT_REVIEW
68552,2014-06-13T00:00:00.000+05:30,1763,COMPLETE
68554,2014-06-13T00:00:00.000+05:30,1894,PROCESSING
66546,2014-06-22T00:00:00.000+05:30,1989,COMPLETE
67345,2014-07-22T00:00:00.000+05:30,1989,COMPLETE
1796,2013-08-03T00:00:00.000+05:30,2039,PAYMENT_REVIEW
68515,2014-06-02T00:00:00.000+05:30,2105,PROCESSING
2802,2013-08-10T00:00:00.000+05:30,2115,PAYMENT_REVIEW
68652,2014-07-10T00:00:00.000+05:30,2163,COMPLETE
17703,2013-11-12T00:00:00.000+05:30,2177,PAYMENT_REVIEW
64438,2014-04-07T00:00:00.000+05:30,2185,PAYMENT_REVIEW
66363,2014-06-16T00:00:00.000+05:30,2217,COMPLETE
68107,2014-02-07T00:00:00.000+05:30,2217,COMPLETE
67078,2014-07-13T00:00:00.000+05:30,2246,COMPLETE
68849,2014-05-23T00:00:00.000+05:30,2356,COMPLETE
68501,2014-05-28T00:00:00.000+05:30,2394,COMPLETE
67743,2013-10-26T00:00:00.000+05:30,2447,COMPLETE
67751,2013-10-28T00:00:00.000+05:30,2475,COMPLETE
66972,2014-07-08T00:00:00.000+05:30,2478,COMPLETE
16300,2013-11-04T00:00:00.000+05:30,2478,PAYMENT_REVIEW
66426,2014-06-19T00:00:00.000+05:30,2508,COMPLETE
38891,2014-03-22T00:00:00.000+05:30,2556,PAYMENT_REVIEW
68821,2014-04-05T00:00:00.000+05:30,2564,COMPLETE
66616,2014-06-25T00:00:00.000+05:30,2604,PROCESSING
68447,2014-05-14T00:00:00.000+05:30,2626,COMPLETE
67084,2014-07-13T00:00:00.000+05:30,2630,COMPLETE
53951,2014-06-30T00:00:00.000+05:30,2704,PAYMENT_REVIEW
62830,2014-02-03T00:00:00.000+05:30,2712,PAYMENT_REVIEW
15339,2013-10-31T00:00:00.000+05:30,2716,PAYMENT_REVIEW
67483,2013-08-11T00:00:00.000+05:30,2717,COMPLETE
64322,2014-04-03T00:00:00.000+05:30,2737,PAYMENT_REVIEW
68569,2014-06-19T00:00:00.000+05:30,2755,COMPLETE
61026,2013-11-27T00:00:00.000+05:30,2762,PAYMENT_REVIEW
68398,2014-04-28T00:00:00.000+05:30,2789,COMPLETE
66665,2014-06-27T00:00:00.000+05:30,2792,COMPLETE
22990,2013-12-13T00:00:00.000+05:30,2792,PAYMENT_REVIEW
68136,2014-02-14T00:00:00.000+05:30,2793,COMPLETE
68043,2014-01-22T00:00:00.000+05:30,2794,COMPLETE
63995,2014-03-19T00:00:00.000+05:30,2818,PAYMENT_REVIEW
67597,2013-09-10T00:00:00.000+05:30,2859,PAYMENT_REVIEW
66624,2014-06-25T00:00:00.000+05:30,2900,PROCESSING
68143,2014-02-16T00:00:00.000+05:30,2907,COMPLETE
68358,2014-04-18T00:00:00.000+05:30,2910,COMPLETE
6931,2013-09-06T00:00:00.000+05:30,2922,PAYMENT_REVIEW
67329,2014-07-22T00:00:00.000+05:30,2928,COMPLETE
6468,2013-09-03T00:00:00.000+05:30,2934,PAYMENT_REVIEW
44594,2014-04-27T00:00:00.000+05:30,2946,PAYMENT_REVIEW
67852,2013-11-25T00:00:00.000+05:30,2949,PROCESSING
66295,2014-06-14T00:00:00.000+05:30,2954,COMPLETE
67838,2013-11-23T00:00:00.000+05:30,2954,COMPLETE
55458,2014-07-10T00:00:00.000+05:30,2969,PAYMENT_REVIEW
67584,2013-09-06T00:00:00.000+05:30,2983,COMPLETE
52568,2014-06-19T00:00:00.000+05:30,2983,PAYMENT_REVIEW
68488,2014-05-23T00:00:00.000+05:30,2988,COMPLETE
68077,2014-01-31T00:00:00.000+05:30,2988,PROCESSING
66248,2014-06-12T00:00:00.000+05:30,3043,COMPLETE
8063,2013-09-13T00:00:00.000+05:30,3055,PAYMENT_REVIEW
66619,2014-06-25T00:00:00.000+05:30,3057,PROCESSING
55846,2014-07-13T00:00:00.000+05:30,3119,PAYMENT_REVIEW
67035,2014-07-11T00:00:00.000+05:30,3147,PROCESSING
27497,2014-01-11T00:00:00.000+05:30,3184,PAYMENT_REVIEW
68787,2014-01-20T00:00:00.000+05:30,3219,PROCESSING
2667,2013-08-08T00:00:00.000+05:30,3228,PAYMENT_REVIEW
24086,2013-12-21T00:00:00.000+05:30,3231,PAYMENT_REVIEW
6580,2013-09-04T00:00:00.000+05:30,3269,PAYMENT_REVIEW
35691,2014-03-01T00:00:00.000+05:30,3280,PAYMENT_REVIEW
43060,2014-04-18T00:00:00.000+05:30,3280,PAYMENT_REVIEW
66985,2014-07-08T00:00:00.000+05:30,3285,COMPLETE
67565,2013-09-01T00:00:00.000+05:30,3424,COMPLETE
68846,2014-05-20T00:00:00.000+05:30,3454,PROCESSING
37384,2014-03-12T00:00:00.000+05:30,3482,PAYMENT_REVIEW
67386,2014-07-23T00:00:00.000+05:30,3522,PROCESSING
67623,2013-09-16T00:00:00.000+05:30,3639,PROCESSING
29400,2014-01-22T00:00:00.000+05:30,3652,PAYMENT_REVIEW
53476,2014-06-27T00:00:00.000+05:30,3683,PAYMENT_REVIEW
68549,2014-06-12T00:00:00.000+05:30,3733,COMPLETE
66968,2014-07-07T00:00:00.000+05:30,3816,PROCESSING
68695,2013-07-30T00:00:00.000+05:30,3918,PROCESSING
68301,2014-04-02T00:00:00.000+05:30,3946,COMPLETE
66808,2014-07-02T00:00:00.000+05:30,3997,COMPLETE
66656,2014-06-26T00:00:00.000+05:30,3999,COMPLETE
66650,2014-06-26T00:00:00.000+05:30,4011,COMPLETE
52435,2014-06-19T00:00:00.000+05:30,4057,PAYMENT_REVIEW
68780,2014-01-06T00:00:00.000+05:30,4089,PROCESSING
66323,2014-06-14T00:00:00.000+05:30,4139,COMPLETE
17751,2013-11-12T00:00:00.000+05:30,4157,PAYMENT_REVIEW
66337,2014-06-15T00:00:00.000+05:30,4163,COMPLETE
67666,2013-09-30T00:00:00.000+05:30,4314,COMPLETE
59606,2013-10-04T00:00:00.000+05:30,4386,PAYMENT_REVIEW
67822,2013-11-18T00:00:00.000+05:30,4406,COMPLETE
9585,2013-09-23T00:00:00.000+05:30,4435,PAYMENT_REVIEW
67012,2014-07-10T00:00:00.000+05:30,4457,PROCESSING
68116,2014-02-10T00:00:00.000+05:30,4462,COMPLETE
66328,2014-06-14T00:00:00.000+05:30,4520,PAYMENT_REVIEW
67423,2013-07-27T00:00:00.000+05:30,4535,COMPLETE
66919,2014-07-06T00:00:00.000+05:30,4599,COMPLETE
26894,2014-01-07T00:00:00.000+05:30,4605,PAYMENT_REVIEW
68027,2014-01-18T00:00:00.000+05:30,4639,COMPLETE
68514,2014-06-01T00:00:00.000+05:30,4685,COMPLETE
7505,2013-09-09T00:00:00.000+05:30,4696,PAYMENT_REVIEW
55603,2014-07-12T00:00:00.000+05:30,4707,PAYMENT_REVIEW
47737,2014-05-16T00:00:00.000+05:30,4719,PAYMENT_REVIEW
68033,2014-01-20T00:00:00.000+05:30,4756,COMPLETE
68709,2013-08-30T00:00:00.000+05:30,4756,COMPLETE
39963,2014-03-29T00:00:00.000+05:30,4793,PAYMENT_REVIEW
2251,2013-08-06T00:00:00.000+05:30,4876,PAYMENT_REVIEW
66925,2014-07-06T00:00:00.000+05:30,4922,COMPLETE
16393,2013-11-05T00:00:00.000+05:30,4993,PAYMENT_REVIEW
29782,2014-01-25T00:00:00.000+05:30,4994,PAYMENT_REVIEW
67793,2013-11-08T00:00:00.000+05:30,5013,COMPLETE
17945,2013-11-13T00:00:00.000+05:30,5032,PAYMENT_REVIEW
66702,2014-06-28T00:00:00.000+05:30,5036,COMPLETE
26981,2014-01-09T00:00:00.000+05:30,5037,PAYMENT_REVIEW
34294,2014-02-21T00:00:00.000+05:30,5037,PAYMENT_REVIEW
67603,2013-09-11T00:00:00.000+05:30,5053,COMPLETE
64663,2014-04-15T00:00:00.000+05:30,5053,PAYMENT_REVIEW
67302,2014-07-20T00:00:00.000+05:30,5186,COMPLETE
67982,2014-01-04T00:00:00.000+05:30,5232,COMPLETE
27343,2014-01-11T00:00:00.000+05:30,5250,PAYMENT_REVIEW
27221,2014-01-10T00:00:00.000+05:30,5266,PAYMENT_REVIEW
31730,2014-02-06T00:00:00.000+05:30,5303,PAYMENT_REVIEW
66383,2014-06-17T00:00:00.000+05:30,5318,COMPLETE
49319,2014-05-28T00:00:00.000+05:30,5403,PAYMENT_REVIEW
67144,2014-07-15T00:00:00.000+05:30,5406,COMPLETE
17173,2013-11-09T00:00:00.000+05:30,5410,PAYMENT_REVIEW
68401,2014-04-29T00:00:00.000+05:30,5433,PROCESSING
68647,2014-07-09T00:00:00.000+05:30,5518,COMPLETE
64327,2014-04-03T00:00:00.000+05:30,5536,PAYMENT_REVIEW
7466,2013-09-09T00:00:00.000+05:30,5560,PAYMENT_REVIEW
34809,2014-02-24T00:00:00.000+05:30,5578,PAYMENT_REVIEW
67971,2013-12-31T00:00:00.000+05:30,5579,COMPLETE
68793,2014-01-30T00:00:00.000+05:30,5654,COMPLETE
67126,2014-07-15T00:00:00.000+05:30,5665,COMPLETE
67169,2014-07-16T00:00:00.000+05:30,5677,PROCESSING
40052,2014-03-30T00:00:00.000+05:30,5682,PAYMENT_REVIEW
66980,2014-07-08T00:00:00.000+05:30,5697,PROCESSING
66687,2014-06-27T00:00:00.000+05:30,5723,COMPLETE
16914,2013-11-07T00:00:00.000+05:30,5751,PAYMENT_REVIEW
39281,2014-03-24T00:00:00.000+05:30,5807,PAYMENT_REVIEW
50514,2014-06-07T00:00:00.000+05:30,5813,PAYMENT_REVIEW
66701,2014-06-28T00:00:00.000+05:30,5828,PROCESSING
66477,2014-06-20T00:00:00.000+05:30,5845,COMPLETE
67385,2014-07-23T00:00:00.000+05:30,5876,PROCESSING
54798,2014-07-06T00:00:00.000+05:30,5887,PAYMENT_REVIEW
68672,2014-07-18T00:00:00.000+05:30,5908,PROCESSING
68385,2014-04-24T00:00:00.000+05:30,5923,PROCESSING
12243,2013-10-08T00:00:00.000+05:30,5926,PAYMENT_REVIEW
68238,2014-03-15T00:00:00.000+05:30,5927,PROCESSING
42594,2014-04-13T00:00:00.000+05:30,5943,PAYMENT_REVIEW
68581,2014-06-22T00:00:00.000+05:30,6020,PROCESSING
66654,2014-06-26T00:00:00.000+05:30,6049,PROCESSING
40886,2014-04-02T00:00:00.000+05:30,6090,PAYMENT_REVIEW
66541,2014-06-22T00:00:00.000+05:30,6099,COMPLETE
57142,2014-07-20T00:00:00.000+05:30,6158,PAYMENT_REVIEW
22930,2013-12-13T00:00:00.000+05:30,6171,PAYMENT_REVIEW
68576,2014-06-20T00:00:00.000+05:30,6184,PROCESSING
68383,2014-04-24T00:00:00.000+05:30,6203,PROCESSING
68701,2013-08-12T00:00:00.000+05:30,6209,PROCESSING
13800,2013-10-19T00:00:00.000+05:30,6240,PAYMENT_REVIEW
56540,2014-07-18T00:00:00.000+05:30,6255,PAYMENT_REVIEW
68208,2014-03-04T00:00:00.000+05:30,6257,PROCESSING
57558,2014-07-23T00:00:00.000+05:30,6284,PAYMENT_REVIEW
67274,2014-07-20T00:00:00.000+05:30,6284,PROCESSING
66513,2014-06-21T00:00:00.000+05:30,6290,COMPLETE
67510,2013-08-19T00:00:00.000+05:30,6307,COMPLETE
67298,2014-07-20T00:00:00.000+05:30,6352,PROCESSING
67788,2013-11-07T00:00:00.000+05:30,6357,COMPLETE
43705,2014-04-21T00:00:00.000+05:30,6375,PAYMENT_REVIEW
68761,2013-12-04T00:00:00.000+05:30,6402,COMPLETE
46951,2014-05-12T00:00:00.000+05:30,6408,PAYMENT_REVIEW
20925,2013-12-01T00:00:00.000+05:30,6416,PAYMENT_REVIEW
36396,2014-03-05T00:00:00.000+05:30,6435,PAYMENT_REVIEW
63117,2014-02-13T00:00:00.000+05:30,6447,PAYMENT_REVIEW
68275,2014-03-25T00:00:00.000+05:30,6474,COMPLETE
67269,2014-07-20T00:00:00.000+05:30,6484,COMPLETE
68791,2014-01-27T00:00:00.000+05:30,6524,COMPLETE
66336,2014-06-15T00:00:00.000+05:30,6540,COMPLETE
34034,2014-02-19T00:00:00.000+05:30,6562,PAYMENT_REVIEW
68845,2014-05-18T00:00:00.000+05:30,6584,COMPLETE
39043,2014-03-22T00:00:00.000+05:30,6589,PAYMENT_REVIEW
66261,2014-06-13T00:00:00.000+05:30,6604,PAYMENT_REVIEW
68817,2014-03-27T00:00:00.000+05:30,6704,COMPLETE
14487,2013-10-24T00:00:00.000+05:30,6738,PAYMENT_REVIEW
19726,2013-11-24T00:00:00.000+05:30,6850,PAYMENT_REVIEW
66460,2014-06-19T00:00:00.000+05:30,6924,COMPLETE
67048,2014-07-12T00:00:00.000+05:30,6927,COMPLETE
68753,2013-11-15T00:00:00.000+05:30,6927,COMPLETE
37290,2014-03-11T00:00:00.000+05:30,6927,PAYMENT_REVIEW
47241,2014-05-13T00:00:00.000+05:30,6927,PAYMENT_REVIEW
68834,2014-05-01T00:00:00.000+05:30,6938,COMPLETE
57381,2014-07-22T00:00:00.000+05:30,6969,PAYMENT_REVIEW
31,2013-07-25T00:00:00.000+05:30,6983,PAYMENT_REVIEW
68430,2014-05-09T00:00:00.000+05:30,7085,COMPLETE
38162,2014-03-16T00:00:00.000+05:30,7097,PAYMENT_REVIEW
67214,2014-07-17T00:00:00.000+05:30,7146,COMPLETE
68779,2014-01-05T00:00:00.000+05:30,7172,PROCESSING
67831,2013-11-20T00:00:00.000+05:30,7174,COMPLETE
61709,2013-12-23T00:00:00.000+05:30,7184,PAYMENT_REVIEW
24211,2013-12-22T00:00:00.000+05:30,7196,PAYMENT_REVIEW
55559,2014-07-11T00:00:00.000+05:30,7199,PAYMENT_REVIEW
68373,2014-04-22T00:00:00.000+05:30,7224,COMPLETE
67066,2014-07-13T00:00:00.000+05:30,7231,PROCESSING
48751,2014-05-24T00:00:00.000+05:30,7238,PAYMENT_REVIEW
18826,2013-11-19T00:00:00.000+05:30,7271,PAYMENT_REVIEW
22928,2013-12-13T00:00:00.000+05:30,7285,PAYMENT_REVIEW
67264,2014-07-19T00:00:00.000+05:30,7288,COMPLETE
13009,2013-10-13T00:00:00.000+05:30,7318,PAYMENT_REVIEW
22509,2013-12-10T00:00:00.000+05:30,7436,PAYMENT_REVIEW
63734,2014-03-10T00:00:00.000+05:30,7436,PAYMENT_REVIEW
67191,2014-07-16T00:00:00.000+05:30,7447,COMPLETE
68637,2014-07-07T00:00:00.000+05:30,7447,PROCESSING
60670,2013-11-16T00:00:00.000+05:30,7448,PAYMENT_REVIEW
67054,2014-07-12T00:00:00.000+05:30,7508,COMPLETE
68042,2014-01-21T00:00:00.000+05:30,7511,COMPLETE
8998,2013-09-19T00:00:00.000+05:30,7548,PAYMENT_REVIEW
67840,2013-11-23T00:00:00.000+05:30,7549,COMPLETE
67860,2013-11-29T00:00:00.000+05:30,7549,COMPLETE
67881,2013-12-06T00:00:00.000+05:30,7554,COMPLETE
66259,2014-06-13T00:00:00.000+05:30,7575,COMPLETE
26828,2014-01-07T00:00:00.000+05:30,7582,PAYMENT_REVIEW
68139,2014-02-15T00:00:00.000+05:30,7602,COMPLETE
34130,2014-02-19T00:00:00.000+05:30,7639,PAYMENT_REVIEW
67529,2013-08-23T00:00:00.000+05:30,7694,COMPLETE
68201,2014-03-03T00:00:00.000+05:30,7695,COMPLETE
21405,2013-12-04T00:00:00.000+05:30,7772,PAYMENT_REVIEW
68725,2013-10-01T00:00:00.000+05:30,7795,PROCESSING
39457,2014-03-26T00:00:00.000+05:30,7808,PAYMENT_REVIEW
35729,2014-03-01T00:00:00.000+05:30,7812,PAYMENT_REVIEW
68823,2014-04-07T00:00:00.000+05:30,7864,COMPLETE
68127,2014-02-12T00:00:00.000+05:30,7880,COMPLETE
51149,2014-06-10T00:00:00.000+05:30,7880,PAYMENT_REVIEW
37586,2014-03-13T00:00:00.000+05:30,7885,PAYMENT_REVIEW
67371,2014-07-23T00:00:00.000+05:30,7958,COMPLETE
68826,2014-04-14T00:00:00.000+05:30,7958,PROCESSING
67305,2014-07-20T00:00:00.000+05:30,7982,COMPLETE
28707,2014-01-18T00:00:00.000+05:30,7994,PAYMENT_REVIEW
66286,2014-06-13T00:00:00.000+05:30,8060,COMPLETE
3298,2013-08-12T00:00:00.000+05:30,8071,PAYMENT_REVIEW
17272,2013-11-09T00:00:00.000+05:30,8081,PAYMENT_REVIEW
40251,2014-03-31T00:00:00.000+05:30,8085,PAYMENT_REVIEW
68306,2014-04-03T00:00:00.000+05:30,8086,COMPLETE
23345,2013-12-16T00:00:00.000+05:30,8101,PAYMENT_REVIEW
66496,2014-06-20T00:00:00.000+05:30,8195,COMPLETE
63279,2014-02-19T00:00:00.000+05:30,8205,PAYMENT_REVIEW
68456,2014-05-15T00:00:00.000+05:30,8208,COMPLETE
67562,2013-08-31T00:00:00.000+05:30,8246,COMPLETE
43847,2014-04-23T00:00:00.000+05:30,8256,PAYMENT_REVIEW
26288,2014-01-03T00:00:00.000+05:30,8321,PAYMENT_REVIEW
67241,2014-07-18T00:00:00.000+05:30,8397,COMPLETE
67219,2014-07-17T00:00:00.000+05:30,8416,COMPLETE
30690,2014-01-31T00:00:00.000+05:30,8431,PAYMENT_REVIEW
67801,2013-11-10T00:00:00.000+05:30,8487,COMPLETE
36233,2014-03-04T00:00:00.000+05:30,8491,PAYMENT_REVIEW
67750,2013-10-28T00:00:00.000+05:30,8497,COMPLETE
67919,2013-12-17T00:00:00.000+05:30,8516,COMPLETE
1947,2013-08-04T00:00:00.000+05:30,8521,PAYMENT_REVIEW
67991,2014-01-08T00:00:00.000+05:30,8535,COMPLETE
68636,2014-07-06T00:00:00.000+05:30,8537,PROCESSING
62111,2014-01-09T00:00:00.000+05:30,8628,PAYMENT_REVIEW
68535,2014-06-08T00:00:00.000+05:30,8652,COMPLETE
68604,2014-06-27T00:00:00.000+05:30,8652,COMPLETE
52808,2014-06-22T00:00:00.000+05:30,8657,PAYMENT_REVIEW
67988,2014-01-07T00:00:00.000+05:30,8712,PROCESSING
57730,2014-07-24T00:00:00.000+05:30,8758,PAYMENT_REVIEW
68831,2014-04-24T00:00:00.000+05:30,8763,COMPLETE
68406,2014-04-30T00:00:00.000+05:30,8833,COMPLETE
68856,2014-06-03T00:00:00.000+05:30,8853,PROCESSING
68480,2014-05-21T00:00:00.000+05:30,8859,COMPLETE
68122,2014-02-11T00:00:00.000+05:30,8861,COMPLETE
67521,2013-08-21T00:00:00.000+05:30,8883,COMPLETE
49012,2014-05-26T00:00:00.000+05:30,8921,PAYMENT_REVIEW
25192,2013-12-28T00:00:00.000+05:30,8926,PAYMENT_REVIEW
27941,2014-01-14T00:00:00.000+05:30,8926,PAYMENT_REVIEW
68364,2014-04-19T00:00:00.000+05:30,8929,COMPLETE
68057,2014-01-25T00:00:00.000+05:30,9015,COMPLETE
67174,2014-07-16T00:00:00.000+05:30,9043,COMPLETE
67644,2013-09-22T00:00:00.000+05:30,9051,COMPLETE
66703,2014-06-28T00:00:00.000+05:30,9076,COMPLETE
8058,2013-09-13T00:00:00.000+05:30,9076,PAYMENT_REVIEW
67304,2014-07-20T00:00:00.000+05:30,9099,COMPLETE
68041,2014-01-21T00:00:00.000+05:30,9139,COMPLETE
40005,2014-03-30T00:00:00.000+05:30,9153,PAYMENT_REVIEW
65412,2014-05-11T00:00:00.000+05:30,9184,PAYMENT_REVIEW
33651,2014-02-17T00:00:00.000+05:30,9187,PAYMENT_REVIEW
66487,2014-06-20T00:00:00.000+05:30,9234,COMPLETE
68395,2014-04-28T00:00:00.000+05:30,9263,COMPLETE
66729,2014-06-29T00:00:00.000+05:30,9270,COMPLETE
67105,2014-07-14T00:00:00.000+05:30,9313,COMPLETE
8048,2013-09-13T00:00:00.000+05:30,9314,PAYMENT_REVIEW
63113,2014-02-13T00:00:00.000+05:30,9317,PAYMENT_REVIEW
56576,2014-07-18T00:00:00.000+05:30,9320,PAYMENT_REVIEW
67283,2014-07-20T00:00:00.000+05:30,9328,PAYMENT_REVIEW
67816,2013-11-16T00:00:00.000+05:30,9357,COMPLETE
60858,2013-11-22T00:00:00.000+05:30,9415,PAYMENT_REVIEW
19112,2013-11-20T00:00:00.000+05:30,9488,PAYMENT_REVIEW
67660,2013-09-28T00:00:00.000+05:30,9542,COMPLETE
49521,2014-05-30T00:00:00.000+05:30,9597,PAYMENT_REVIEW
62653,2014-01-27T00:00:00.000+05:30,9603,PAYMENT_REVIEW
22820,2013-12-12T00:00:00.000+05:30,9667,PAYMENT_REVIEW
68283,2014-03-27T00:00:00.000+05:30,9697,PROCESSING
67009,2014-07-09T00:00:00.000+05:30,9715,COMPLETE
66630,2014-06-25T00:00:00.000+05:30,9743,PROCESSING
66684,2014-06-27T00:00:00.000+05:30,9784,COMPLETE
67655,2013-09-27T00:00:00.000+05:30,9805,COMPLETE
67684,2013-10-08T00:00:00.000+05:30,9862,COMPLETE
66578,2014-06-23T00:00:00.000+05:30,9864,PROCESSING
68513,2014-06-01T00:00:00.000+05:30,9897,COMPLETE
27379,2014-01-11T00:00:00.000+05:30,9924,PAYMENT_REVIEW
67962,2013-12-28T00:00:00.000+05:30,9931,COMPLETE
67478,2013-08-09T00:00:00.000+05:30,9948,COMPLETE
68403,2014-04-30T00:00:00.000+05:30,9957,COMPLETE
68220,2014-03-08T00:00:00.000+05:30,9962,COMPLETE
67411,2014-07-24T00:00:00.000+05:30,9988,COMPLETE
67263,2014-07-19T00:00:00.000+05:30,10032,PAYMENT_REVIEW
67300,2014-07-20T00:00:00.000+05:30,10088,PROCESSING
66302,2014-06-14T00:00:00.000+05:30,10105,COMPLETE
49481,2014-05-29T00:00:00.000+05:30,10170,PAYMENT_REVIEW
40368,2014-03-31T00:00:00.000+05:30,10202,PAYMENT_REVIEW
26562,2014-01-05T00:00:00.000+05:30,10213,PAYMENT_REVIEW
67492,2013-08-14T00:00:00.000+05:30,10289,PROCESSING
67142,2014-07-15T00:00:00.000+05:30,10375,COMPLETE
61926,2014-01-02T00:00:00.000+05:30,10393,PAYMENT_REVIEW
42334,2014-04-12T00:00:00.000+05:30,10407,PAYMENT_REVIEW
67894,2013-12-09T00:00:00.000+05:30,10413,COMPLETE
66264,2014-06-13T00:00:00.000+05:30,10467,COMPLETE
67839,2013-11-23T00:00:00.000+05:30,10516,COMPLETE
10008,2013-09-25T00:00:00.000+05:30,10516,PAYMENT_REVIEW
26926,2014-01-08T00:00:00.000+05:30,10525,PAYMENT_REVIEW
29134,2014-01-21T00:00:00.000+05:30,10576,PAYMENT_REVIEW
66890,2014-07-05T00:00:00.000+05:30,10583,COMPLETE
66550,2014-06-22T00:00:00.000+05:30,10610,COMPLETE
33602,2014-02-17T00:00:00.000+05:30,10627,PAYMENT_REVIEW
67611,2013-09-12T00:00:00.000+05:30,10632,COMPLETE
43782,2014-04-22T00:00:00.000+05:30,10662,PAYMENT_REVIEW
66361,2014-06-16T00:00:00.000+05:30,10711,COMPLETE
68858,2014-06-06T00:00:00.000+05:30,10744,COMPLETE
19056,2013-11-20T00:00:00.000+05:30,10750,PAYMENT_REVIEW
67513,2013-08-19T00:00:00.000+05:30,10772,COMPLETE
67347,2014-07-22T00:00:00.000+05:30,10772,PROCESSING
53513,2014-06-27T00:00:00.000+05:30,10785,PAYMENT_REVIEW
68267,2014-03-24T00:00:00.000+05:30,10796,COMPLETE
68344,2014-04-14T00:00:00.000+05:30,10809,COMPLETE
67349,2014-07-22T00:00:00.000+05:30,10815,COMPLETE
67999,2014-01-11T00:00:00.000+05:30,10815,COMPLETE
68297,2014-04-01T00:00:00.000+05:30,10844,COMPLETE
67966,2013-12-29T00:00:00.000+05:30,10891,COMPLETE
67884,2013-12-07T00:00:00.000+05:30,10918,COMPLETE
12937,2013-10-12T00:00:00.000+05:30,10938,PAYMENT_REVIEW
63273,2014-02-19T00:00:00.000+05:30,10985,PAYMENT_REVIEW
67958,2013-12-28T00:00:00.000+05:30,11005,COMPLETE
63686,2014-03-07T00:00:00.000+05:30,11005,PAYMENT_REVIEW
5132,2013-08-25T00:00:00.000+05:30,11047,PAYMENT_REVIEW
34699,2014-02-24T00:00:00.000+05:30,11107,PAYMENT_REVIEW
66514,2014-06-21T00:00:00.000+05:30,11108,COMPLETE
42685,2014-04-14T00:00:00.000+05:30,11111,PAYMENT_REVIEW
66647,2014-06-26T00:00:00.000+05:30,11156,PROCESSING
67827,2013-11-20T00:00:00.000+05:30,11169,COMPLETE
68799,2014-02-14T00:00:00.000+05:30,11190,COMPLETE
68832,2014-04-26T00:00:00.000+05:30,11203,PROCESSING
68529,2014-06-06T00:00:00.000+05:30,11309,COMPLETE
66805,2014-07-02T00:00:00.000+05:30,11317,COMPLETE
66421,2014-06-18T00:00:00.000+05:30,11341,COMPLETE
66893,2014-07-05T00:00:00.000+05:30,11341,COMPLETE
64714,2014-04-16T00:00:00.000+05:30,11352,PAYMENT_REVIEW
67975,2014-01-03T00:00:00.000+05:30,11362,PROCESSING
66314,2014-06-14T00:00:00.000+05:30,11377,COMPLETE
28028,2014-01-14T00:00:00.000+05:30,11377,PAYMENT_REVIEW
10610,2013-09-28T00:00:00.000+05:30,11448,PAYMENT_REVIEW
68605,2014-06-28T00:00:00.000+05:30,11454,COMPLETE
68589,2014-06-24T00:00:00.000+05:30,11503,COMPLETE
66018,2014-06-04T00:00:00.000+05:30,11503,PAYMENT_REVIEW
68224,2014-03-10T00:00:00.000+05:30,11547,PROCESSING
67424,2013-07-27T00:00:00.000+05:30,11615,COMPLETE
68212,2014-03-06T00:00:00.000+05:30,11615,COMPLETE
44705,2014-04-27T00:00:00.000+05:30,11618,PAYMENT_REVIEW
66797,2014-07-01T00:00:00.000+05:30,11695,PROCESSING
13241,2013-10-14T00:00:00.000+05:30,11698,PAYMENT_REVIEW
37371,2014-03-12T00:00:00.000+05:30,11699,PAYMENT_REVIEW
66878,2014-07-05T00:00:00.000+05:30,11700,PROCESSING
67993,2014-01-09T00:00:00.000+05:30,11703,PROCESSING
62597,2014-01-26T00:00:00.000+05:30,11736,PAYMENT_REVIEW
68103,2014-02-05T00:00:00.000+05:30,11748,COMPLETE
58257,2013-08-14T00:00:00.000+05:30,11784,PAYMENT_REVIEW
67656,2013-09-27T00:00:00.000+05:30,11889,PROCESSING
67978,2014-01-03T00:00:00.000+05:30,11901,COMPLETE
55055,2014-07-08T00:00:00.000+05:30,11978,PAYMENT_REVIEW
66927,2014-07-06T00:00:00.000+05:30,11983,COMPLETE
68311,2014-04-04T00:00:00.000+05:30,11983,COMPLETE
68588,2014-06-23T00:00:00.000+05:30,11985,COMPLETE
68009,2014-01-12T00:00:00.000+05:30,12053,COMPLETE
63453,2014-02-26T00:00:00.000+05:30,12060,PAYMENT_REVIEW
35525,2014-02-28T00:00:00.000+05:30,12095,PAYMENT_REVIEW
68119,2014-02-10T00:00:00.000+05:30,12112,PROCESSING
67814,2013-11-15T00:00:00.000+05:30,12117,COMPLETE
68278,2014-03-26T00:00:00.000+05:30,12240,COMPLETE
67458,2013-08-04T00:00:00.000+05:30,12245,COMPLETE
45710,2014-05-04T00:00:00.000+05:30,12256,PAYMENT_REVIEW
67234,2014-07-18T00:00:00.000+05:30,12266,COMPLETE
66741,2014-06-29T00:00:00.000+05:30,12326,COMPLETE
66561,2014-06-22T00:00:00.000+05:30,12345,COMPLETE
66510,2014-06-21T00:00:00.000+05:30,12358,COMPLETE
53720,2014-06-28T00:00:00.000+05:30,12382,PAYMENT_REVIEW
68712,2013-09-03T00:00:00.000+05:30,12401,COMPLETE
66776,2014-06-30T00:00:00.000+05:30,12413,PROCESSING
